u,v,start_node,end_node,weight,num_span,num_amp,span_length,optimization
1,2,1,2,211.6,3,3,70.53333333333333,"{'P_opt': np.float64(-13.806666666666668), 'gsnr': array([[32.02005275, 32.00261358, 31.99302181, 31.9856414 , 31.97963918,
        31.9743623 , 31.96955349, 31.96507336, 31.96083118, 31.95677065,
        31.95285001, 31.94903791, 31.94530107, 31.94162839, 31.93800826,
        31.93442676, 31.93087569, 31.92734874, 31.92383641, 31.92033644,
        31.91684555, 31.91335906, 31.90987249, 31.90638559, 31.90289168,
        31.89938586, 31.89586649, 31.89232937, 31.8887674 , 31.88517998,
        31.88155785, 31.87788339, 31.87403514, 31.87029609, 31.86654354,
        31.86276941, 31.85897254, 31.85515388, 31.85131919, 31.84747277,
        31.84361684, 31.83975681, 31.83588945, 31.83201525, 31.82813437,
        31.8242466 , 31.82035006, 31.8164432 , 31.8125231 , 31.80858741,
        31.80463441, 31.80065639, 31.79656513, 31.79254835, 31.78852618,
        31.7844852 , 31.78042144, 31.77633521, 31.77222145, 31.76808072,
        31.76391029, 31.75970611, 31.75546697, 31.75119445, 31.74688638,
        31.74254497, 31.73817086, 31.73376562, 31.72933269, 31.72488621,
        31.72042196, 31.7159498 , 31.71147681, 31.70690708, 31.70264613,
        31.69869857, 31.69530972, 31.69302651, 31.69331379, 31.70288199,
        32.11053443, 32.08472799, 32.06971812, 32.05771225, 32.04701394,
        32.03698879, 32.02733221, 32.01789157, 32.00855682, 31.99926357,
        31.98996612, 31.98062827, 31.97120944, 31.96170435, 31.9521005 ,
        31.9423852 , 31.9325517 , 31.92259724, 31.91250944, 31.90228956,
        31.89193308, 31.88142836, 31.87077544, 31.85997665, 31.84901614,
        31.83789925, 31.82662355, 31.81518306, 31.80357932, 31.79182014,
        31.77989251, 31.76780253, 31.75555395, 31.74314147, 31.73055137,
        31.71776191, 31.70457867, 31.69147858, 31.67826241, 31.66490085,
        31.65137632, 31.63769253, 31.62383919, 31.60981259, 31.5956019 ,
        31.58120866, 31.56661846, 31.55183844, 31.53686898, 31.5217108 ,
        31.50636355, 31.49084232, 31.47512679, 31.45922109, 31.44312534,
        31.4268313 , 31.4103207 , 31.3935335 , 31.3766731 , 31.35966368,
        31.3424961 , 31.32516346, 31.307674  , 31.29004635, 31.27228525,
        31.25440994, 31.23644416, 31.21840696, 31.2003116 , 31.18216617,
        31.16423986, 31.14652684, 31.12914717, 31.11232326, 31.09639539,
        31.08208809, 31.07060914, 31.06468683, 31.07121036, 31.12209307,
        29.86424348, 29.78253659, 29.73709842, 29.70171064, 29.67070685,
        29.64203559, 29.61470756, 29.58825606, 29.56231196, 29.53669015,
        29.51121537, 29.48578845, 29.46024163, 29.43457282, 29.40872744,
        29.38269527, 29.35644055, 29.32995368, 29.3032162 , 29.27619074,
        29.2488624 , 29.22120699, 29.19321577, 29.1648854 , 29.13619089,
        29.10717526, 29.07786611, 29.04827892, 29.01844558, 28.98841118,
        28.9581701 , 28.9277757 , 28.89724716, 28.86658661, 28.83581421,
        28.80492977, 28.77391112, 28.74274861, 28.7114385 , 28.6799732 ,
        28.64831932, 28.616514  , 28.58459685, 28.55283941, 28.52110568,
        28.48872859, 28.45559939, 28.42207514, 28.38816796, 28.35386656,
        28.31919223, 28.28416508, 28.24871549, 28.21286481, 28.17659153,
        28.13987998, 28.10276209, 28.06525068, 28.02723584, 27.98875296,
        27.94982569, 27.91047609, 27.87068269, 27.83045645, 27.7897604 ,
        27.74862142, 27.70704699, 27.66503236, 27.62256606, 27.579698  ,
        27.53646619, 27.49291859, 27.44912009, 27.40511884, 27.36092028,
        27.31658837, 27.27218531, 27.22772176, 27.18325004, 27.13884611,
        27.09448162, 27.0502429 , 27.00618879, 26.96243279, 26.91875314,
        26.87528612, 26.83231724, 26.78982566, 26.74790556, 26.70665029,
        26.66622222, 26.62681495, 26.58858783, 26.55178604, 26.5167213 ,
        26.48373143, 26.453295  , 26.42602503, 26.40217869, 26.38233831,
        26.36752899, 26.35929952, 26.35999945, 26.37339607, 26.40622009,
        26.47238144, 26.60845427, 26.98231316]]), 'osnr': array([[32.27604181, 32.2742672 , 32.27249822, 32.27073134, 32.26896604,
        32.26720192, 32.2654388 , 32.2636766 , 32.26191526, 32.26015475,
        32.25839504, 32.2566361 , 32.25487792, 32.25312049, 32.25136381,
        32.24960785, 32.24785262, 32.24609812, 32.24434432, 32.24259124,
        32.24083888, 32.23908721, 32.23733626, 32.235586  , 32.23383644,
        32.23208758, 32.23033941, 32.22859193, 32.22684513, 32.22509901,
        32.22335357, 32.2216088 , 32.21986461, 32.21812119, 32.21637845,
        32.2146364 , 32.21289503, 32.21115434, 32.20941433, 32.207675  ,
        32.20593637, 32.20419842, 32.20246116, 32.20072459, 32.1989887 ,
        32.1972535 , 32.19551899, 32.19378515, 32.192052  , 32.19031952,
        32.18858772, 32.18685659, 32.18512607, 32.18339628, 32.18166718,
        32.17993875, 32.17821098, 32.17648389, 32.17475746, 32.17303169,
        32.17130659, 32.16958214, 32.16785835, 32.16613522, 32.16441274,
        32.16269092, 32.16096976, 32.15924925, 32.1575294 , 32.15581022,
        32.1540917 , 32.15237385, 32.15065668, 32.14894011, 32.14722443,
        32.14550963, 32.14379588, 32.14208355, 32.14037364, 32.13867068,
        32.6284018 , 32.62668104, 32.62496757, 32.6232566 , 32.6215471 ,
        32.61983867, 32.61813113, 32.61642437, 32.61471834, 32.61301298,
        32.61130828, 32.6096042 , 32.60790072, 32.60619784, 32.60449554,
        32.60279383, 32.60109268, 32.59939211, 32.5976921 , 32.59599264,
        32.59429375, 32.5925954 , 32.5908976 , 32.58920035, 32.58750363,
        32.58580744, 32.5841118 , 32.58241668, 32.58072209, 32.57902803,
        32.5773345 , 32.57564149, 32.57394901, 32.57225704, 32.57056559,
        32.56887463, 32.56718404, 32.56549412, 32.56380475, 32.5621159 ,
        32.56042757, 32.55873975, 32.55705243, 32.5553656 , 32.55367927,
        32.55199343, 32.55030806, 32.54862318, 32.54693877, 32.54525484,
        32.54357138, 32.5418884 , 32.5402059 , 32.53852386, 32.53684228,
        32.53516116, 32.53348049, 32.53180021, 32.53012047, 32.52844121,
        32.52676243, 32.52508412, 32.52340629, 32.52172893, 32.52005206,
        32.51837569, 32.51669984, 32.51502451, 32.51334971, 32.51167546,
        32.51000195, 32.50832919, 32.50665726, 32.50498634, 32.5033167 ,
        32.50164891, 32.49998392, 32.49832389, 32.49667422, 32.49505958,
        30.98503229, 30.98329792, 30.98160123, 30.97991542, 30.97823465,
        30.97655681, 30.97488085, 30.97320629, 30.97153274, 30.96986   ,
        30.96818788, 30.96651628, 30.96484499, 30.96317401, 30.96150328,
        30.95983278, 30.95816246, 30.95649231, 30.9548223 , 30.95315238,
        30.95148251, 30.94981267, 30.94814283, 30.94647298, 30.94480308,
        30.94313318, 30.94146329, 30.93979342, 30.93812361, 30.93645391,
        30.93478429, 30.93311483, 30.93144553, 30.92977641, 30.92810746,
        30.9264387 , 30.92477008, 30.92310159, 30.92143321, 30.91976493,
        30.91809669, 30.91642854, 30.91476053, 30.91309302, 30.91142582,
        30.90975801, 30.90808938, 30.90642044, 30.90475117, 30.90308155,
        30.9014116 , 30.89974132, 30.89807059, 30.89639943, 30.89472779,
        30.89305562, 30.89138295, 30.88970977, 30.8880359 , 30.88636137,
        30.88468619, 30.88301037, 30.88133385, 30.87965662, 30.8779786 ,
        30.8762998 , 30.87462021, 30.87293979, 30.8712585 , 30.86957638,
        30.86789349, 30.86620988, 30.86452563, 30.86284082, 30.86115543,
        30.85946957, 30.85778333, 30.85609673, 30.85440984, 30.8527228 ,
        30.85103556, 30.84934828, 30.84766107, 30.84597416, 30.84428627,
        30.84259936, 30.84091317, 30.8392277 , 30.83754316, 30.83585976,
        30.8341779 , 30.83249804, 30.83082057, 30.82914609, 30.82747539,
        30.82580929, 30.82414898, 30.82249597, 30.82085099, 30.81921548,
        30.81759194, 30.81598407, 30.81439735, 30.81284046, 30.81132849,
        30.80989177, 30.80860692, 30.80780203]]), 'snr_nli': array([[44.44304771, 44.17542064, 44.04640218, 43.95543076, 43.88745496,
        43.83150424, 43.78326536, 43.74041753, 43.70146876, 43.66549464,
        43.63181776, 43.59993466, 43.56932841, 43.53981632, 43.5112132 ,
        43.48330588, 43.4559667 , 43.42909837, 43.40256041, 43.37631666,
        43.35031762, 43.32449538, 43.29878627, 43.27318553, 43.24760125,
        43.22196746, 43.1962632 , 43.17043393, 43.1443872 , 43.11811926,
        43.09151183, 43.06433943, 43.03502568, 43.00728196, 42.97949849,
        42.95157296, 42.92349361, 42.89527584, 42.86699546, 42.8387083 ,
        42.81044288, 42.78226688, 42.75413975, 42.72606746, 42.69805168,
        42.67008966, 42.64215872, 42.6142404 , 42.58630033, 42.55831173,
        42.53025578, 42.50204381, 42.47264896, 42.44427174, 42.41597363,
        42.38760013, 42.35910768, 42.3305027 , 42.30173071, 42.2728017 ,
        42.2436886 , 42.21435036, 42.18477849, 42.15499514, 42.12498131,
        42.09476581, 42.06436008, 42.03378526, 42.00308196, 41.97240302,
        41.94170458, 41.91109093, 41.88063531, 41.84934499, 41.82139971,
        41.79679287, 41.77797582, 41.77044853, 41.7891128 , 41.90403808,
        41.6025531 , 41.39111338, 41.27734708, 41.19059268, 41.11580622,
        41.04743091, 40.98282961, 40.92068506, 40.8600725 , 40.80045715,
        40.7414688 , 40.68282421, 40.62422062, 40.56562452, 40.50695191,
        40.44812167, 40.38909775, 40.32987353, 40.27037698, 40.21063202,
        40.15062287, 40.09028754, 40.02964372, 39.96872326, 39.90744056,
        39.84584826, 39.78394823, 39.72172065, 39.65919288, 39.596429  ,
        39.53336631, 39.47005783, 39.40654068, 39.34279833, 39.27876748,
        39.21434291, 39.14846639, 39.08381141, 39.01926242, 38.9546655 ,
        38.88993596, 38.82510442, 38.76012786, 38.69499897, 38.6296749 ,
        38.5641767 , 38.49844585, 38.4325318 , 38.36644927, 38.30021405,
        38.23383629, 38.16739745, 38.10081279, 38.03411231, 37.96730695,
        37.90037005, 37.83323216, 37.76564611, 37.69850519, 37.63147899,
        37.56453126, 37.49763666, 37.43083286, 37.36419785, 37.29775045,
        37.23156603, 37.16573414, 37.1003221 , 37.03537214, 36.97090489,
        36.90791935, 36.84635259, 36.78660754, 36.72944535, 36.67602682,
        36.62885518, 36.59209432, 36.57525524, 36.60274608, 36.79174982,
        36.29519805, 35.9523692 , 35.77238506, 35.63698814, 35.52141456,
        35.41681132, 35.31895961, 35.22584587, 35.13593879, 35.04845332,
        34.96268416, 34.87822783, 34.79446841, 34.71137989, 34.62876295,
        34.54657368, 34.4646875 , 34.38306946, 34.30165822, 34.22033631,
        34.13906102, 34.05776342, 33.97642418, 33.89504093, 33.81354771,
        33.73207889, 33.6507181 , 33.56951059, 33.4885453 , 33.40794333,
        33.32768152, 33.24789684, 33.16862871, 33.08986962, 33.01165932,
        32.93398311, 32.85677057, 32.77998576, 32.70360899, 32.62761162,
        32.55190275, 32.47656643, 32.40168916, 32.32790675, 32.25486869,
        32.18099593, 32.10606191, 32.03091743, 31.95559756, 31.8800833 ,
        31.80442899, 31.72868417, 31.65270023, 31.57653112, 31.50013672,
        31.42349065, 31.34666793, 31.26970079, 31.19236606, 31.11474669,
        31.03689873, 30.95887302, 30.88063148, 30.80220154, 30.72351547,
        30.64463209, 30.56557062, 30.48632619, 30.40688123, 30.32733408,
        30.24775757, 30.16824035, 30.08889921, 30.00981655, 29.93099496,
        29.8525418 , 29.77455788, 29.69705   , 29.62009779, 29.54381963,
        29.46815057, 29.39322412, 29.31912347, 29.2460221 , 29.17352675,
        29.10185024, 29.03144931, 28.96226428, 28.89442585, 28.82806088,
        28.76340569, 28.70074263, 28.64029418, 28.58241664, 28.52756683,
        28.47623691, 28.42913554, 28.38717593, 28.35070822, 28.32059359,
        28.29838457, 28.28645234, 28.28842995, 28.31020791, 28.3624486 ,
        28.46754816, 28.68577062, 29.30652445]]), 'max_oct': np.float64(404.20591669934635)}"
1,3,1,3,273.0,4,4,68.25,"{'P_opt': np.float64(-13.450000000000003), 'gsnr': array([[32.36656463, 32.34805739, 32.3379407 , 32.33018223, 32.32390236,
        32.31839752, 32.31339297, 32.30873984, 32.30434134, 32.30013733,
        32.29608325, 32.29214567, 32.28828918, 32.2845019 , 32.28077137,
        32.27708287, 32.27342758, 32.2697988 , 32.26618643, 32.26258801,
        32.25900005, 32.25541754, 32.25183575, 32.24825435, 32.24466626,
        32.24106625, 32.23745245, 32.23382019, 32.2301613 , 32.22647318,
        32.22273429, 32.21880808, 32.21500251, 32.21118611, 32.20734146,
        32.2034716 , 32.19957725, 32.19566001, 32.19172608, 32.18778009,
        32.18382435, 32.1798646 , 32.17589742, 32.17192335, 32.16794253,
        32.16395472, 32.15995785, 32.15595016, 32.15192814, 32.14788799,
        32.14381998, 32.13963786, 32.13553918, 32.13143527, 32.12731637,
        32.12317627, 32.11901221, 32.11482504, 32.11060966, 32.10636683,
        32.10209378, 32.09778636, 32.09344338, 32.08906662, 32.08465391,
        32.08020769, 32.07572875, 32.07121884, 32.06668155, 32.06213146,
        32.057562  , 32.05296976, 32.04822692, 32.04374465, 32.0394477 ,
        32.03547459, 32.03210438, 32.02992892, 32.03052728, 32.04113116,
        32.44534145, 32.41791829, 32.40211798, 32.38955493, 32.37840416,
        32.36798331, 32.35796511, 32.34818545, 32.33852633, 32.32891871,
        32.31931365, 32.30967249, 32.29995209, 32.2901468 , 32.28024329,
        32.27022821, 32.26009446, 32.24983907, 32.23944913, 32.22892601,
        32.21826501, 32.20745404, 32.19649322, 32.18538507, 32.17411316,
        32.16268321, 32.1510928 , 32.13933582, 32.12741387, 32.11533505,
        32.10308551, 32.09067113, 32.07809444, 32.06534542, 32.05238205,
        32.03901479, 32.02574689, 32.01237401, 31.99885033, 31.98517401,
        31.97133173, 31.95732908, 31.94315618, 31.92880978, 31.91427902,
        31.89956584, 31.88465554, 31.86955584, 31.85426714, 31.83879035,
        31.82312532, 31.80728751, 31.79125575, 31.77503378, 31.75861938,
        31.74198867, 31.72505924, 31.70807608, 31.69094363, 31.67364597,
        31.65618996, 31.63857141, 31.62079985, 31.60289494, 31.58486162,
        31.56671902, 31.54848841, 31.53016741, 31.51170403, 31.49347325,
        31.47538729, 31.45750585, 31.43997716, 31.42303472, 31.40702122,
        31.39266037, 31.38138066, 31.37583579, 31.3832022 , 31.43662535,
        30.18726298, 30.10303154, 30.05645667, 30.02031775, 29.98873846,
        29.95958754, 29.93186542, 29.90504995, 29.87879897, 29.85287667,
        29.82716112, 29.80149387, 29.77572655, 29.74983789, 29.72380434,
        29.69757911, 29.67115892, 29.64453023, 29.61764566, 29.59048662,
        29.56303852, 29.53527723, 29.5071896 , 29.47876969, 29.45000047,
        29.42092941, 29.39157902, 29.36196297, 29.33211849, 29.30209324,
        29.27187834, 29.24152336, 29.21104452, 29.18044901, 29.14975843,
        29.11897366, 29.0880735 , 29.05704962, 29.02590026, 28.99462217,
        28.96319247, 28.93168212, 28.90033742, 28.86903518, 28.83714828,
        28.80459097, 28.77160665, 28.73831466, 28.70468661, 28.67069886,
        28.63636731, 28.60170906, 28.56665371, 28.53122233, 28.49539299,
        28.45915002, 28.42252488, 28.38553016, 28.34805765, 28.31014343,
        28.27181047, 28.23308045, 28.19393272, 28.15437877, 28.11438237,
        28.07397037, 28.03315007, 27.99191721, 27.95026103, 27.90823129,
        27.86586569, 27.82321185, 27.78033446, 27.73728155, 27.69405906,
        27.6507304 , 27.60735656, 27.56394806, 27.52055623, 27.47725592,
        27.43401938, 27.39093224, 27.3480523 , 27.30549238, 27.26302975,
        27.22079709, 27.17907936, 27.13785462, 27.09721496, 27.05725151,
        27.01812349, 26.98002085, 26.94309996, 26.90760219, 26.87383378,
        26.84212677, 26.81295012, 26.78690955, 26.76426791, 26.74561163,
        26.73195966, 26.72484857, 26.72660788, 26.74097208, 26.77461226,
        26.84131296, 26.97731178, 27.3488916 ]]), 'osnr': array([[32.63426802, 32.63249354, 32.63072463, 32.62895781, 32.62719256,
        32.62542847, 32.62366538, 32.62190322, 32.62014191, 32.61838143,
        32.61662174, 32.61486284, 32.61310468, 32.61134728, 32.60959062,
        32.6078347 , 32.6060795 , 32.60432502, 32.60257125, 32.60081821,
        32.59906587, 32.59731423, 32.59556331, 32.59381308, 32.59206356,
        32.59031472, 32.58856659, 32.58681914, 32.58507237, 32.58332629,
        32.58158088, 32.57983605, 32.57809199, 32.57634862, 32.57460593,
        32.57286392, 32.5711226 , 32.56938195, 32.56764199, 32.56590271,
        32.56416412, 32.56242622, 32.56068901, 32.55895249, 32.55721665,
        32.5554815 , 32.55374703, 32.55201324, 32.55028014, 32.54854771,
        32.54681595, 32.54508481, 32.5433544 , 32.54162468, 32.53989564,
        32.53816726, 32.53643956, 32.53471252, 32.53298615, 32.53126044,
        32.5295354 , 32.52781102, 32.52608729, 32.52436423, 32.52264182,
        32.52092007, 32.51919898, 32.51747854, 32.51575877, 32.51403966,
        32.51232122, 32.51060344, 32.50888624, 32.50716987, 32.5054543 ,
        32.5037396 , 32.50202595, 32.50031372, 32.49860391, 32.49690102,
        32.9866329 , 32.98491232, 32.98319901, 32.9814882 , 32.97977885,
        32.97807058, 32.97636319, 32.9746566 , 32.97295073, 32.97124555,
        32.96954102, 32.96783712, 32.96613382, 32.96443113, 32.96272903,
        32.96102751, 32.95932657, 32.95762621, 32.95592641, 32.95422718,
        32.95252852, 32.9508304 , 32.94913284, 32.94743583, 32.94573937,
        32.94404345, 32.94234807, 32.94065322, 32.93895891, 32.93726515,
        32.93557191, 32.9338792 , 32.93218702, 32.93049537, 32.92880421,
        32.92711343, 32.92542334, 32.92373381, 32.92204481, 32.92035634,
        32.91866839, 32.91698095, 32.91529403, 32.91360761, 32.91192169,
        32.91023628, 32.90855135, 32.90686691, 32.90518295, 32.90349949,
        32.90181651, 32.90013403, 32.89845202, 32.89677049, 32.89508944,
        32.89340884, 32.89172864, 32.89004901, 32.88836986, 32.88669121,
        32.88501303, 32.88333534, 32.88165813, 32.87998142, 32.87830521,
        32.8766295 , 32.87495432, 32.87327966, 32.87160548, 32.86993205,
        32.8682593 , 32.86658727, 32.86491609, 32.8632459 , 32.86157698,
        32.85990984, 32.85824555, 32.85658604, 32.85493655, 32.85332092,
        31.34329998, 31.34156914, 31.33987463, 31.33819064, 31.33651155,
        31.33483531, 31.33316094, 31.33148794, 31.32981598, 31.32814482,
        31.32647434, 31.32480437, 31.32313476, 31.32146549, 31.31979652,
        31.3181278 , 31.31645932, 31.31479106, 31.31312296, 31.311455  ,
        31.30978716, 31.30811939, 31.30645168, 31.30478401, 31.30311635,
        31.30144874, 31.29978121, 31.29811376, 31.29644643, 31.29477926,
        31.29311223, 31.29144541, 31.28977879, 31.2881124 , 31.28644624,
        31.28478031, 31.28311459, 31.28144905, 31.27978369, 31.2781185 ,
        31.27645344, 31.27478861, 31.2731243 , 31.27146036, 31.26979598,
        31.26813102, 31.26646578, 31.2648004 , 31.26313483, 31.26146903,
        31.25980301, 31.25813677, 31.25647021, 31.25480332, 31.25313608,
        31.25146843, 31.2498004 , 31.248132  , 31.24646305, 31.24479357,
        31.24312358, 31.2414531 , 31.23978207, 31.23811048, 31.23643826,
        31.23476543, 31.23309196, 31.23141784, 31.22974302, 31.22806756,
        31.22639148, 31.22471485, 31.22303776, 31.22136026, 31.21968235,
        31.21800413, 31.21632568, 31.21464701, 31.21296821, 31.21128939,
        31.20961052, 31.20793173, 31.20625314, 31.20457496, 31.20289592,
        31.20121799, 31.19954085, 31.19786448, 31.19618909, 31.19451488,
        31.19284219, 31.19117144, 31.189503  , 31.1878374 , 31.18617535,
        31.1845176 , 31.18286522, 31.18121958, 31.17958134, 31.17795186,
        31.1763334 , 31.17472931, 31.17314461, 31.17158717, 31.17007072,
        31.16862284, 31.16731326, 31.16644065]]), 'snr_nli': array([[44.60103325, 44.32749455, 44.19588094, 44.10310579, 44.03392432,
        43.97703013, 43.928017  , 43.88451403, 43.84499893, 43.80852723,
        43.77440802, 43.74212755, 43.71116034, 43.68131922, 43.65241442,
        43.62422981, 43.59663478, 43.56952985, 43.54277243, 43.51632499,
        43.49013678, 43.46413858, 43.43826563, 43.41251259, 43.38678585,
        43.36101821, 43.3351868 , 43.3092332 , 43.28305608, 43.25662629,
        43.22967712, 43.20050623, 43.17298894, 43.14546942, 43.1177336 ,
        43.08982321, 43.06175047, 43.03353822, 43.00526443, 42.97698621,
        42.94873215, 42.92057042, 42.89246018, 42.86440739, 42.83641361,
        42.8084759 , 42.78057014, 42.75267626, 42.72475492, 42.69676411,
        42.66859606, 42.63928704, 42.61106006, 42.58291449, 42.55474207,
        42.52647608, 42.49808844, 42.46959125, 42.44093218, 42.41212275,
        42.38313689, 42.35393418, 42.32450676, 42.29487794, 42.26502947,
        42.23499121, 42.20477562, 42.17440465, 42.1439184 , 42.11346733,
        42.08298568, 42.0524409 , 42.02056538, 41.99144344, 41.96429023,
        41.94042965, 41.922536  , 41.91630901, 41.93713732, 42.05741039,
        41.75670802, 41.54038965, 41.42489563, 41.3372761 , 41.26201397,
        41.19338005, 41.12865757, 41.06648868, 41.00592199, 40.94640691,
        40.88756243, 40.82909737, 40.77070187, 40.71234023, 40.65392556,
        40.59537472, 40.53665015, 40.47774385, 40.41858272, 40.35919001,
        40.29954905, 40.23959739, 40.179352  , 40.11884446, 40.05798877,
        39.9968375 , 39.93539237, 39.87363319, 39.81158632, 39.74931483,
        39.68675337, 39.62395147, 39.56093793, 39.49767099, 39.43393584,
        39.36873073, 39.3048018 , 39.24103259, 39.17718483, 39.11325793,
        39.04919295, 38.98502907, 38.92072657, 38.85628035, 38.79164858,
        38.72685302, 38.66183547, 38.59664587, 38.5312981 , 38.46580771,
        38.40018497, 38.33450981, 38.26869596, 38.20277043, 38.13673318,
        38.07049142, 38.0037081 , 37.93743509, 37.87126457, 37.8051334 ,
        37.73907352, 37.67307125, 37.60716769, 37.54144196, 37.47591255,
        37.41065148, 37.34573569, 37.28115004, 37.21669529, 37.15375144,
        37.09195679, 37.03149627, 36.97286432, 36.91683968, 36.86455884,
        36.81845381, 36.78334272, 36.76822   , 36.79785721, 36.99081231,
        36.50059303, 36.15634434, 35.97653608, 35.84171187, 35.72688664,
        35.62311481, 35.52623602, 35.43407923, 35.34524439, 35.25878347,
        35.17419156, 35.09086778, 35.00827624, 34.92632657, 34.84492539,
        34.76390908, 34.68325984, 34.60292835, 34.52276293, 34.44270693,
        34.36271831, 34.2827285 , 34.20270438, 34.12263529, 34.04247908,
        33.96237888, 33.88240096, 33.80258385, 33.72302889, 33.64386099,
        33.56504757, 33.48671246, 33.40888645, 33.33157527, 33.25482149,
        33.17861292, 33.10288227, 33.02759687, 32.95274155, 32.87829796,
        32.80420086, 32.73061233, 32.65810446, 32.5863589 , 32.51389502,
        32.44053627, 32.36686563, 32.29316352, 32.21936841, 32.14543157,
        32.07139305, 31.99729401, 31.92298466, 31.84851676, 31.77384864,
        31.69895334, 31.62390311, 31.54872865, 31.4732115 , 31.39743435,
        31.32145043, 31.24530856, 31.16897191, 31.09246795, 31.01573019,
        30.9388161 , 30.86174381, 30.78450867, 30.70709394, 30.62959643,
        30.5520874 , 30.47465395, 30.39741155, 30.32044178, 30.24374801,
        30.16743598, 30.09160396, 30.01625863, 29.94147773, 29.86737759,
        29.79389485, 29.72116183, 29.64926011, 29.57836214, 29.50807455,
        29.43860417, 29.37040669, 29.30342167, 29.23777713, 29.17359721,
        29.11111405, 29.05060524, 28.99228991, 28.93651978, 28.88374478,
        28.83445006, 28.78933165, 28.74929433, 28.71470045, 28.68642111,
        28.66600366, 28.65580616, 28.6594389 , 28.68275388, 28.73634117,
        28.84243895, 29.06086622, 29.678731  ]]), 'max_oct': np.float64(408.60542023669717)}"
1,4,1,4,181.9,3,3,60.63333333333333,"{'P_opt': np.float64(-12.326666666666668), 'gsnr': array([[33.47312666, 33.45136984, 33.43981744, 33.43133388, 33.42434594,
        33.41824045, 33.4127167 , 33.40760413, 33.40279107, 33.39820746,
        33.39380163, 33.38953467, 33.38536585, 33.38128115, 33.37726583,
        33.37330309, 33.36938259, 33.36549647, 33.36163316, 33.35778967,
        33.35396188, 33.35014402, 33.34633068, 33.34252146, 33.33870825,
        33.3348852 , 33.33104994, 33.32719659, 33.32331378, 33.3193855 ,
        33.31522963, 33.31123897, 33.30724041, 33.30321742, 33.29916325,
        33.29508339, 33.29097895, 33.28685175, 33.28270828, 33.27855349,
        33.27438966, 33.27022305, 33.26604979, 33.26187044, 33.25768517,
        33.25349375, 33.24929358, 33.24508244, 33.24085499, 33.23659825,
        33.23219796, 33.2279188 , 33.22363818, 33.21934381, 33.21503384,
        33.21070315, 33.20634938, 33.20197411, 33.19757204, 33.19314438,
        33.18868852, 33.18420022, 33.17967862, 33.17512628, 33.17054139,
        33.16592733, 33.16128581, 33.15661966, 33.15193335, 33.14724266,
        33.142526  , 33.13760412, 33.13296789, 33.12848108, 33.12421994,
        33.1203712 , 33.11727752, 33.11565979, 33.11743866, 33.13141375,
        33.52949826, 33.49758663, 33.47977642, 33.46590928, 33.45377631,
        33.44255216, 33.4318421 , 33.42144785, 33.41122815, 33.4011004 ,
        33.39100635, 33.38090043, 33.37073264, 33.3604961 , 33.35017521,
        33.33975488, 33.32922703, 33.31858811, 33.30782407, 33.29693643,
        33.28592006, 33.2747623 , 33.26346327, 33.25202601, 33.24043323,
        33.22869154, 33.21679878, 33.20474866, 33.19254267, 33.18018893,
        33.16767051, 33.15498796, 33.14211205, 33.12879006, 33.11562174,
        33.10236793, 33.08898541, 33.07546815, 33.06180296, 33.04799507,
        33.034033  , 33.01992445, 33.00565989, 32.99123723, 32.97664589,
        32.96188885, 32.94695133, 32.9318424 , 32.91656227, 32.90111217,
        32.88549247, 32.86971815, 32.85376448, 32.83761957, 32.82118427,
        32.80471344, 32.78810602, 32.77136313, 32.75447102, 32.73743392,
        32.72026271, 32.7029547 , 32.68551952, 32.66797417, 32.65030048,
        32.63240448, 32.61462652, 32.59687533, 32.57917162, 32.56161457,
        32.54421553, 32.5270571 , 32.51025132, 32.49420331, 32.47923502,
        32.46611565, 32.45629662, 32.45260786, 32.46266579, 32.52191741,
        31.28681842, 31.19951923, 31.15224775, 31.11610455, 31.08490268,
        31.05630201, 31.02928035, 31.00327189, 30.97790325, 30.95297704,
        30.92829647, 30.90372593, 30.87912824, 30.85447245, 30.82972241,
        30.80484497, 30.77981984, 30.754634  , 30.72926372, 30.70368289,
        30.6778771 , 30.65182055, 30.62550204, 30.59892201, 30.57206584,
        30.54496951, 30.51765397, 30.49013107, 30.46243606, 30.43461113,
        30.40665186, 30.37861212, 30.35051923, 30.32239608, 30.29430356,
        30.26643577, 30.23868262, 30.21060407, 30.18214432, 30.15349492,
        30.12465822, 30.09566529, 30.06650458, 30.0371689 , 30.00763557,
        29.97789552, 29.94791717, 29.91775636, 29.88736668, 29.85671926,
        29.8258239 , 29.79469278, 29.76326013, 29.73154675, 29.69953113,
        29.66719901, 29.63457794, 29.60167938, 29.56840718, 29.53479783,
        29.50086954, 29.46664112, 29.43209546, 29.39724509, 29.36205789,
        29.32655873, 29.29075342, 29.25463924, 29.21820788, 29.1815052 ,
        29.14456475, 29.10742952, 29.07015899, 29.03279774, 28.99535242,
        28.95788062, 28.92043566, 28.88302665, 28.84569852, 28.80851879,
        28.77146271, 28.73460966, 28.69801099, 28.66177187, 28.62567765,
        28.58984213, 28.55453512, 28.51973251, 28.48551537, 28.45196321,
        28.41921717, 28.38744638, 28.35679   , 28.32746565, 28.29974706,
        28.27393173, 28.25043369, 28.2298086 , 28.21232731, 28.19856635,
        28.18947787, 28.18648626, 28.19174433, 28.20869833, 28.24349512,
        28.30881253, 28.43789759, 28.78269704]]), 'osnr': array([[33.76344863, 33.76167488, 33.75990643, 33.75814007, 33.7563751 ,
        33.75461124, 33.75284835, 33.75108637, 33.74932523, 33.7475649 ,
        33.74580537, 33.74404661, 33.74228861, 33.74053135, 33.73877483,
        33.73701904, 33.73526398, 33.73350964, 33.73175602, 33.73000311,
        33.72825092, 33.72649943, 33.72474865, 33.72299858, 33.7212492 ,
        33.71950053, 33.71775254, 33.71600525, 33.71425865, 33.71251273,
        33.7107674 , 33.70902284, 33.70727898, 33.70553581, 33.70379331,
        33.7020515 , 33.70031038, 33.69856994, 33.69683018, 33.69509112,
        33.69335274, 33.69161506, 33.68987806, 33.68814175, 33.68640613,
        33.6846712 , 33.68293696, 33.6812034 , 33.67947051, 33.67773831,
        33.67600672, 33.67427588, 33.67254572, 33.67081625, 33.66908745,
        33.66735932, 33.66563187, 33.66390509, 33.66217899, 33.66045355,
        33.65872878, 33.65700468, 33.65528124, 33.65355847, 33.65183636,
        33.65011492, 33.64839414, 33.64667403, 33.64495458, 33.64323581,
        33.64151771, 33.63980018, 33.63808346, 33.63636749, 33.63465231,
        33.632938  , 33.63122473, 33.62951286, 33.62780332, 33.62610038,
        34.11583565, 34.11411633, 34.11240392, 34.11069391, 34.10898534,
        34.10727783, 34.10557121, 34.10386538, 34.10216029, 34.1004559 ,
        34.09875218, 34.09704911, 34.09534666, 34.09364484, 34.09194362,
        34.09024302, 34.08854301, 34.0868436 , 34.08514478, 34.08344656,
        34.08174892, 34.08005186, 34.07835538, 34.07665948, 34.07496415,
        34.07326939, 34.07157521, 34.06988159, 34.06818853, 34.06649604,
        34.06480411, 34.06311274, 34.06142192, 34.05973151, 34.05804181,
        34.0563527 , 34.05466416, 34.05297618, 34.05128876, 34.0496019 ,
        34.0479156 , 34.04622984, 34.04454464, 34.04285998, 34.04117586,
        34.03949228, 34.03780923, 34.03612671, 34.03444473, 34.03276327,
        34.03108235, 34.02940196, 34.0277221 , 34.02604274, 34.02436385,
        34.02268555, 34.02100779, 34.01933056, 34.01765386, 34.0159777 ,
        34.01430206, 34.01262695, 34.01095238, 34.00927835, 34.00760485,
        34.00593183, 34.00425947, 34.00258772, 34.00091659, 33.99924614,
        33.99757637, 33.99590734, 33.9942391 , 33.99257188, 33.99090587,
        33.98924152, 33.98757965, 33.98592188, 33.98427255, 33.9826515 ,
        32.47265675, 32.47094149, 32.46925636, 32.46758006, 32.46590801,
        32.46423845, 32.46257061, 32.46090407, 32.45923853, 32.45757386,
        32.4559099 , 32.45424653, 32.45258366, 32.45092124, 32.44925925,
        32.44759766, 32.44593645, 32.44427561, 32.4426151 , 32.44095491,
        32.43929502, 32.4376354 , 32.43597604, 32.43431693, 32.43265805,
        32.43099944, 32.42934109, 32.42768302, 32.42602526, 32.42436784,
        32.42271075, 32.42105403, 32.41939771, 32.41774181, 32.41608638,
        32.41443161, 32.41277738, 32.41112329, 32.40946928, 32.40781551,
        32.40616198, 32.40450873, 32.40285573, 32.40120298, 32.39955043,
        32.39789809, 32.39624591, 32.39459394, 32.39294213, 32.39129044,
        32.38963888, 32.38798744, 32.38633606, 32.38468474, 32.38303345,
        32.38138218, 32.37973093, 32.37807971, 32.37642842, 32.37477706,
        32.37312566, 32.37147423, 32.36982273, 32.36817116, 32.36651949,
        32.36486772, 32.36321585, 32.36156386, 32.35991173, 32.35825951,
        32.35660723, 32.35495491, 32.35330264, 32.35165045, 32.34999835,
        32.34834641, 32.34669468, 32.34504318, 32.34339196, 32.34174111,
        32.34009059, 32.33844053, 32.33679097, 32.33514209, 32.33349272,
        32.33184475, 32.33019769, 32.32855153, 32.3269064 , 32.32526242,
        32.32361982, 32.32197886, 32.32033978, 32.31870293, 32.31706874,
        32.3154377 , 32.31381049, 32.31218798, 32.31057065, 32.30895942,
        32.30735579, 32.30576196, 32.30418122, 32.30261871, 32.30108344,
        32.29959347, 32.29819456, 32.29708305]]), 'snr_nli': array([[45.36652313, 45.06555332, 44.92401472, 44.82865267, 44.7553837 ,
        44.69500078, 44.64304528, 44.5970137 , 44.55528872, 44.51685839,
        44.48098511, 44.44711939, 44.41470577, 44.38354104, 44.35341851,
        44.32411155, 44.29547888, 44.26741319, 44.23976438, 44.21248988,
        44.1855344 , 44.15882433, 44.1322914 , 44.10592896, 44.07963864,
        44.05335094, 44.02703885, 44.00063445, 43.97400788, 43.94697836,
        43.91746117, 43.88998426, 43.86254888, 43.83496811, 43.80716923,
        43.77921787, 43.75112946, 43.72292725, 43.69468504, 43.66645852,
        43.63827279, 43.61019573, 43.58218453, 43.55424498, 43.52637827,
        43.49858164, 43.47082721, 43.44309181, 43.41532031, 43.38737953,
        43.3580972 , 43.33020485, 43.30243277, 43.2746554 , 43.24685468,
        43.21898049, 43.19101128, 43.16296477, 43.13479083, 43.1065041 ,
        43.07808164, 43.04948547, 43.02071068, 42.99178574, 42.96269652,
        42.93347873, 42.90415138, 42.87474353, 42.84529905, 42.8159655 ,
        42.78654308, 42.75539294, 42.72701363, 42.70012696, 42.67539777,
        42.65447269, 42.64037517, 42.63950689, 42.66915951, 42.81095087,
        42.51573628, 42.28050838, 42.15861362, 42.06800993, 41.99130722,
        41.9220952 , 41.85734266, 41.79553096, 41.73560423, 41.67694988,
        41.61914452, 41.56186652, 41.50477905, 41.44783702, 41.39094156,
        41.33400141, 41.27697257, 41.21984109, 41.16252964, 41.10505811,
        41.04740611, 40.98950959, 40.93138223, 40.87305402, 40.8144378 ,
        40.75558525, 40.69649713, 40.63715147, 40.57756987, 40.51780932,
        40.45779012, 40.39752892, 40.33688565, 40.27456864, 40.21371193,
        40.15306109, 40.09239802, 40.03169844, 39.97090396, 39.9100481 ,
        39.84908288, 39.78805334, 39.72692186, 39.66568694, 39.60430823,
        39.54280877, 39.48113087, 39.41932549, 39.35740243, 39.29537574,
        39.23325505, 39.17111211, 39.1088479 , 39.04642138, 38.98343271,
        38.92094606, 38.85854157, 38.79622563, 38.7339455 , 38.67172097,
        38.60959687, 38.54756391, 38.48566011, 38.42394957, 38.36236271,
        38.30055319, 38.23977388, 38.17966824, 38.12029438, 38.06198659,
        38.00475815, 37.94887036, 37.89467728, 37.84352568, 37.79643931,
        37.75592904, 37.72675331, 37.71826405, 37.75609756, 37.96396381,
        37.50384289, 37.1546774 , 36.97608069, 36.84409423, 36.73301266,
        36.63328122, 36.54073559, 36.45308622, 36.36884786, 36.28721961,
        36.20744582, 36.12901305, 36.05142787, 35.97456553, 35.89829034,
        35.82248234, 35.74706719, 35.67199633, 35.59719037, 35.52256618,
        35.44807917, 35.3736529 , 35.29925694, 35.22489589, 35.15053082,
        35.07626798, 35.00216682, 34.92825884, 34.85463843, 34.78141473,
        34.70856689, 34.63623009, 34.56446389, 34.49331389, 34.4229221 ,
        34.35376624, 34.28553441, 34.21709674, 34.14832185, 34.0796937 ,
        34.01121587, 33.94296134, 33.87489805, 33.80700533, 33.73922669,
        33.67153929, 33.60386881, 33.5363445 , 33.46885795, 33.40134402,
        33.33382637, 33.26633316, 33.19871962, 33.13103502, 33.06323522,
        32.99529305, 32.92727134, 32.85919686, 32.79086949, 32.72237172,
        32.65374561, 32.58503302, 32.51620147, 32.44727917, 32.37820407,
        32.30902914, 32.23976813, 32.1704176 , 32.10096333, 32.03149578,
        31.96207919, 31.89279364, 31.82374801, 31.75502001, 31.68661472,
        31.61863104, 31.55115722, 31.48419882, 31.41782597, 31.35214762,
        31.28710539, 31.22282714, 31.15938826, 31.09695678, 31.03514095,
        30.9741249 , 30.91435904, 30.85578046, 30.79850719, 30.7426526 ,
        30.68843227, 30.63610521, 30.58587659, 30.53807957, 30.4931362 ,
        30.45150329, 30.41382547, 30.38097527, 30.35335509, 30.33186996,
        30.31804056, 30.31416507, 30.32375206, 30.35248296, 30.41062838,
        30.51972932, 30.73764141, 31.34138261]]), 'max_oct': np.float64(423.8610506062095)}"
1,5,1,5,127.3,2,2,63.65,"{'P_opt': np.float64(-12.830000000000002), 'gsnr': array([[32.9879108 , 32.96801251, 32.9573564 , 32.9494852 , 32.94297148,
        32.93725865, 32.93207377, 32.92726195, 32.92272164, 32.91838921,
        32.91421767, 32.9101716 , 32.9062138 , 32.90233158, 32.89851159,
        32.89473843, 32.89100272, 32.88729732, 32.88361162, 32.87994295,
        32.87628756, 32.87264018, 32.86899583, 32.86535417, 32.86170771,
        32.85805104, 32.85438198, 32.85069509, 32.84697994, 32.84322205,
        32.83926628, 32.83544834, 32.83162129, 32.82777025, 32.82388913,
        32.81998308, 32.81605325, 32.8121014 , 32.80813372, 32.80415487,
        32.80016707, 32.79617617, 32.79217863, 32.78817501, 32.78416551,
        32.78014997, 32.77612622, 32.77209261, 32.76804563, 32.76398151,
        32.75989047, 32.75567628, 32.75155728, 32.74743484, 32.74329913,
        32.73914395, 32.73496661, 32.73076826, 32.72654382, 32.72229428,
        32.71801707, 32.71370814, 32.70936656, 32.70499455, 32.70059029,
        32.69615676, 32.69169542, 32.68720886, 32.68270164, 32.67819028,
        32.67366922, 32.66913706, 32.66445333, 32.66006839, 32.65589894,
        32.6520984 , 32.64897276, 32.64717034, 32.64842023, 32.66064287,
        33.0646183 , 33.03540227, 33.01890148, 33.00595222, 32.99456103,
        32.98398284, 32.97386097, 32.96401635, 32.95432104, 32.94470018,
        32.9351009 , 32.92548173, 32.91579688, 32.90604015, 32.89619728,
        32.88625436, 32.87620392, 32.86604274, 32.85575768, 32.84535015,
        32.83481534, 32.82414125, 32.81332801, 32.80237834, 32.79127592,
        32.78002681, 32.76862888, 32.75707619, 32.74537034, 32.73351942,
        32.72150888, 32.70934351, 32.69702173, 32.68450793, 32.67157809,
        32.65878049, 32.64588745, 32.63286665, 32.61970095, 32.60639368,
        32.59293327, 32.57932642, 32.56556383, 32.55164307, 32.53755385,
        32.52329866, 32.50886327, 32.49425598, 32.47947703, 32.46452754,
        32.44940779, 32.43413274, 32.41868097, 32.40305462, 32.3872379 ,
        32.37113849, 32.35498935, 32.33871853, 32.3222985 , 32.3057304 ,
        32.28902383, 32.27217594, 32.25519644, 32.23810422, 32.22090084,
        32.20358276, 32.18607513, 32.16868498, 32.15135147, 32.13414889,
        32.11708496, 32.10024655, 32.08377662, 32.06787012, 32.05302513,
        32.03995612, 32.02992855, 32.02573221, 32.03458913, 32.08990378,
        30.84040089, 30.75715075, 30.71171183, 30.67680682, 30.64652961,
        30.61872401, 30.59235156, 30.56695396, 30.54214378, 30.51771719,
        30.49349277, 30.46935976, 30.44517265, 30.42091197, 30.39653491,
        30.37201911, 30.34734135, 30.32249005, 30.29743597, 30.27215196,
        30.24662528, 30.22083123, 30.19476014, 30.16840793, 30.14176237,
        30.11486486, 30.08774001, 30.06039286, 30.032856  , 30.00516945,
        29.97732673, 29.94937831, 29.92134592, 29.89324115, 29.86509165,
        29.83691427, 29.808732  , 29.7807418 , 29.75285276, 29.72457659,
        29.69582458, 29.66682833, 29.63761529, 29.60819148, 29.5785402 ,
        29.54865513, 29.51850629, 29.48815025, 29.45754117, 29.42664978,
        29.39548585, 29.36406181, 29.33231168, 29.3002554 , 29.26787158,
        29.23514563, 29.20210522, 29.16876175, 29.1350178 , 29.10090872,
        29.06645337, 29.03167075, 28.99654296, 28.96108187, 28.92525475,
        28.88908634, 28.85258254, 28.81574017, 28.77855021, 28.74105846,
        28.70329868, 28.66531405, 28.62716408, 28.5888933 , 28.55050793,
        28.51206595, 28.47362171, 28.43518453, 28.3968002 , 28.35853712,
        28.32037015, 28.28237907, 28.24461613, 28.20718672, 28.16987825,
        28.13280786, 28.09624454, 28.06016551, 28.02465373, 27.98979071,
        27.95572035, 27.92261492, 27.89061619, 27.85994501, 27.83087982,
        27.80372311, 27.77889724, 27.75696393, 27.73818763, 27.72313947,
        27.71277517, 27.70852722, 27.71256199, 27.72834763, 27.7620704 ,
        27.82649004, 27.95507002, 28.30074905]]), 'osnr': array([[33.25731335, 33.25553948, 33.25377095, 33.25200454, 33.25023953,
        33.24847564, 33.24671272, 33.24495071, 33.24318954, 33.24142919,
        33.23966964, 33.23791085, 33.23615282, 33.23439554, 33.232639  ,
        33.23088319, 33.22912811, 33.22737375, 33.2256201 , 33.22386717,
        33.22211495, 33.22036344, 33.21861263, 33.21686253, 33.21511313,
        33.21336442, 33.21161641, 33.20986909, 33.20812246, 33.2063765 ,
        33.20463115, 33.20288656, 33.20114266, 33.19939945, 33.19765692,
        33.19591507, 33.19417391, 33.19243343, 33.19069363, 33.18895452,
        33.18721611, 33.18547838, 33.18374134, 33.18200499, 33.18026933,
        33.17853435, 33.17680006, 33.17506646, 33.17333353, 33.17160129,
        33.16986972, 33.16813877, 33.16640855, 33.16467903, 33.16295018,
        33.161222  , 33.1594945 , 33.15776766, 33.1560415 , 33.15431601,
        33.15259118, 33.15086702, 33.14914352, 33.14742069, 33.14569852,
        33.14397701, 33.14225616, 33.14053598, 33.13881647, 33.13709763,
        33.13537946, 33.13366196, 33.13194505, 33.13022898, 33.1285137 ,
        33.1267993 , 33.12508594, 33.12337396, 33.12166432, 33.11996131,
        33.60969582, 33.60797632, 33.60626375, 33.60455359, 33.60284486,
        33.60113719, 33.5994304 , 33.59772441, 33.59601916, 33.59431459,
        33.59261069, 33.59090744, 33.5892048 , 33.58750278, 33.58580137,
        33.58410056, 33.58240035, 33.58070072, 33.57900169, 33.57730323,
        33.57560536, 33.57390806, 33.57221134, 33.57051518, 33.5688196 ,
        33.56712457, 33.56543011, 33.56373621, 33.56204287, 33.56035009,
        33.55865786, 33.55696619, 33.55527507, 33.55358448, 33.5518943 ,
        33.55020482, 33.54851592, 33.54682759, 33.5451398 , 33.54345257,
        33.54176587, 33.54007973, 33.53839412, 33.53670906, 33.53502452,
        33.53334051, 33.53165702, 33.52997405, 33.5282916 , 33.52660968,
        33.52492827, 33.52324739, 33.52156703, 33.51988717, 33.51820782,
        33.51652891, 33.51485058, 33.51317279, 33.51149551, 33.50981875,
        33.50814252, 33.5064668 , 33.5047916 , 33.50311694, 33.50144281,
        33.4997692 , 33.49809608, 33.49642362, 33.49475179, 33.49308063,
        33.49141016, 33.48974041, 33.48807149, 33.48640351, 33.48473679,
        33.48307179, 33.48140929, 33.47975107, 33.47810166, 33.47648172,
        31.96648074, 31.96476191, 31.96307459, 31.9613965 , 31.95972278,
        31.95805166, 31.95638225, 31.95471418, 31.95304713, 31.95138091,
        31.94971538, 31.94805043, 31.94638593, 31.94472187, 31.9430582 ,
        31.9413949 , 31.93973195, 31.93806932, 31.93640699, 31.93474493,
        31.93308313, 31.93142154, 31.92976017, 31.92809899, 31.92643799,
        31.9247772 , 31.92311665, 31.92145632, 31.91979626, 31.91813648,
        31.91647699, 31.91481782, 31.91315901, 31.91150054, 31.90984246,
        31.90818477, 31.90652749, 31.90487084, 31.90321472, 31.90155861,
        31.89990239, 31.89824633, 31.89659042, 31.89493468, 31.89327908,
        31.89162361, 31.88996822, 31.88831297, 31.8866578 , 31.88500267,
        31.88334758, 31.88169254, 31.88003746, 31.87838236, 31.87672719,
        31.87507194, 31.87341661, 31.87176122, 31.87010564, 31.86844988,
        31.86679397, 31.86513792, 31.86348168, 31.86182526, 31.8601686 ,
        31.85851172, 31.85685462, 31.85519727, 31.85353965, 31.8518818 ,
        31.85022376, 31.84856557, 31.84690729, 31.84524898, 31.84359064,
        31.84193235, 31.84027416, 31.8386161 , 31.83695821, 31.83530061,
        31.83364325, 31.83198625, 31.83032969, 31.82867373, 31.82701721,
        31.82536201, 31.8237077 , 31.82205425, 31.82040182, 31.81875055,
        31.81710069, 31.81545255, 31.81380638, 31.81216259, 31.81052167,
        31.80888418, 31.80725087, 31.80562275, 31.80400034, 31.80238467,
        31.80077741, 31.79918105, 31.79759928, 31.7960379 , 31.79450705,
        31.79302707, 31.79164945, 31.79059504]]), 'snr_nli': array([[45.19574188, 44.90204012, 44.76356871, 44.67017849, 44.59836872,
        44.53914816, 44.48816171, 44.4429627 , 44.401968  , 44.36418842,
        44.32890155, 44.29556925, 44.2636452 , 44.23293134, 44.20322625,
        44.17430645, 44.14603394, 44.1183038 , 44.0909681 , 44.06398587,
        44.03730313, 44.01084755, 43.98455179, 43.95840948, 43.93232335,
        43.90622407, 43.88008494, 43.85383864, 43.8273568 , 43.80046344,
        43.77124336, 43.74387207, 43.71651953, 43.68900477, 43.66125726,
        43.63334358, 43.60528097, 43.57709385, 43.54885814, 43.52063054,
        43.49243762, 43.46434775, 43.43631896, 43.40835744, 43.380465  ,
        43.35263966, 43.32485625, 43.2970962 , 43.26932048, 43.24148809,
        43.21349198, 43.18427397, 43.1562507 , 43.12832696, 43.10039518,
        43.07238937, 43.04428251, 43.01608922, 42.98775788, 42.95930183,
        42.93069694, 42.90190427, 42.872918  , 42.84376519, 42.81443065,
        42.78494888, 42.75533795, 42.72562703, 42.69586448, 42.6662167 ,
        42.63662732, 42.60708262, 42.57620643, 42.54840892, 42.52283383,
        42.5009297 , 42.48559584, 42.48301288, 42.50988489, 42.64498253,
        42.34756726, 42.11807091, 41.99805589, 41.90828175, 41.83193406,
        41.76281164, 41.6979797 , 41.63596901, 41.57575563, 41.51674601,
        41.45852977, 41.40079462, 41.34321188, 41.28573957, 41.22828256,
        41.17075215, 41.11310641, 41.05533338, 40.99735703, 40.93919846,
        40.88083852, 40.82221368, 40.76333879, 40.70424453, 40.64484413,
        40.58518987, 40.52528311, 40.4651029 , 40.40467329, 40.34405505,
        40.28317729, 40.22208142, 40.1607718 , 40.09906507, 40.03575984,
        39.97386979, 39.91214063, 39.85040265, 39.7885726 , 39.72667629,
        39.66466271, 39.60257511, 39.54037517, 39.47806026, 39.41558952,
        39.35298566, 39.29019081, 39.22725578, 39.16419179, 39.10101371,
        39.03773204, 38.9744229 , 38.91099706, 38.84747309, 38.78379061,
        38.71956196, 38.65580367, 38.59220222, 38.52864261, 38.46513321,
        38.40171652, 38.33838283, 38.27517303, 38.21216259, 38.14935585,
        38.08673726, 38.0240183 , 37.9623713 , 37.90153933, 37.84177847,
        37.78308962, 37.72576275, 37.67028055, 37.61729581, 37.56852023,
        37.52638348, 37.4952052 , 37.48461969, 37.5200098 , 37.72316304,
        37.25343302, 36.90554593, 36.72639095, 36.59348012, 36.48115094,
        36.38016636, 36.28613264, 36.19707147, 36.11138422, 36.02821745,
        35.94684343, 35.86681734, 35.78759823, 35.70909746, 35.63115265,
        35.55367659, 35.47658307, 35.39982735, 35.32331043, 35.24694428,
        35.17068965, 35.09447213, 35.0182663 , 34.94206459, 34.8658354 ,
        34.78970589, 34.71374863, 34.63797685, 34.56248109, 34.48736872,
        34.41261335, 34.33834583, 34.26461338, 34.19143389, 34.11886712,
        34.04694193, 33.97570195, 33.90563856, 33.83648777, 33.76698825,
        33.69692923, 33.62690456, 33.55698296, 33.48717819, 33.41744848,
        33.34777832, 33.27809661, 33.20853833, 33.13899474, 33.06939917,
        32.99977669, 32.93015749, 32.86039404, 32.79053573, 32.72053861,
        32.65037521, 32.58011081, 32.50977337, 32.4391571 , 32.36834464,
        32.29738109, 32.22631038, 32.15509856, 32.08377379, 32.01227254,
        31.94064922, 31.86891875, 31.79707742, 31.72511013, 31.65310923,
        31.58114085, 31.50928702, 31.43765841, 31.36633386, 31.29531777,
        31.22471099, 31.1546047 , 31.08500464, 31.01598304, 30.94765122,
        30.87994901, 30.81300577, 30.74689865, 30.6817969 , 30.61730812,
        30.55362328, 30.49119418, 30.42995857, 30.37003746, 30.31154715,
        30.25470797, 30.19978434, 30.14698524, 30.09664916, 30.04920615,
        30.00512111, 29.96505294, 29.92988504, 29.90000738, 29.87631644,
        29.86034124, 29.854398  , 29.86202571, 29.88895667, 29.94555663,
        30.05357412, 30.27144919, 30.87922809]]), 'max_oct': np.float64(417.8279794732321)}"
2,3,2,3,187.0,3,3,62.333333333333336,"{'P_opt': np.float64(-12.56666666666667), 'gsnr': array([[33.23737125, 33.21630241, 33.20507893, 33.19681917, 33.19000388,
        33.1840408 , 33.17863949, 33.17363518, 33.16891988, 33.16442593,
        33.16010332, 33.15591444, 33.15181978, 33.14780584, 33.14385838,
        33.1399611 , 33.136104  , 33.13227948, 33.12847633, 33.12469166,
        33.12092148, 33.11716022, 33.1134026 , 33.10964824, 33.10588923,
        33.10211985, 33.09833778, 33.09453725, 33.0907072 , 33.08683208,
        33.08274102, 33.07880333, 33.0748569 , 33.07088571, 33.06688325,
        33.06285491, 33.05880187, 33.05472596, 33.05063363, 33.04652978,
        33.0424167 , 33.03830055, 33.03417756, 33.03004828, 33.02591285,
        33.02177105, 33.01762035, 33.01345853, 33.00928037, 33.00507322,
        33.00072984, 32.99649968, 32.9922674 , 32.98802101, 32.98375867,
        32.97947531, 32.97516861, 32.97084   , 32.96648428, 32.96210255,
        32.9576922 , 32.95324901, 32.94877207, 32.9442638 , 32.93972234,
        32.93515094, 32.93055126, 32.92592616, 32.92128061, 32.91663227,
        32.91197541, 32.90730861, 32.90247661, 32.89797133, 32.89369841,
        32.8898213 , 32.88666611, 32.88492391, 32.88643781, 32.89965256,
        33.29922161, 33.26832446, 33.25096962, 33.23739866, 33.22548929,
        33.21444839, 33.20389645, 33.19364289, 33.18355171, 33.17354336,
        33.16356168, 33.15356265, 33.14349782, 33.13336061, 33.1231359 ,
        33.11280903, 33.10237213, 33.09182179, 33.08114423, 33.07034092,
        33.05940686, 33.04832949, 33.03710895, 33.02574814, 33.01422999,
        33.00256087, 32.99073854, 32.97875672, 32.9666168 , 32.95432671,
        32.94186975, 32.9292463 , 32.91642702, 32.90317056, 32.89005332,
        32.87684761, 32.8635104 , 32.85003557, 32.83640998, 32.82263866,
        32.80871024, 32.79463214, 32.78039489, 32.76599621, 32.75142549,
        32.73668551, 32.72176154, 32.70666235, 32.69138815, 32.67594008,
        32.66031828, 32.64453761, 32.62857337, 32.61241317, 32.59596173,
        32.57946628, 32.56282973, 32.54605268, 32.52912133, 32.51203948,
        32.49481779, 32.47745333, 32.45995544, 32.44234063, 32.42458989,
        32.40661316, 32.38874312, 32.37089247, 32.35308095, 32.33540699,
        32.31788257, 32.30059953, 32.28370759, 32.26740852, 32.25222466,
        32.23889789, 32.2287451 , 32.22467339, 32.23420558, 32.29216094,
        31.05365214, 30.96703556, 30.9199218 , 30.88381613, 30.85254996,
        30.8238724 , 30.79669322, 30.77053186, 30.74501458, 30.71989048,
        30.69502165, 30.67024428, 30.64541042, 30.62052685, 30.59552935,
        30.57039413, 30.54509967, 30.51963102, 30.49396142, 30.46807219,
        30.44194753, 30.41555868, 30.38889182, 30.36194514, 30.33470948,
        30.30722584, 30.27951607, 30.25158773, 30.22347492, 30.19521896,
        30.1668136 , 30.13831063, 30.10973249, 30.08109098, 30.0524141 ,
        30.02371854, 29.99502612, 29.96652994, 29.93812133, 29.90935351,
        29.88012215, 29.85065597, 29.82098144, 29.79110423, 29.76100715,
        29.73068374, 29.70010361, 29.66932438, 29.63829953, 29.60699958,
        29.57543467, 29.54361743, 29.51148098, 29.47904597, 29.44629071,
        29.41320061, 29.3798039 , 29.34611219, 29.31202708, 29.27758493,
        29.24280487, 29.2077062 , 29.17227118, 29.13651212, 29.10039615,
        29.06394849, 29.02717522, 28.99007334, 28.95263411, 28.91490412,
        28.87691775, 28.83871887, 28.80036802, 28.76191044, 28.72335272,
        28.68475356, 28.64616774, 28.60760469, 28.56911053, 28.53075419,
        28.49251039, 28.45445972, 28.41665474, 28.37920212, 28.34188557,
        28.30482247, 28.26828556, 28.23225111, 28.1968023 , 28.16202084,
        28.12805132, 28.09506682, 28.06320983, 28.03270251, 28.00382483,
        27.97688093, 27.95229531, 27.93063332, 27.9121648 , 27.89746878,
        27.8875107 , 27.88373701, 27.88833517, 27.90480781, 27.93940414,
        28.00501773, 28.13547738, 28.4855089 ]]), 'osnr': array([[33.52206979, 33.52029587, 33.51852732, 33.5167609 , 33.51499588,
        33.51323197, 33.51146905, 33.50970703, 33.50794586, 33.5061855 ,
        33.50442594, 33.50266716, 33.50090912, 33.49915184, 33.49739529,
        33.49563948, 33.49388439, 33.49213003, 33.49037638, 33.48862345,
        33.48687122, 33.48511971, 33.4833689 , 33.4816188 , 33.4798694 ,
        33.47812069, 33.47637268, 33.47462536, 33.47287873, 33.47113277,
        33.46938741, 33.46764282, 33.46589892, 33.46415571, 33.46241318,
        33.46067134, 33.45893017, 33.45718969, 33.4554499 , 33.4537108 ,
        33.45197238, 33.45023466, 33.44849762, 33.44676127, 33.44502561,
        33.44329064, 33.44155635, 33.43982275, 33.43808982, 33.43635757,
        33.43462594, 33.43289506, 33.43116486, 33.42943533, 33.42770649,
        33.42597832, 33.42425082, 33.42252399, 33.42079784, 33.41907235,
        33.41734753, 33.41562337, 33.41389988, 33.41217706, 33.41045489,
        33.40873339, 33.40701256, 33.40529238, 33.40357288, 33.40185405,
        33.40013589, 33.39841841, 33.39670151, 33.39498545, 33.39327019,
        33.39155581, 33.38984247, 33.38813053, 33.38642094, 33.38471803,
        33.87445265, 33.87273307, 33.87102048, 33.86931031, 33.86760159,
        33.86589393, 33.86418716, 33.86248119, 33.86077595, 33.85907141,
        33.85736753, 33.8556643 , 33.85396169, 33.85225969, 33.85055831,
        33.84885753, 33.84715734, 33.84545775, 33.84375874, 33.84206032,
        33.84036249, 33.83866523, 33.83696854, 33.83527243, 33.83357688,
        33.8318819 , 33.83018748, 33.82849362, 33.82680033, 33.82510759,
        33.82341541, 33.82172378, 33.82003269, 33.81834201, 33.81665203,
        33.81496264, 33.81327381, 33.81158554, 33.80989782, 33.80821065,
        33.80652403, 33.80483796, 33.80315243, 33.80146744, 33.79978297,
        33.79809904, 33.79641564, 33.79473276, 33.7930504 , 33.79136856,
        33.78968725, 33.78800646, 33.78632619, 33.78464642, 33.7829671 ,
        33.78128837, 33.77961016, 33.77793249, 33.77625533, 33.77457869,
        33.77290258, 33.77122698, 33.76955191, 33.76787738, 33.76620336,
        33.76452981, 33.76285691, 33.76118463, 33.75951295, 33.75784195,
        33.75617164, 33.75450205, 33.7528333 , 33.75116549, 33.74949894,
        33.7478341 , 33.74617177, 33.74451369, 33.74286439, 33.74124442,
        32.23124483, 32.22952656, 32.22783963, 32.22616189, 32.22448851,
        32.22281771, 32.22114863, 32.21948088, 32.21781416, 32.21614828,
        32.21448312, 32.21281853, 32.2111544 , 32.20949072, 32.20782745,
        32.20616454, 32.204502  , 32.20283978, 32.20117788, 32.19951626,
        32.19785491, 32.1961938 , 32.1945329 , 32.19287222, 32.19121173,
        32.18955147, 32.18789145, 32.18623168, 32.18457217, 32.18291297,
        32.18125407, 32.17959551, 32.1779373 , 32.17627947, 32.17462202,
        32.17296498, 32.17130837, 32.16965238, 32.1679969 , 32.16634147,
        32.16468598, 32.16303066, 32.16137552, 32.15972057, 32.15806578,
        32.15641113, 32.15475659, 32.15310222, 32.15144794, 32.14979373,
        32.14813959, 32.14648552, 32.14483144, 32.14317736, 32.14152325,
        32.13986907, 32.13821486, 32.13656061, 32.1349062 , 32.13325166,
        32.13159699, 32.12994222, 32.12828729, 32.12663222, 32.12497695,
        32.1233215 , 32.12166586, 32.12001002, 32.11835394, 32.11669768,
        32.11504127, 32.11338474, 32.11172817, 32.11007161, 32.10841506,
        32.10675858, 32.10510226, 32.10344609, 32.10179014, 32.1001345 ,
        32.09847914, 32.09682417, 32.09516967, 32.09351579, 32.09186139,
        32.09020833, 32.08855618, 32.08690492, 32.08525468, 32.08360561,
        32.08195795, 32.080312  , 32.078668  , 32.07702634, 32.07538751,
        32.07375204, 32.07212067, 32.07049435, 32.06887361, 32.06725944,
        32.06565347, 32.0640581 , 32.06247691, 32.06091553, 32.05938377,
        32.05790135, 32.05651815, 32.05544827]]), 'snr_nli': array([[45.21293365, 44.91661335, 44.77704315, 44.6829422 , 44.61060299,
        44.55095803, 44.49961571, 44.45410928, 44.41284357, 44.37482133,
        44.33931477, 44.30578167, 44.27367258, 44.24278751, 44.21292319,
        44.18385504, 44.15544388, 44.12758393, 44.10012653, 44.0730301 ,
        44.04624021, 44.01968408, 43.99329404, 43.96706355, 43.94089498,
        43.91471888, 43.88850834, 43.86219567, 43.83565166, 43.80869701,
        43.7793336 , 43.75191209, 43.72451973, 43.69697188, 43.66919692,
        43.64126093, 43.61318046, 43.58497948, 43.55673309, 43.5284976 ,
        43.50029899, 43.47220535, 43.44417427, 43.41621156, 43.38831841,
        43.36049184, 43.33270431, 43.30493228, 43.2771207 , 43.24913706,
        43.21985742, 43.1919121 , 43.16408062, 43.1362379 , 43.10836566,
        43.0804135 , 43.05235959, 43.02422091, 42.99594712, 42.96755233,
        42.93901307, 42.91029093, 42.88138057, 42.85230966, 42.82306364,
        42.79367775, 42.76417099, 42.73457368, 42.70493544, 42.67542481,
        42.64598652, 42.61660689, 42.58584279, 42.55826449, 42.53295426,
        42.51137697, 42.49646632, 42.49447775, 42.52232087, 42.65976766,
        42.36308301, 42.13156118, 42.01087704, 41.92080358, 41.84432364,
        41.77516234, 41.71035097, 41.64840282, 41.58828274, 41.52939042,
        41.47131083, 41.41372831, 41.35631132, 41.29901669, 41.24174798,
        41.18441558, 41.12697682, 41.06941899, 41.01166561, 40.95373729,
        40.8956144 , 40.83723318, 40.77860798, 40.71976912, 40.66062958,
        40.60124115, 40.54160466, 40.48169822, 40.42154394, 40.36119903,
        40.30058435, 40.2397163 , 40.17845267, 40.1155423 , 40.05404466,
        39.99274722, 39.93142995, 39.87006821, 39.80860338, 39.74706899,
        39.68541723, 39.62369299, 39.56185879, 39.49991263, 39.43781404,
        39.37558586, 39.31317032, 39.25061817, 39.18793997, 39.12514987,
        39.06225725, 38.9993345 , 38.93628217, 38.87305698, 38.80927116,
        38.74596998, 38.68274558, 38.61960277, 38.55648838, 38.49342115,
        38.43044595, 38.367553  , 38.30477997, 38.24219016, 38.17971068,
        38.11700693, 38.05531576, 37.9942922 , 37.93399161, 37.87474878,
        37.81657944, 37.75977958, 37.70483644, 37.65240114, 37.60420419,
        37.56267755, 37.53215565, 37.52231811, 37.558653  , 37.76348429,
        37.29704437, 36.94856013, 36.76951949, 36.63691437, 36.52497257,
        36.4244209 , 36.33082574, 36.2421947 , 36.15702993, 36.07434025,
        35.99357062, 35.91410818, 35.83542297, 35.75751537, 35.68015675,
        35.60325788, 35.52674058, 35.45055068, 35.37459992, 35.2988285 ,
        35.22318782, 35.14759285, 35.07200609, 34.99642655, 34.92083208,
        34.84534393, 34.77002412, 34.69489227, 34.62003986, 34.54557412,
        34.47146953, 34.3978562 , 34.32478134, 34.25226239, 34.18035791,
        34.10909514, 34.03851321, 33.96908003, 33.9004951 , 33.8316354 ,
        33.76225531, 33.69292459, 33.62370709, 33.55461488, 33.48560563,
        33.41666349, 33.34771772, 33.27890195, 33.21010814, 33.1412704 ,
        33.07241358, 33.00356714, 32.93458472, 32.86551557, 32.79631576,
        32.72695797, 32.65750672, 32.58798937, 32.51820227, 32.44822785,
        32.37811032, 32.30789283, 32.2375421 , 32.16708615, 32.09646208,
        32.0257237 , 31.95488559, 31.88394409, 31.81288453, 31.74179862,
        31.67075204, 31.5998263 , 31.52913166, 31.45874664, 31.38867609,
        31.31902027, 31.24986939, 31.18122927, 31.11317154, 31.04580654,
        30.97907502, 30.91310569, 30.84797516, 30.78385238, 30.72034503,
        30.65764163, 30.59619379, 30.53593901, 30.47699723, 30.41948395,
        30.36361798, 30.30966196, 30.25782385, 30.20844052, 30.16193952,
        30.11878332, 30.07962667, 30.04534866, 30.01634456, 29.99351357,
        29.97838246, 29.97326224, 29.98168304, 30.0093623 , 30.066638  ,
        30.17519799, 30.39331137, 31.00012275]]), 'max_oct': np.float64(420.6380076985582)}"
2,41,2,41,61.1,1,1,61.1,"{'P_opt': np.float64(-12.420000000000002), 'gsnr': array([[33.38745045, 33.36625706, 33.35497854, 33.34668291, 33.33984111,
        33.33385713, 33.32843866, 33.3234199 , 33.31869228, 33.31418771,
        33.30985595, 33.30565918, 33.30155776, 33.2975381 , 33.29358586,
        33.2896847 , 33.28582456, 33.28199781, 33.27819319, 33.2744078 ,
        33.27063762, 33.26687706, 33.26312084, 33.25936859, 33.2556124 ,
        33.25184659, 33.24806888, 33.24427353, 33.24044953, 33.23658146,
        33.23249476, 33.22856587, 33.22462901, 33.22066824, 33.21667703,
        33.21266073, 33.20862044, 33.20455793, 33.20047951, 33.19639002,
        33.19229167, 33.18819057, 33.18408294, 33.17996933, 33.17584991,
        33.17172446, 33.16759045, 33.16344573, 33.15928513, 33.15509611,
        33.15076923, 33.14655828, 33.14234569, 33.13811962, 33.13387828,
        33.1296167 , 33.12533259, 33.12102749, 33.11669624, 33.11234004,
        33.10795634, 33.10354105, 33.09909332, 33.09461571, 33.09010649,
        33.08556907, 33.08100527, 33.0764182 , 33.07181309, 33.06720802,
        33.06259766, 33.05798129, 33.05320099, 33.04875616, 33.04455046,
        33.04075012, 33.03768582, 33.03605807, 33.03773505, 33.05127652,
        33.4517286 , 33.42061148, 33.40321854, 33.38966323, 33.37779553,
        33.36681204, 33.35632848, 33.34615183, 33.33614454, 33.3262262 ,
        33.31634005, 33.30644173, 33.2964825 , 33.28645568, 33.27634602,
        33.26613885, 33.25582624, 33.24540473, 33.23486062, 33.22419536,
        33.21340395, 33.202474  , 33.19140561, 33.18020173, 33.16884548,
        33.15734327, 33.14569297, 33.13388842, 33.12193103, 33.10982874,
        33.097565  , 33.08514037, 33.0725265 , 33.05948031, 33.04657921,
        33.03359345, 33.02048104, 33.00723611, 32.99384577, 32.98031512,
        32.96663293, 32.95280667, 32.93882702, 32.92469191, 32.91039096,
        32.89592705, 32.88128571, 32.86647577, 32.85149738, 32.83635173,
        32.82103912, 32.8055742 , 32.78993275, 32.77410321, 32.75799013,
        32.74183928, 32.72555337, 32.70913358, 32.69256644, 32.67585604,
        32.65901304, 32.64203473, 32.62493054, 32.6077171 , 32.59037672,
        32.57281924, 32.55537364, 32.5379525 , 32.5205762 , 32.50334194,
        32.48626092, 32.46941425, 32.45291287, 32.43715248, 32.4224555 ,
        32.40959538, 32.39988802, 32.39620917, 32.40599643, 32.46393353,
        31.22289301, 31.13749252, 31.09120732, 31.05579777, 31.02521607,
        30.99717528, 30.97067523, 30.9451634 , 30.92027447, 30.89581501,
        30.87159298, 30.84747556, 30.82332796, 30.79911989, 30.77481301,
        30.7503748 , 30.7257981 , 30.70106805, 30.67615068, 30.65102062,
        30.62566609, 30.60006214, 30.57419793, 30.54807381, 30.52167533,
        30.4950378 , 30.46818167, 30.44111848, 30.41388269, 30.38651567,
        30.35901293, 30.33142732, 30.30378557, 30.27611005, 30.24846046,
        30.22102668, 30.19370262, 30.16605463, 30.13802922, 30.10981378,
        30.08141043, 30.05284964, 30.02412002, 29.99521445, 29.96611058,
        29.9367995 , 29.90725   , 29.87751705, 29.84755491, 29.8173351 ,
        29.78686718, 29.75616319, 29.72515824, 29.69387278, 29.66228557,
        29.63038248, 29.59819054, 29.56572108, 29.53287918, 29.49970075,
        29.46620364, 29.43240631, 29.39829178, 29.36387238, 29.32911628,
        29.29404799, 29.25867313, 29.22298898, 29.18698719, 29.15071293,
        29.11419919, 29.07748826, 29.04063878, 29.00369466, 28.9666624 ,
        28.92959883, 28.89255661, 28.85554472, 28.81860755, 28.78181192,
        28.74513332, 28.7086503 , 28.67241368, 28.63652745, 28.60077968,
        28.56528305, 28.53030422, 28.49581957, 28.46190948, 28.4286527 ,
        28.39618901, 28.36468594, 28.33428132, 28.30519069, 28.27768517,
        28.25205943, 28.22872336, 28.20822773, 28.19084068, 28.17713355,
        28.1680494 , 28.16499884, 28.17011393, 28.18680797, 28.22117046,
        28.28577026, 28.4136921 , 28.75533101]]), 'osnr': array([[33.66957276, 33.66779909, 33.66603068, 33.66426435, 33.6624994 ,
        33.66073555, 33.65897268, 33.65721071, 33.65544959, 33.65368927,
        33.65192975, 33.650171  , 33.64841301, 33.64665576, 33.64489925,
        33.64314347, 33.64138842, 33.63963409, 33.63788048, 33.63612758,
        33.6343754 , 33.63262392, 33.63087315, 33.62912308, 33.62737372,
        33.62562505, 33.62387708, 33.6221298 , 33.6203832 , 33.61863729,
        33.61689197, 33.61514742, 33.61340357, 33.61166041, 33.60991792,
        33.60817612, 33.60643501, 33.60469458, 33.60295484, 33.60121578,
        33.59947741, 33.59773974, 33.59600275, 33.59426646, 33.59253085,
        33.59079593, 33.58906169, 33.58732814, 33.58559527, 33.58386307,
        33.5821315 , 33.58040067, 33.57867052, 33.57694106, 33.57521227,
        33.57348415, 33.57175671, 33.57002995, 33.56830385, 33.56657843,
        33.56485367, 33.56312958, 33.56140615, 33.55968339, 33.5579613 ,
        33.55623986, 33.5545191 , 33.552799  , 33.55107957, 33.54936082,
        33.54764274, 33.54592533, 33.54420852, 33.54249255, 33.54077737,
        33.53906306, 33.5373498 , 33.53563792, 33.53392836, 33.53222535,
        34.02196074, 34.02024155, 34.01852919, 34.01681923, 34.0151107 ,
        34.01340323, 34.01169664, 34.00999085, 34.00828579, 34.00658143,
        34.00487774, 34.0031747 , 34.00147228, 33.99977049, 33.99806931,
        33.99636873, 33.99466876, 33.99296938, 33.9912706 , 33.98957241,
        33.9878748 , 33.98617778, 33.98448134, 33.98278547, 33.98109018,
        33.97939546, 33.97770131, 33.97600773, 33.97431471, 33.97262227,
        33.97093038, 33.96923905, 33.96754826, 33.9658579 , 33.96416824,
        33.96247918, 33.96079068, 33.95910275, 33.95741538, 33.95572857,
        33.95404231, 33.9523566 , 33.95067144, 33.94898683, 33.94730276,
        33.94561923, 33.94393624, 33.94225377, 33.94057184, 33.93889044,
        33.93720957, 33.93552924, 33.93384943, 33.93217013, 33.9304913 ,
        33.92881306, 33.92713535, 33.92545818, 33.92378155, 33.92210544,
        33.92042986, 33.91875482, 33.91708031, 33.91540634, 33.91373291,
        33.91205995, 33.91038766, 33.90871597, 33.90704491, 33.90537452,
        33.90370482, 33.90203585, 33.90036767, 33.89870051, 33.89703456,
        33.89537027, 33.8937084 , 33.89205063, 33.89040123, 33.88877989,
        32.37878568, 32.37707094, 32.37538607, 32.37370998, 32.3720381 ,
        32.37036869, 32.368701  , 32.3670346 , 32.3653692 , 32.36370467,
        32.36204083, 32.3603776 , 32.35871486, 32.35705257, 32.35539071,
        32.35372925, 32.35206818, 32.35040748, 32.34874711, 32.34708707,
        32.34542732, 32.34376784, 32.34210863, 32.34044967, 32.33879094,
        32.33713247, 32.33547428, 32.33381637, 32.33215876, 32.3305015 ,
        32.32884456, 32.32718801, 32.32553185, 32.32387611, 32.32222084,
        32.32056622, 32.31891215, 32.31725822, 32.31560436, 32.31395075,
        32.31229739, 32.3106443 , 32.30899147, 32.30733888, 32.30568651,
        32.30403434, 32.30238233, 32.30073053, 32.29907889, 32.29742738,
        32.29577599, 32.29412473, 32.29247353, 32.2908224 , 32.2891713 ,
        32.28752021, 32.28586915, 32.28421813, 32.28256703, 32.28091587,
        32.27926467, 32.27761344, 32.27596215, 32.27431079, 32.27265932,
        32.27100777, 32.26935611, 32.26770434, 32.26605244, 32.26440044,
        32.26274838, 32.26109629, 32.25944425, 32.25779229, 32.25614042,
        32.2544887 , 32.2528372 , 32.25118592, 32.24953493, 32.2478843 ,
        32.24623401, 32.24458417, 32.24293483, 32.24128616, 32.239637  ,
        32.23798924, 32.23634239, 32.23469642, 32.23305148, 32.23140769,
        32.22976526, 32.22812447, 32.22648555, 32.22484883, 32.22321477,
        32.22158384, 32.21995672, 32.21833427, 32.21671697, 32.21510574,
        32.21350207, 32.21190815, 32.21032725, 32.2087645 , 32.20722886,
        32.20573835, 32.20433877, 32.20322573]]), 'snr_nli': array([[45.40121674, 45.10052033, 44.95908766, 44.86379803, 44.79058631,
        44.7302518 , 44.67833888, 44.63234569, 44.59065585, 44.5522581 ,
        44.51641526, 44.48257822, 44.45019165, 44.41905262, 44.38895458,
        44.35967095, 44.33106057, 44.30301623, 44.27538785, 44.24813294,
        44.22119624, 44.19450418, 44.16798854, 44.14164269, 44.11536831,
        44.08909595, 44.0627987 , 44.03640881, 44.00979681, 43.98278383,
        43.95331667, 43.92585476, 43.89843097, 43.87086025, 43.84307029,
        43.81512694, 43.78704574, 43.75885001, 43.73061365, 43.70239242,
        43.67421144, 43.64613869, 43.61813133, 43.59019521, 43.56233153,
        43.53453759, 43.50678555, 43.47905236, 43.45128314, 43.42334584,
        43.39408682, 43.36619707, 43.33842553, 43.3106478 , 43.28284613,
        43.25497046, 43.22699934, 43.19895057, 43.17077407, 43.14248458,
        43.11405928, 43.08546032, 43.05668301, 43.02775621, 42.99866627,
        42.96944986, 42.94012766, 42.91073216, 42.88131537, 42.85205053,
        42.82288534, 42.79381226, 42.76335362, 42.73617755, 42.71134175,
        42.69034591, 42.67618544, 42.6752477 , 42.70480387, 42.84638628,
        42.55105162, 42.31598653, 42.19414082, 42.10355556, 42.02685754,
        41.95764261, 41.89288233, 41.83105957, 41.77111932, 41.71244959,
        41.65462738, 41.59733139, 41.54022497, 41.48326322, 41.42634734,
        41.36938617, 41.31233575, 41.25518223, 41.19784829, 41.14035387,
        41.08267864, 41.02475854, 40.96660731, 40.90825496, 40.84961431,
        40.7907371 , 40.73162407, 40.67225324, 40.61264627, 40.55286023,
        40.49281548, 40.43252897, 40.37186176, 40.30954175, 40.24865976,
        40.18798163, 40.12729044, 40.0665622 , 40.00573861, 39.94485329,
        39.88385825, 39.82279857, 39.76163664, 39.70037098, 39.63896122,
        39.57743045, 39.51572095, 39.45388371, 39.39192853, 39.32986949,
        39.26771615, 39.20554038, 39.1432432 , 39.08078401, 39.01776942,
        38.95524925, 38.89281028, 38.83045937, 38.76814385, 38.7058835 ,
        38.6437232 , 38.58165367, 38.51971298, 38.4579653 , 38.39634152,
        38.33450223, 38.27368477, 38.21353982, 38.15412589, 38.09577756,
        38.03850829, 37.98258008, 37.92835099, 37.87716381, 37.83006625,
        37.78963718, 37.76026933, 37.75167132, 37.78939877, 37.99705905,
        37.53669635, 37.1876529 , 37.00907475, 36.87708101, 36.765979  ,
        36.6662218 , 36.57364418, 36.48596027, 36.40168487, 36.32001609,
        36.24020035, 36.1617241 , 36.08409247, 36.00718102, 35.93084461,
        35.85496368, 35.77950507, 35.70441273, 35.62957319, 35.55490453,
        35.48036995, 35.40589434, 35.331448  , 35.25703549, 35.18261789,
        35.10830164, 35.03414614, 34.96018277, 34.88650575, 34.81322421,
        34.740317  , 34.66791927, 34.59609037, 34.52487568, 34.45441687,
        34.3851896 , 34.31688719, 34.24837641, 34.17952968, 34.11082896,
        34.04227743, 33.97394809, 33.90580883, 33.83783903, 33.7699822 ,
        33.70221564, 33.63446487, 33.56685936, 33.49929061, 33.43169351,
        33.36409173, 33.29651361, 33.22881427, 33.16104313, 33.09315603,
        33.02512582, 32.95701533, 32.88885154, 32.82043411, 32.75184569,
        32.68312826, 32.61432379, 32.54539966, 32.47638424, 32.40721534,
        32.33794605, 32.2685901 , 32.19914411, 32.12959372, 32.06002944,
        31.99051538, 31.92113154, 31.85198669, 31.78315851, 31.71465189,
        31.64656571, 31.57898826, 31.51192499, 31.44544597, 31.37966034,
        31.31450946, 31.25012131, 31.1865713 , 31.1240274 , 31.06209797,
        31.00096733, 30.94108573, 30.88239034, 30.82499926, 30.76902583,
        30.71468565, 30.66223783, 30.61188743, 30.56396766, 30.51890064,
        30.4771432 , 30.43933988, 30.40636422, 30.37861807, 30.35700729,
        30.34305342, 30.33905622, 30.34852726, 30.37715443, 30.43522475,
        30.54433579, 30.76273255, 31.36812016]]), 'max_oct': np.float64(423.0603904422455)}"
3,10,3,10,180.1,3,3,60.03333333333333,"{'P_opt': np.float64(-12.306666666666668), 'gsnr': array([[33.50506604, 33.48416201, 33.47292889, 33.46465344, 33.45782544,
        33.45185256, 33.44644376, 33.44143385, 33.43671466, 33.43221829,
        33.42789469, 33.42370614, 33.4196132 , 33.4156023 , 33.41165908,
        33.40776733, 33.40391698, 33.40010043, 33.39630645, 33.39253212,
        33.38877342, 33.38502474, 33.3812808 , 33.37754115, 33.37379781,
        33.37004485, 33.36627933, 33.36249344, 33.35866379, 33.35462298,
        33.35074509, 33.34685965, 33.3429509 , 33.33901553, 33.33504922,
        33.33105798, 33.3270431 , 33.32300644, 33.31895425, 33.31489132,
        33.3108198 , 33.30674576, 33.30266542, 33.29857938, 33.29448778,
        33.29039046, 33.28628489, 33.282169  , 33.27803771, 33.27387867,
        33.26958126, 33.26540132, 33.26122011, 33.25702603, 33.25281734,
        33.24858918, 33.24433933, 33.24006939, 33.2357743 , 33.23145531,
        33.22710997, 33.2227343 , 33.21832754, 33.21389234, 33.2094271 ,
        33.20493532, 33.20041901, 33.19588145, 33.19132806, 33.18677721,
        33.18222392, 33.17766816, 33.17295074, 33.1685742 , 33.16444117,
        33.16071929, 33.15774117, 33.15621117, 33.15800763, 33.17173672,
        33.57347068, 33.54234161, 33.52501015, 33.51153943, 33.49976855,
        33.4888901 , 33.47851798, 33.46845827, 33.4585729 , 33.44878117,
        33.43902619, 33.42926354, 33.41944451, 33.4095624 , 33.39960193,
        33.38954847, 33.37939413, 33.3691354 , 33.35875871, 33.3482655 ,
        33.33765078, 33.32690237, 33.31602036, 33.30500769, 33.29384774,
        33.28254691, 33.27110317, 33.2595105 , 33.24777031, 33.23589049,
        33.2238547 , 33.21166368, 33.19929011, 33.18649094, 33.17384071,
        33.16110937, 33.14825609, 33.13527527, 33.1221543 , 33.10889829,
        33.09549619, 33.08195549, 33.06826702, 33.05442889, 33.04043098,
        33.02627624, 33.01195048, 32.99746252, 32.98281245, 32.9680015 ,
        32.95303004, 32.9379125 , 32.92262514, 32.90715723, 32.89141371,
        32.87563749, 32.8597317 , 32.84369794, 32.82752298, 32.81121095,
        32.79477198, 32.77820261, 32.76150916, 32.74468926, 32.72763565,
        32.71067157, 32.69370789, 32.67674861, 32.65983381, 32.64306276,
        32.62644841, 32.61007237, 32.59404429, 32.57875388, 32.56451413,
        32.55206949, 32.54282201, 32.53950947, 32.54949726, 32.60703951,
        31.36248338, 31.27858346, 31.23321714, 31.19861039, 31.16873767,
        31.14142146, 31.11559594, 31.09075834, 31.06656588, 31.04277379,
        31.01922621, 30.99580434, 30.97233942, 30.94882846, 30.92522554,
        30.90151386, 30.87767288, 30.85368308, 30.82951428, 30.8051469 ,
        30.78056785, 30.75575401, 30.73069665, 30.70539145, 30.67981955,
        30.65401666, 30.62800514, 30.60179703, 30.5754264 , 30.54893421,
        30.52231748, 30.49563029, 30.46890528, 30.44218578, 30.41566236,
        30.38924885, 30.36255588, 30.33552563, 30.30833228, 30.28100364,
        30.25351502, 30.2258874 , 30.19810583, 30.17016175, 30.1420325 ,
        30.11370909, 30.0851608 , 30.0564408 , 30.02750456, 29.99832486,
        29.9689109 , 29.93927428, 29.90935215, 29.8791648 , 29.84869148,
        29.81791851, 29.78687187, 29.75556262, 29.72389911, 29.69191679,
        29.65963229, 29.62706335, 29.59419363, 29.56103544, 29.52755795,
        29.49378496, 29.45972167, 29.4253656 , 29.39070873, 29.35579483,
        29.32065555, 29.28533166, 29.2498799 , 29.21434292, 29.17872701,
        29.14308723, 29.10747423, 29.0718966 , 29.03639703, 29.00104041,
        28.96580286, 28.93076101, 28.89596398, 28.8615131 , 28.82720102,
        28.79313608, 28.75957876, 28.72650566, 28.69399455, 28.6621214 ,
        28.63102144, 28.60085693, 28.57176127, 28.54394364, 28.51766666,
        28.49321594, 28.47098751, 28.45151785, 28.43507217, 28.42221287,
        28.41385999, 28.41138771, 28.41687155, 28.43363281, 28.46759372,
        28.53097001, 28.65588728, 28.98824175]]), 'osnr': array([[33.7835725 , 33.78179921, 33.78003093, 33.77826469, 33.77649981,
        33.77473603, 33.77297321, 33.77121129, 33.76945021, 33.76768993,
        33.76593045, 33.76417174, 33.76241378, 33.76065656, 33.75890009,
        33.75714435, 33.75538933, 33.75363503, 33.75188145, 33.75012859,
        33.74837644, 33.74662499, 33.74487425, 33.74312422, 33.74137489,
        33.73962626, 33.73787832, 33.73613107, 33.7343845 , 33.73263854,
        33.73089335, 33.72914885, 33.72740505, 33.72566192, 33.72391948,
        33.72217773, 33.72043666, 33.71869627, 33.71695657, 33.71521756,
        33.71347924, 33.71174161, 33.71000467, 33.70826842, 33.70653286,
        33.70479799, 33.7030638 , 33.70133029, 33.69959747, 33.69786533,
        33.6961338 , 33.69440302, 33.69267293, 33.69094351, 33.68921477,
        33.68748671, 33.68575932, 33.68403261, 33.68230657, 33.6805812 ,
        33.6788565 , 33.67713247, 33.6754091 , 33.6736864 , 33.67196436,
        33.67024299, 33.66852229, 33.66680226, 33.6650829 , 33.66336421,
        33.6616462 , 33.65992887, 33.65821213, 33.65649623, 33.65478112,
        33.65306689, 33.65135369, 33.64964186, 33.64793231, 33.6462292 ,
        34.13596529, 34.13424645, 34.13253433, 34.13082456, 34.1291162 ,
        34.1274089 , 34.12570248, 34.12399685, 34.12229196, 34.12058777,
        34.11888425, 34.11718138, 34.11547914, 34.11377752, 34.11207653,
        34.11037614, 34.10867636, 34.10697718, 34.10527859, 34.10358061,
        34.10188321, 34.1001864 , 34.09849018, 34.09679454, 34.09509947,
        34.09340499, 34.09171108, 34.09001774, 34.08832498, 34.08663279,
        34.08494116, 34.0832501 , 34.08155959, 34.07986951, 34.07818014,
        34.07649137, 34.07480317, 34.07311554, 34.07142848, 34.06974198,
        34.06805604, 34.06637066, 34.06468584, 34.06300157, 34.06131785,
        34.05963467, 34.05795204, 34.05626994, 34.05458839, 34.05290737,
        34.0512269 , 34.04954697, 34.04786756, 34.04618869, 34.04451028,
        34.04283248, 34.04115521, 34.0394785 , 34.03780232, 34.03612668,
        34.03445158, 34.03277701, 34.03110299, 34.02942951, 34.0277565 ,
        34.02608415, 34.02441239, 34.02274125, 34.02107072, 34.01940087,
        34.01773171, 34.01606328, 34.01439564, 34.01272901, 34.01106357,
        34.00939973, 34.00773828, 34.00608076, 34.00443128, 34.00280863,
        32.49281914, 32.49110754, 32.48942449, 32.48774987, 32.48607928,
        32.48441113, 32.48274462, 32.48107939, 32.47941517, 32.47775179,
        32.47608912, 32.47442708, 32.47276552, 32.47110445, 32.46944382,
        32.46778362, 32.46612383, 32.46446443, 32.4628054 , 32.46114671,
        32.45948834, 32.45783028, 32.45617252, 32.45451504, 32.45285782,
        32.4512009 , 32.44954427, 32.44788796, 32.44623198, 32.44457637,
        32.44292112, 32.44126628, 32.43961187, 32.43795793, 32.43630463,
        32.4346519 , 32.43299937, 32.431347  , 32.42969492, 32.42804318,
        32.42639172, 32.42474059, 32.42308975, 32.42143919, 32.41978888,
        32.41813882, 32.41648897, 32.41483936, 32.41318997, 32.41154074,
        32.40989169, 32.40824281, 32.40659405, 32.4049454 , 32.40329685,
        32.40164836, 32.39999997, 32.39835166, 32.39670334, 32.39505504,
        32.39340676, 32.3917585 , 32.39011026, 32.38846202, 32.38681374,
        32.38516544, 32.38351712, 32.38186876, 32.38022034, 32.3785719 ,
        32.37692347, 32.37527509, 32.37362681, 32.37197868, 32.37033071,
        32.36868294, 32.36703545, 32.36538823, 32.36374135, 32.36209487,
        32.36044878, 32.35880316, 32.35715809, 32.3555137 , 32.35386888,
        32.35222547, 32.35058297, 32.34894137, 32.34730077, 32.3456613 ,
        32.34402316, 32.34238659, 32.3407518 , 32.33911912, 32.33748893,
        32.33586169, 32.33423799, 32.33261865, 32.33100411, 32.32939521,
        32.32779332, 32.32620047, 32.32461965, 32.32305557, 32.32151646,
        32.32001891, 32.31860498, 32.31745461]]), 'snr_nli': array([[45.57306541, 45.27310181, 45.13059122, 45.03444222, 44.9605601 ,
        44.89967918, 44.8473051 , 44.80091287, 44.75887141, 44.72015944,
        44.68403292, 44.64993769, 44.61731381, 44.58595626, 44.55565589,
        44.52618458, 44.49739955, 44.46919243, 44.44141185, 44.4140145 ,
        44.38694419, 44.36012639, 44.33349181, 44.30703288, 44.28064896,
        44.25426709, 44.22785203, 44.20130993, 44.17436163, 44.14500624,
        44.11774588, 44.09052505, 44.06315762, 44.03560801, 44.00782943,
        43.97989599, 43.95182587, 43.92364355, 43.89542283, 43.86721955,
        43.8390584 , 43.8110075 , 43.7830238 , 43.7551133 , 43.72727731,
        43.69951344, 43.6717937 , 43.64409553, 43.6163643 , 43.58846866,
        43.5592298 , 43.53138952, 43.50367079, 43.47595013, 43.44821033,
        43.42040171, 43.39250318, 43.36453329, 43.33644222, 43.30824531,
        43.27992035, 43.25143   , 43.22277021, 43.19397087, 43.1650192 ,
        43.13595311, 43.10679481, 43.0775787 , 43.04835892, 43.01931294,
        42.99039107, 42.9615917 , 42.93140822, 42.90459023, 42.88017497,
        42.85969257, 42.84619149, 42.84617243, 42.8772173 , 43.02237295,
        42.72834232, 42.49025745, 42.36743922, 42.27643974, 42.19957999,
        42.13034484, 42.06565456, 42.00396601, 41.94420706, 41.88575578,
        41.82818231, 41.77116058, 41.71434948, 41.65770273, 41.60111944,
        41.54450707, 41.48782059, 41.43104513, 41.37410258, 41.31701236,
        41.25975349, 41.20226162, 41.14454995, 41.08664828, 41.02846919,
        40.97006441, 40.91143456, 40.85255758, 40.79345471, 40.73418288,
        40.67466203, 40.61490962, 40.55478989, 40.49301341, 40.43269532,
        40.37258367, 40.31246452, 40.25231457, 40.19207582, 40.13178197,
        40.07138486, 40.01092977, 39.95037897, 39.88973143, 39.82894688,
        39.76804866, 39.70697903, 39.64578921, 39.58448832, 39.52309034,
        39.46160493, 39.40010353, 39.33848751, 39.27671871, 39.21439914,
        39.15258134, 39.09084764, 39.02920657, 38.96760542, 38.90606417,
        38.84462607, 38.78327848, 38.72204773, 38.66092509, 38.59949699,
        38.53901297, 38.47911124, 38.41979348, 38.3611952 , 38.30366459,
        38.24722229, 38.19213662, 38.13876729, 38.08845805, 38.04224195,
        38.00264097, 37.97442594, 37.96699071, 38.00608423, 38.21595644,
        37.76116862, 37.41168865, 37.23342115, 37.10209159, 36.99163075,
        36.89274233, 36.8009384 , 36.71408149, 36.63074092, 36.54991561,
        36.47096997, 36.39342939, 36.31667192, 36.24066568, 36.16523677,
        36.09031541, 36.01582269, 35.94168639, 35.86780342, 35.79410866,
        35.72055991, 35.64708584, 35.57366205, 35.50027845, 35.42688182,
        35.35358226, 35.28044602, 35.20750662, 35.13485898, 35.06261336,
        34.99075249, 34.91941756, 34.84868526, 34.77865809, 34.70983002,
        34.64193983, 34.57393713, 34.50567648, 34.43761788, 34.36982914,
        34.30224223, 34.23490639, 34.16777947, 34.10083649, 34.0340188 ,
        33.96730287, 33.9006137 , 33.83407887, 33.76759051, 33.7010849 ,
        33.63458514, 33.56811903, 33.50154316, 33.43490735, 33.3681674 ,
        33.3012964 , 33.2343558 , 33.16737241, 33.10014872, 33.03276768,
        32.96526933, 32.89769467, 32.83001167, 32.76224903, 32.69434514,
        32.62635256, 32.55828425, 32.49013711, 32.42189702, 32.35365341,
        32.285469  , 32.21742242, 32.14962109, 32.0821419 , 32.01498972,
        31.94826221, 31.88204595, 31.81634604, 31.7512312 , 31.68680953,
        31.62302281, 31.55999847, 31.4978108 , 31.43662689, 31.37605582,
        31.31627828, 31.2577432 , 31.20038748, 31.14432761, 31.08967499,
        31.03664237, 30.98548572, 30.93640744, 30.88973744, 30.84589289,
        30.8053255 , 30.76867053, 30.73679644, 30.71010985, 30.68952145,
        30.67654675, 30.67347329, 30.68379234, 30.71315781, 30.7717932 ,
        30.88115727, 31.09909945, 31.70145381]]), 'max_oct': np.float64(425.07668824576473)}"
3,31,3,31,211.3,3,3,70.43333333333334,"{'P_opt': np.float64(-13.786666666666669), 'gsnr': array([[32.03651935, 32.0189116 , 32.00923431, 32.00179073, 31.99574098,
        31.99042437, 31.98558078, 31.98106934, 31.97679833, 31.97271084,
        31.96876467, 31.96492813, 31.96116755, 31.95747174, 31.95382894,
        31.95022511, 31.94665192, 31.94310303, 31.93956882, 31.936047  ,
        31.93253427, 31.92902589, 31.92551733, 31.92200834, 31.91849215,
        31.91496382, 31.91142167, 31.90786145, 31.90427597, 31.90066462,
        31.89701803, 31.8933183 , 31.88944201, 31.8856767 , 31.88189772,
        31.87809683, 31.87427286, 31.87042678, 31.86656443, 31.86269016,
        31.85880623, 31.85491811, 31.85102255, 31.84712004, 31.84321073,
        31.83929441, 31.83536917, 31.83143345, 31.82748428, 31.82351927,
        31.81953668, 31.81552865, 31.81140557, 31.80735818, 31.80330531,
        31.79923336, 31.79513826, 31.79102033, 31.78687445, 31.78270117,
        31.77849771, 31.77425998, 31.76998673, 31.76567955, 31.76133623,
        31.75695899, 31.75254845, 31.74810617, 31.7436356 , 31.739151  ,
        31.73464803, 31.73013658, 31.72562366, 31.72101139, 31.71671137,
        31.71272717, 31.70930623, 31.70700041, 31.70728782, 31.71694003,
        32.12351646, 32.09747076, 32.08231807, 32.0701958 , 32.05939228,
        32.04926743, 32.03951392, 32.02997776, 32.02054787, 32.01115928,
        32.00176586, 31.99233107, 31.98281391, 31.97320908, 31.96350394,
        31.95368568, 31.9437475 , 31.93368661, 31.92349047, 31.91316039,
        31.9026918 , 31.89207291, 31.88130377, 31.87038675, 31.8593058 ,
        31.84806632, 31.83666584, 31.82509831, 31.81336531, 31.80147473,
        31.78941341, 31.77718753, 31.76480089, 31.7522481 , 31.73951526,
        31.7265802 , 31.7132452 , 31.69999535, 31.68662805, 31.67311346,
        31.65943379, 31.64559275, 31.63157993, 31.61739157, 31.60301669,
        31.58845686, 31.57369748, 31.55874576, 31.54360213, 31.52826732,
        31.51274097, 31.49703836, 31.48113895, 31.46504687, 31.44876227,
        31.43227678, 31.41557178, 31.39858609, 31.38152676, 31.36431658,
        31.34694617, 31.32940853, 31.31171196, 31.29387531, 31.27590332,
        31.25781543, 31.23963562, 31.22138303, 31.20307086, 31.18470662,
        31.16656413, 31.14863663, 31.13104512, 31.11401408, 31.09788705,
        31.08339597, 31.07176072, 31.0657391 , 31.07229666, 31.12368417,
        29.86856495, 29.78592582, 29.73996082, 29.70416557, 29.67281391,
        29.64377036, 29.61609679, 29.58931843, 29.56305462, 29.53711732,
        29.51132877, 29.48558876, 29.45972733, 29.43374255, 29.40757935,
        29.38122821, 29.3546571 , 29.32785139, 29.30077754, 29.27341288,
        29.24574755, 29.21775486, 29.18942207, 29.16074328, 29.13169828,
        29.10232936, 29.07266502, 29.04271364, 29.01251409, 28.9821083 ,
        28.95149772, 28.92073317, 28.88983349, 28.85880051, 28.82765433,
        28.79639438, 28.76499766, 28.73345355, 28.70175692, 28.66989756,
        28.6378366 , 28.60559951, 28.57318807, 28.54064846, 28.50823779,
        28.47582317, 28.44273389, 28.40894735, 28.37470957, 28.34004859,
        28.30499867, 28.26958549, 28.23374128, 28.19748906, 28.16080803,
        28.12368289, 28.08614647, 28.048212  , 28.00976842, 27.97085163,
        27.93148583, 27.8916935 , 27.85145299, 27.81077542, 27.76962349,
        27.72802445, 27.68598598, 27.64350332, 27.60056493, 27.55722131,
        27.51351102, 27.46948262, 27.42520177, 27.38071713, 27.33603418,
        27.2912176 , 27.24633033, 27.20138314, 27.15642896, 27.11154448,
        27.06670105, 27.02198574, 26.97745798, 26.93323218, 26.88908486,
        26.84515375, 26.80172664, 26.75878254, 26.71641648, 26.6747227 ,
        26.6338651 , 26.59403903, 26.55540526, 26.51821107, 26.482771  ,
        26.44942582, 26.41865867, 26.3910873 , 26.36696967, 26.34689103,
        26.33188411, 26.32350986, 26.32413682, 26.3375633 , 26.37057674,
        26.43720748, 26.57435795, 26.95150061]]), 'osnr': array([[32.29612406, 32.29434938, 32.29258036, 32.29081346, 32.28904814,
        32.28728399, 32.28552086, 32.28375864, 32.28199729, 32.28023677,
        32.27847704, 32.2767181 , 32.27495991, 32.27320247, 32.27144577,
        32.2696898 , 32.26793457, 32.26618005, 32.26442625, 32.26267316,
        32.26092078, 32.2591691 , 32.25741814, 32.25566787, 32.2539183 ,
        32.25216942, 32.25042124, 32.24867375, 32.24692694, 32.24518081,
        32.24343536, 32.24169057, 32.23994637, 32.23820293, 32.23646019,
        32.23471812, 32.23297673, 32.23123603, 32.229496  , 32.22775667,
        32.22601802, 32.22428006, 32.22254278, 32.2208062 , 32.2190703 ,
        32.21733508, 32.21560055, 32.2138667 , 32.21213353, 32.21040104,
        32.20866922, 32.20693807, 32.20520754, 32.20347774, 32.20174862,
        32.20002017, 32.19829239, 32.19656528, 32.19483883, 32.19311305,
        32.19138792, 32.18966346, 32.18793965, 32.1862165 , 32.18449401,
        32.18277217, 32.18105098, 32.17933046, 32.17761059, 32.17589138,
        32.17417284, 32.17245498, 32.17073778, 32.16902119, 32.16730548,
        32.16559066, 32.1638769 , 32.16216456, 32.16045464, 32.1587517 ,
        32.64848262, 32.64676176, 32.64504822, 32.6433372 , 32.64162765,
        32.63991917, 32.63821158, 32.63650478, 32.63479869, 32.63309329,
        32.63138854, 32.62968441, 32.62798088, 32.62627795, 32.6245756 ,
        32.62287383, 32.62117263, 32.619472  , 32.61777193, 32.61607242,
        32.61437346, 32.61267505, 32.61097719, 32.60927987, 32.60758309,
        32.60588684, 32.60419112, 32.60249593, 32.60080127, 32.59910714,
        32.59741353, 32.59572045, 32.59402788, 32.59233584, 32.59064431,
        32.58895327, 32.58726258, 32.58557258, 32.58388312, 32.58219418,
        32.58050575, 32.57881783, 32.57713042, 32.5754435 , 32.57375706,
        32.57207112, 32.57038565, 32.56870065, 32.56701613, 32.56533209,
        32.56364852, 32.56196543, 32.5602828 , 32.55860064, 32.55691894,
        32.5552377 , 32.55355689, 32.55187648, 32.5501966 , 32.54851721,
        32.54683829, 32.54515984, 32.54348186, 32.54180436, 32.54012734,
        32.53845082, 32.5367748 , 32.53509932, 32.53342437, 32.53174995,
        32.53007628, 32.52840336, 32.52673126, 32.52506019, 32.52339039,
        32.52172246, 32.52005735, 32.51839724, 32.51674758, 32.51513332,
        31.00510457, 31.00336931, 31.00167208, 30.99998586, 30.99830473,
        30.99662649, 30.99495016, 30.99327525, 30.99160135, 30.98992826,
        30.98825578, 30.98658382, 30.98491216, 30.98324082, 30.98156971,
        30.97989883, 30.97822813, 30.97655759, 30.97488716, 30.97321681,
        30.97154652, 30.96987625, 30.96820596, 30.96653566, 30.96486529,
        30.96319491, 30.96152453, 30.95985416, 30.95818384, 30.95651361,
        30.95484347, 30.95317346, 30.95150362, 30.94983393, 30.94816442,
        30.94649508, 30.94482588, 30.94315678, 30.94148779, 30.93981887,
        30.93814997, 30.93648112, 30.9348123 , 30.93314358, 30.9314753 ,
        30.92980729, 30.92813857, 30.9264691 , 30.9247992 , 30.9231289 ,
        30.92145822, 30.91978719, 30.91811569, 30.91644373, 30.91477127,
        30.91309825, 30.91142471, 30.90975065, 30.90807586, 30.90640039,
        30.90472424, 30.90304743, 30.90136989, 30.89969161, 30.89801252,
        30.89633262, 30.89465191, 30.89297033, 30.89128785, 30.88960452,
        30.88792038, 30.8862355 , 30.88454995, 30.88286381, 30.88117708,
        30.87948984, 30.8778022 , 30.87611417, 30.87442583, 30.87273733,
        30.87104861, 30.86935982, 30.86767109, 30.86598265, 30.86429319,
        30.86260471, 30.86091696, 30.8592299 , 30.85754377, 30.8558588 ,
        30.85417536, 30.85249394, 30.85081494, 30.84913897, 30.84746681,
        30.84579933, 30.84413772, 30.84248352, 30.84083746, 30.83920103,
        30.83757675, 30.83596838, 30.8343815 , 30.83282493, 30.83131401,
        30.82987958, 30.82859953, 30.82780739]]), 'snr_nli': array([[44.4003926 , 44.13351072, 44.00480855, 43.91402393, 43.8461857 ,
        43.79034045, 43.74218584, 43.69940733, 43.66051675, 43.62459224,
        43.59095811, 43.5591122 , 43.52853862, 43.49905528, 43.47047757,
        43.44259271, 43.41527342, 43.38842267, 43.36190024, 43.33567015,
        43.30968306, 43.28387122, 43.25817104, 43.23257783, 43.2069998 ,
        43.181371  , 43.15567052, 43.12984384, 43.10379855, 43.07753084,
        43.05092245, 43.02374744, 42.99442445, 42.96667634, 42.93888839,
        42.91095783, 42.88287291, 42.85464905, 42.82636216, 42.79806809,
        42.76979545, 42.7416119 , 42.71347694, 42.68539651, 42.6573723 ,
        42.6294015 , 42.60146146, 42.57353366, 42.54558371, 42.51758476,
        42.48951785, 42.46129396, 42.43188307, 42.40349293, 42.37518175,
        42.34679468, 42.31828807, 42.28966821, 42.26088059, 42.23193512,
        42.20280463, 42.17344806, 42.14385681, 42.11405287, 42.08401715,
        42.05377824, 42.02334737, 41.99274537, 41.96201251, 41.93130092,
        41.9005663 , 41.86991201, 41.83940949, 41.8080588 , 41.7800486 ,
        41.75536146, 41.73643828, 41.72875765, 41.7471633 , 41.86144454,
        41.55988581, 41.34904016, 41.23548671, 41.14884066, 41.07411536,
        41.00577493, 40.94119191, 40.879054  , 40.81843964, 40.75881597,
        40.69981405, 40.64115156, 40.58252653, 40.52390573, 40.46520551,
        40.40634498, 40.34728827, 40.28802891, 40.22849498, 40.16871049,
        40.10865976, 40.04828081, 39.98759141, 39.92662344, 39.8652913 ,
        39.80364765, 39.74169434, 39.67941155, 39.61682669, 39.55400389,
        39.49088048, 39.42750953, 39.36392814, 39.30011972, 39.23602081,
        39.17152532, 39.10556979, 39.04084113, 38.97621833, 38.91154654,
        38.84674092, 38.78183198, 38.71677669, 38.65156765, 38.58616196,
        38.52058065, 38.45476515, 38.3887649 , 38.32259472, 38.25627042,
        38.18980212, 38.1232714 , 38.05659347, 37.98979829, 37.92289677,
        37.8558621 , 37.7886243 , 37.72093425, 37.6536908 , 37.58656132,
        37.51950905, 37.45250848, 37.38559719, 37.31885313, 37.25229499,
        37.18599806, 37.12005175, 37.05452307, 36.98945335, 36.92486092,
        36.86175078, 36.80005695, 36.74018095, 36.68288262, 36.62932111,
        36.58199755, 36.54507134, 36.52805028, 36.55533822, 36.74401887,
        36.24644622, 35.90379178, 35.72379749, 35.58837306, 35.47279212,
        35.36798026, 35.26996035, 35.17670798, 35.0866651 , 34.99904386,
        34.91313742, 34.82854288, 34.74464329, 34.66141332, 34.57865404,
        34.49632422, 34.41431228, 34.33256712, 34.2509809 , 34.16948439,
        34.08805069, 34.00660339, 33.92511113, 33.84356409, 33.76191128,
        33.6802833 , 33.59876536, 33.51738219, 33.43624163, 33.35545469,
        33.27501776, 33.1950591 , 33.11561661, 33.03668186, 32.95829394,
        32.88043718, 32.80303967, 32.72606342, 32.64948552, 32.57327132,
        32.49731788, 32.42168097, 32.34635766, 32.27144978, 32.19754792,
        32.12431775, 32.05020408, 31.97518176, 31.89983127, 31.82422565,
        31.74844892, 31.67256319, 31.59642564, 31.5200936 , 31.44352896,
        31.3667066 , 31.2897027 , 31.21255015, 31.13502549, 31.05721199,
        30.97916632, 30.90093974, 30.82249413, 30.74385699, 30.66496052,
        30.58586371, 30.50658603, 30.42712258, 30.34745574, 30.26768414,
        30.18788093, 30.10813509, 30.02856373, 29.94924942, 29.87019478,
        29.79150742, 29.71328856, 29.63554508, 29.55835691, 29.48184266,
        29.40593729, 29.33077443, 29.25643752, 29.18310016, 29.11036912,
        29.03845796, 28.9678236 , 28.89840649, 28.83033767, 28.76374441,
        28.69886368, 28.63597848, 28.57531186, 28.51722083, 28.46216325,
        28.41063233, 28.36333879, 28.32119662, 28.28455463, 28.2542724 ,
        28.23190321, 28.21982018, 28.22165969, 28.24331787, 28.29546763,
        28.40052817, 28.6188285 , 29.24010215]]), 'max_oct': np.float64(404.20796176518996)}"
3,35,3,35,228.9,3,3,76.3,"{'P_opt': np.float64(-14.760000000000002), 'gsnr': array([[31.09337185, 31.07855593, 31.07027515, 31.06397354, 31.05849424,
        31.05375119, 31.04941446, 31.04535454, 31.04149325, 31.03778298,
        31.03418851, 31.03068353, 31.02723991, 31.02384842, 31.02049944,
        31.01718114, 31.01388668, 31.0106108 , 31.00734546, 31.00408882,
        31.00083814, 30.99758947, 30.99433901, 30.99108654, 30.98782639,
        30.98455434, 30.981269  , 30.97796687, 30.97464201, 30.9712944 ,
        30.96791783, 30.96450667, 30.96104863, 30.95744887, 30.95392989,
        30.9504027 , 30.94685704, 30.94329217, 30.9397128 , 30.9361225 ,
        30.93252321, 30.92891959, 30.92530886, 30.92169142, 30.91806738,
        30.91443649, 30.91079724, 30.90714823, 30.90348705, 30.89981193,
        30.8961224 , 30.89241824, 30.8886849 , 30.88485738, 30.88108665,
        30.87730612, 30.87350584, 30.86968482, 30.86583821, 30.86196624,
        30.85806631, 30.85413474, 30.85017031, 30.8461741 , 30.84214402,
        30.83808164, 30.83398715, 30.82986147, 30.82570709, 30.8215355 ,
        30.81734297, 30.81313882, 30.8089391 , 30.80476542, 30.80056369,
        30.79671954, 30.79333479, 30.79084236, 30.79043157, 30.79755693,
        31.21433317, 31.19251399, 31.17949357, 31.16891429, 31.15939103,
        31.15040549, 31.14170827, 31.13317446, 31.12471343, 31.11627215,
        31.10781281, 31.09930529, 31.09071546, 31.08203892, 31.07326509,
        31.06438305, 31.05538694, 31.04627439, 31.03703446, 31.02766813,
        31.01817137, 31.00853363, 30.99875486, 30.98883684, 30.97876527,
        30.96854453, 30.95817206, 30.94764225, 30.9369563 , 30.92612095,
        30.9151248 , 30.90397336, 30.89267043, 30.88121269, 30.86959307,
        30.85782023, 30.84588067, 30.83374249, 30.82124283, 30.80878685,
        30.79621053, 30.78348693, 30.77060081, 30.75754626, 30.7443122 ,
        30.73089901, 30.71729302, 30.70349983, 30.68951961, 30.67535258,
        30.66099768, 30.64646856, 30.63174669, 30.6168355 , 30.60173568,
        30.58644221, 30.57095416, 30.55528319, 30.53940093, 30.52324455,
        30.50700781, 30.49062183, 30.47407592, 30.4573831 , 30.44054597,
        30.42358142, 30.40651142, 30.3893563 , 30.3721508 , 30.35497603,
        30.33780881, 30.32064996, 30.30386163, 30.28757222, 30.27206084,
        30.25798794, 30.24646909, 30.23982144, 30.2442282 , 30.28838512,
        29.0071607 , 28.93287761, 28.89090977, 28.85785475, 28.82865458,
        28.80152253, 28.77556359, 28.75032916, 28.72553767, 28.7009886 ,
        28.67654635, 28.65207282, 28.62744257, 28.60263822, 28.5776493 ,
        28.55243551, 28.52697807, 28.50125618, 28.47525604, 28.44894612,
        28.42230709, 28.3953102 , 28.36794537, 28.34021371, 28.31209707,
        28.28363308, 28.25484432, 28.22573919, 28.19635409, 28.16672389,
        28.13683793, 28.10674793, 28.07647494, 28.04602988, 28.01543335,
        27.98468551, 27.95376105, 27.92264402, 27.89132692, 27.85979664,
        27.82801046, 27.79598472, 27.76370262, 27.73115587, 27.69832785,
        27.66522935, 27.63189004, 27.59868442, 27.56543521, 27.53139584,
        27.49648348, 27.46104174, 27.42506649, 27.38860167, 27.35163696,
        27.3141617 , 27.27621156, 27.23780156, 27.19881934, 27.15929871,
        27.11926515, 27.07874182, 27.03770516, 26.99616483, 26.9540821 ,
        26.91148373, 26.86837736, 26.82475704, 26.78060921, 26.73598351,
        26.69091817, 26.64546131, 26.59967752, 26.55361454, 26.50727613,
        26.46072703, 26.41403195, 26.36720165, 26.32029053, 26.27337694,
        26.22643092, 26.17953995, 26.13276519, 26.0862211 , 26.03969038,
        25.99331792, 25.94738861, 25.90188489, 25.85690598, 25.81255059,
        25.76898849, 25.7264219 , 25.68501708, 25.64502793, 25.60677887,
        25.57062108, 25.53705579, 25.50671215, 25.4798294 , 25.45697478,
        25.43918238, 25.42802253, 25.42588138, 25.43658644, 25.46697765,
        25.53119379, 25.66641884, 26.04336815]]), 'osnr': array([[31.31911744, 31.31734252, 31.31557339, 31.31380651, 31.31204098,
        31.31027674, 31.30851353, 31.30675125, 31.30498983, 31.30322924,
        31.30146945, 31.29971044, 31.29795219, 31.29619469, 31.29443793,
        31.2926819 , 31.2909266 , 31.28917202, 31.28741815, 31.285665  ,
        31.28391255, 31.28216081, 31.28040977, 31.27865943, 31.27690979,
        31.27516084, 31.27341258, 31.271665  , 31.26991811, 31.2681719 ,
        31.26642637, 31.2646815 , 31.2629373 , 31.26119368, 31.25945082,
        31.25770865, 31.25596716, 31.25422635, 31.25248622, 31.25074677,
        31.24900801, 31.24726994, 31.24553256, 31.24379586, 31.24205984,
        31.24032451, 31.23858987, 31.2368559 , 31.23512261, 31.23339   ,
        31.23165807, 31.2299268 , 31.2281962 , 31.22646621, 31.22473695,
        31.22300837, 31.22128045, 31.2195532 , 31.21782662, 31.21610069,
        31.21437542, 31.2126508 , 31.21092684, 31.20920354, 31.20748088,
        31.20575887, 31.20403752, 31.20231682, 31.20059677, 31.19887738,
        31.19715865, 31.19544059, 31.1937232 , 31.19200651, 31.19029047,
        31.1885754 , 31.18686138, 31.18514878, 31.18343859, 31.18173535,
        31.67146454, 31.6697434 , 31.66802955, 31.66631821, 31.66460832,
        31.6628995 , 31.66119156, 31.65948439, 31.65777793, 31.65607214,
        31.65436699, 31.65266246, 31.65095851, 31.64925515, 31.64755236,
        31.64585013, 31.64414847, 31.64244736, 31.64074679, 31.63904677,
        31.6373473 , 31.63564835, 31.63394994, 31.63225205, 31.63055468,
        31.62885784, 31.62716151, 31.62546569, 31.62377038, 31.62207558,
        31.62038129, 31.6186875 , 31.61699422, 31.61530145, 31.61360917,
        31.61191739, 31.6102261 , 31.60853528, 31.60684477, 31.60515493,
        31.6034656 , 31.60177677, 31.60008842, 31.59840055, 31.59671314,
        31.5950262 , 31.5933397 , 31.59165366, 31.58996806, 31.58828292,
        31.58659821, 31.58491396, 31.58323015, 31.58154677, 31.57986383,
        31.57818132, 31.57649923, 31.57481757, 31.57313632, 31.57145542,
        31.56977503, 31.56809509, 31.56641559, 31.56473655, 31.56305795,
        31.56137982, 31.55970217, 31.55802502, 31.55634839, 31.55467237,
        31.55299693, 31.55132207, 31.54964812, 31.54797521, 31.54630361,
        31.54463395, 31.54296729, 31.54130584, 31.53965546, 31.53804304,
        30.02799865, 30.02625557, 30.02455332, 30.02286277, 30.02117756,
        30.01949544, 30.01781527, 30.0161365 , 30.01445874, 30.01278174,
        30.01110533, 30.00942931, 30.00775351, 30.0060779 , 30.00440247,
        30.00272714, 30.00105188, 29.99937667, 29.99770146, 29.99602621,
        29.99435088, 29.99267542, 29.9909998 , 29.98932401, 29.98764801,
        29.98597184, 29.98429553, 29.98261907, 29.98094251, 29.9792659 ,
        29.9775892 , 29.97591248, 29.97423577, 29.97255907, 29.97088241,
        29.96920579, 29.96752915, 29.96585246, 29.96417569, 29.96249883,
        29.96082177, 29.95914455, 29.95746711, 29.95578944, 29.95411149,
        29.95243326, 29.9507548 , 29.94907673, 29.94739875, 29.94571954,
        29.94403892, 29.94235745, 29.94067511, 29.93899194, 29.9373079 ,
        29.93562294, 29.9339371 , 29.93225038, 29.93056252, 29.92887357,
        29.92718354, 29.92549244, 29.92380018, 29.92210676, 29.92041205,
        29.91871608, 29.91701881, 29.9153202 , 29.91362017, 29.91191879,
        29.9102161 , 29.90851216, 29.90680708, 29.90510092, 29.90339367,
        29.90168543, 29.89997634, 29.89826639, 29.89655568, 29.89484438,
        29.8931324 , 29.89141994, 29.88970714, 29.88799428, 29.88627997,
        29.88456626, 29.88285302, 29.88114024, 29.87942818, 29.87771714,
        29.8760076 , 29.87430015, 29.87259531, 29.87089384, 29.86919673,
        29.86750507, 29.86582039, 29.86414462, 29.86247861, 29.86082416,
        29.85918439, 29.85756395, 29.85596983, 29.85441297, 29.85291249,
        29.85150675, 29.8502926 , 29.84968429]]), 'snr_nli': array([[44.04740607, 43.79514598, 43.67324572, 43.58963679, 43.52191363,
        43.46791941, 43.42150461, 43.38023933, 43.34266873, 43.30790715,
        43.27530678, 43.24438841, 43.21465646, 43.18593873, 43.15806127,
        43.13081839, 43.10408979, 43.07778358, 43.05176473, 43.02600029,
        43.0004436 , 42.97502984, 42.94969776, 42.92444327, 42.89917794,
        42.87383725, 42.84840174, 42.82281961, 42.79700373, 42.77095782,
        42.74459275, 42.71782996, 42.69049353, 42.66119059, 42.63322832,
        42.60528315, 42.57720631, 42.5489903 , 42.52070579, 42.49240585,
        42.46411922, 42.43591226, 42.4077454 , 42.37962434, 42.35155055,
        42.32352076, 42.29551404, 42.26751178, 42.23948182, 42.21140157,
        42.18326633, 42.15507486, 42.12663545, 42.09709449, 42.06845463,
        42.03983177, 42.01109721, 41.98224078, 41.95320336, 41.92399171,
        41.8945768 , 41.86491657, 41.83500102, 41.80484923, 41.77444015,
        41.74379903, 41.71293333, 41.68185921, 41.65061194, 41.6193334 ,
        41.58798108, 41.55666761, 41.52558261, 41.49497614, 41.46421052,
        41.43775407, 41.41671466, 41.40600862, 41.41929338, 41.52074365,
        41.21832704, 41.01951504, 40.91034957, 40.82599393, 40.75261212,
        40.68508808, 40.62098848, 40.55909963, 40.49856531, 40.43889132,
        40.37973518, 40.32083423, 40.26190441, 40.20291733, 40.14379622,
        40.08446503, 40.02489135, 39.96507179, 39.90493705, 39.84451243,
        39.78378425, 39.72269169, 39.66125398, 39.59950324, 39.53735495,
        39.47486141, 39.41202428, 39.34882418, 39.28528986, 39.22148614,
        39.15735431, 39.09295004, 39.0283156 , 38.96344554, 38.8983113 ,
        38.8329844 , 38.76739607, 38.70136846, 38.63394186, 38.56759267,
        38.50132306, 38.43498105, 38.36848947, 38.30182782, 38.23494782,
        38.16786729, 38.10052638, 38.03297256, 37.96522222, 37.89729126,
        37.8291886 , 37.76099818, 37.69263681, 37.62413547, 37.55551016,
        37.48674834, 37.41785791, 37.34890673, 37.27977036, 37.21017015,
        37.14102216, 37.07200403, 37.0030701 , 36.93428209, 36.86565304,
        36.79725724, 36.72918717, 36.66152396, 36.59440523, 36.52815422,
        36.46265264, 36.39788448, 36.33528214, 36.2752919 , 36.2189368 ,
        36.16869224, 36.12872728, 36.10777817, 36.12956636, 36.30817346,
        35.79586124, 35.45824307, 35.27848661, 35.14189901, 35.02445633,
        34.91775268, 34.81764115, 34.72203841, 34.62965091, 34.53957769,
        34.45121712, 34.36399298, 34.27740798, 34.1913831 , 34.10586807,
        34.02071006, 33.93583879, 33.85118074, 33.76668967, 33.68226246,
        33.59784142, 33.51334112, 33.4287404 , 33.34405444, 33.25923745,
        33.17441791, 33.08967173, 33.00502841, 32.92059869, 32.83648325,
        32.75264579, 32.66922991, 32.58628537, 32.50383121, 32.42191194,
        32.34051423, 32.25955652, 32.17898571, 32.09877319, 32.01887679,
        31.93917978, 31.85972079, 31.78045313, 31.70135313, 31.62237747,
        31.5435514 , 31.46494457, 31.38744774, 31.31061025, 31.23266551,
        31.15345654, 31.0738121 , 30.99373778, 30.91334709, 30.83262815,
        30.7515688 , 30.67025838, 30.58873806, 30.50677469, 30.42445397,
        30.34184061, 30.25899199, 30.17586707, 30.09249392, 30.00880179,
        29.92485346, 29.84067136, 29.75625029, 29.67157034, 29.58673391,
        29.50181778, 29.41691449, 29.33214403, 29.24759066, 29.16325465,
        29.07924744, 28.99567661, 28.91254918, 28.82994967, 28.74800215,
        28.66663704, 28.58599119, 28.50615194, 28.42729548, 28.34902962,
        28.27158324, 28.19541545, 28.12046888, 28.04688145, 27.9747872 ,
        27.90443355, 27.83611547, 27.77006415, 27.70664776, 27.6463412 ,
        27.58965487, 27.53733055, 27.49030372, 27.44888921, 27.41391983,
        27.38695918, 27.37040978, 27.36796013, 27.38559493, 27.43415381,
        27.53642035, 27.75375031, 28.38120004]]), 'max_oct': np.float64(392.59156967887594)}"
3,44,3,44,254.1,4,4,63.525,"{'P_opt': np.float64(-12.805000000000001), 'gsnr': array([[33.01330415, 32.99337553, 32.98270552, 32.97482513, 32.96830452,
        32.96258618, 32.95739669, 32.95258092, 32.94803716, 32.94370169,
        32.93952742, 32.93547891, 32.93151889, 32.92763467, 32.92381286,
        32.92003807, 32.91630087, 32.91259412, 32.90890722, 32.90523747,
        32.90158111, 32.89793289, 32.89428781, 32.89064553, 32.88699857,
        32.88334151, 32.87967217, 32.87598512, 32.87226992, 32.86851213,
        32.86455602, 32.86073841, 32.85691181, 32.85306134, 32.84918091,
        32.84527564, 32.84134669, 32.83739583, 32.83342919, 32.82945146,
        32.82546482, 32.82147514, 32.81747886, 32.81347655, 32.8094684 ,
        32.80545427, 32.80143198, 32.79739988, 32.79335447, 32.789292  ,
        32.78520269, 32.78098997, 32.77687286, 32.7727524 , 32.76861876,
        32.76446577, 32.76029073, 32.7560948 , 32.75187293, 32.7476261 ,
        32.74335176, 32.73904588, 32.73470754, 32.73033897, 32.72593837,
        32.72150876, 32.71705162, 32.71256958, 32.70806724, 32.7035612 ,
        32.69904594, 32.6945202 , 32.68984308, 32.68546619, 32.68130598,
        32.67751637, 32.67440425, 32.6726198 , 32.67389702, 32.68617892,
        33.09024862, 33.06098257, 33.0444675 , 33.03151441, 33.02012435,
        33.00955022, 32.99943438, 32.98959731, 32.97991071, 32.97029957,
        32.96071091, 32.95110315, 32.94143044, 32.93168658, 32.92185727,
        32.91192858, 32.90189304, 32.89174743, 32.8814786 , 32.87108796,
        32.8605707 , 32.84991486, 32.83912053, 32.82819046, 32.81710836,
        32.80588028, 32.79450413, 32.78297397, 32.7712914 , 32.75946453,
        32.74747881, 32.73533905, 32.7230437 , 32.7105573 , 32.69765557,
        32.68488696, 32.67202347, 32.65903297, 32.64589835, 32.63262295,
        32.61919524, 32.60562193, 32.59189373, 32.57800825, 32.56395524,
        32.5497372 , 32.53533994, 32.52077178, 32.50603293, 32.49112454,
        32.47604693, 32.46081499, 32.44540738, 32.42982627, 32.414056  ,
        32.39800425, 32.38190373, 32.36568246, 32.34931303, 32.33279665,
        32.31614294, 32.29934907, 32.28242478, 32.26538896, 32.24824322,
        32.23098424, 32.21353715, 32.19620846, 32.17893732, 32.16179809,
        32.1447987 , 32.12802608, 32.11162328, 32.09578515, 32.08100931,
        32.06800954, 32.05805034, 32.05391914, 32.06283225, 32.11816694,
        30.86837707, 30.78527478, 30.73994265, 30.70513427, 30.67495   ,
        30.64723585, 30.62095405, 30.59564563, 30.57091718, 30.54656496,
        30.52245468, 30.49842884, 30.47434269, 30.45018312, 30.42590834,
        30.40149637, 30.37692405, 30.35217989, 30.32723478, 30.30206156,
        30.27664753, 30.25096769, 30.22501061, 30.19877641, 30.1722537 ,
        30.14548298, 30.11848448, 30.09126509, 30.06385756, 30.03630183,
        30.0085915 , 29.98077681, 29.95287937, 29.92491066, 29.89689808,
        29.86885815, 29.84081308, 29.81295554, 29.78519167, 29.75705137,
        29.72844317, 29.69959426, 29.67053127, 29.64125998, 29.61176366,
        29.582036  , 29.55204714, 29.52185335, 29.49140903, 29.46068513,
        29.42969136, 29.39844009, 29.36686569, 29.33498809, 29.30278597,
        29.27024484, 29.23739219, 29.20423936, 29.17068954, 29.13677799,
        29.10252336, 29.06794455, 29.03302378, 28.99777293, 28.96215944,
        28.92620794, 28.88992428, 28.8533053 , 28.81634208, 28.77908018,
        28.74155317, 28.70380397, 28.66589182, 28.62786103, 28.58971782,
        28.55151989, 28.51332125, 28.47513115, 28.4369951 , 28.39898118,
        28.36106438, 28.32332414, 28.28581245, 28.2486343 , 28.21157773,
        28.17475911, 28.13844652, 28.10261719, 28.06735363, 28.03273687,
        27.99891003, 27.9660445 , 27.93428133, 27.90384029, 27.87499842,
        27.84805669, 27.82343516, 27.80169317, 27.78309502, 27.76821071,
        27.75799242, 27.75386699, 27.75799192, 27.77382097, 27.80751421,
        27.87177612, 27.99992082, 28.3441707 ]]), 'osnr': array([[33.2824456 , 33.28067176, 33.27890326, 33.27713686, 33.27537186,
        33.27360798, 33.27184507, 33.27008306, 33.26832191, 33.26656156,
        33.26480201, 33.26304324, 33.26128521, 33.25952794, 33.2577714 ,
        33.2560156 , 33.25426052, 33.25250616, 33.25075252, 33.2489996 ,
        33.24724738, 33.24549588, 33.24374507, 33.24199498, 33.24024558,
        33.23849688, 33.23674888, 33.23500157, 33.23325494, 33.23150899,
        33.22976364, 33.22801906, 33.22627517, 33.22453196, 33.22278944,
        33.2210476 , 33.21930644, 33.21756597, 33.21582618, 33.21408708,
        33.21234867, 33.21061096, 33.20887392, 33.20713758, 33.20540193,
        33.20366696, 33.20193268, 33.20019908, 33.19846617, 33.19673393,
        33.19500237, 33.19327143, 33.19154122, 33.1898117 , 33.18808286,
        33.1863547 , 33.1846272 , 33.18290038, 33.18117423, 33.17944874,
        33.17772393, 33.17599978, 33.17427629, 33.17255347, 33.1708313 ,
        33.16910981, 33.16738897, 33.1656688 , 33.1639493 , 33.16223047,
        33.16051232, 33.15879483, 33.15707794, 33.15536188, 33.15364662,
        33.15193222, 33.15021887, 33.14850691, 33.14679728, 33.14509425,
        33.63482889, 33.63310945, 33.63139691, 33.62968678, 33.62797807,
        33.62627044, 33.62456368, 33.62285772, 33.62115249, 33.61944796,
        33.61774409, 33.61604086, 33.61433826, 33.61263627, 33.61093489,
        33.60923411, 33.60753393, 33.60583434, 33.60413534, 33.60243692,
        33.60073909, 33.59904183, 33.59734514, 33.59564903, 33.59395348,
        33.5922585 , 33.59056408, 33.58887023, 33.58717693, 33.5854842 ,
        33.58379202, 33.58210039, 33.58040932, 33.57871878, 33.57702865,
        33.57533923, 33.57365038, 33.5719621 , 33.57027437, 33.56858719,
        33.56690056, 33.56521447, 33.56352893, 33.56184392, 33.56015945,
        33.5584755 , 33.55679208, 33.55510918, 33.5534268 , 33.55174495,
        33.55006361, 33.54838281, 33.54670251, 33.54502274, 33.54334346,
        33.54166463, 33.53998638, 33.53830867, 33.53663148, 33.53495481,
        33.53327866, 33.53160303, 33.52992793, 33.52825336, 33.52657932,
        33.52490581, 33.52323278, 33.52156043, 33.5198887 , 33.51821764,
        33.51654727, 33.51487762, 33.5132088 , 33.51154093, 33.50987431,
        33.50820939, 33.50654697, 33.50488881, 33.50323939, 33.50161923,
        31.99161914, 31.98990088, 31.98821388, 31.98653606, 31.98486259,
        31.98319169, 31.98152251, 31.97985466, 31.97818781, 31.9765218 ,
        31.9748565 , 31.97319178, 31.97152752, 31.96986369, 31.96820025,
        31.96653719, 31.96487448, 31.9632121 , 31.96155003, 31.95988823,
        31.95822669, 31.95656537, 31.95490427, 31.95324337, 31.95158266,
        31.94992218, 31.94826192, 31.94660191, 31.94494216, 31.9432827 ,
        31.94162353, 31.9399647 , 31.93830621, 31.93664809, 31.93499035,
        31.93333301, 31.93167608, 31.93001978, 31.928364  , 31.92670825,
        31.92505241, 31.92339673, 31.92174121, 31.92008588, 31.91843069,
        31.91677563, 31.91512067, 31.91346585, 31.91181113, 31.91015646,
        31.90850184, 31.90684727, 31.90519268, 31.90353807, 31.90188342,
        31.90022869, 31.8985739 , 31.89691905, 31.89526403, 31.89360885,
        31.89195353, 31.89029808, 31.88864246, 31.88698667, 31.88533066,
        31.88367445, 31.88201802, 31.88036137, 31.87870447, 31.87704735,
        31.87539005, 31.87373261, 31.87207511, 31.87041759, 31.86876006,
        31.86710258, 31.86544522, 31.863788  , 31.86213097, 31.86047424,
        31.85881775, 31.85716164, 31.85550597, 31.85385091, 31.8521953 ,
        31.85054101, 31.84888762, 31.8472351 , 31.84558359, 31.84393324,
        31.84228429, 31.84063705, 31.83899177, 31.83734884, 31.83570876,
        31.83407206, 31.8324395 , 31.83081207, 31.82919027, 31.82757512,
        31.82596828, 31.8243722 , 31.8227905 , 31.82122891, 31.81969742,
        31.81821607, 31.81683559, 31.81577364]]), 'snr_nli': array([[45.22521721, 44.93077551, 44.79198843, 44.69839722, 44.62644033,
        44.56710383, 44.51602172, 44.47074135, 44.42967596, 44.39183396,
        44.35649134, 44.32310878, 44.29113895, 44.26038328, 44.23063979,
        44.20168467, 44.17337955, 44.14561928, 44.1182557 , 44.09124766,
        44.06454106, 44.03806342, 44.01174731, 43.98558632, 43.95948309,
        43.93336827, 43.90721517, 43.88095643, 43.85446365, 43.8275609 ,
        43.79832508, 43.77094729, 43.7435897 , 43.71607126, 43.68832132,
        43.66040644, 43.6323437 , 43.60415741, 43.5759233 , 43.54769799,
        43.51950789, 43.49142139, 43.46339642, 43.4354392 , 43.40755153,
        43.37973147, 43.3519538 , 43.32420006, 43.2964312 , 43.26860631,
        43.2406184 , 43.2114051 , 43.18339155, 43.15547834, 43.12755798,
        43.09956453, 43.07147106, 43.04329228, 43.01497664, 42.98653756,
        42.957951  , 42.92917815, 42.90021327, 42.8710836 , 42.8417741 ,
        42.81231952, 42.78273818, 42.75305962, 42.72333258, 42.69372423,
        42.66417869, 42.63468324, 42.603857  , 42.57612436, 42.55062604,
        42.52881638, 42.51360498, 42.51119452, 42.5383494 , 42.67413364,
        42.37691788, 42.14682567, 42.02661212, 41.93674791, 41.86035918,
        41.79122314, 41.72639501, 41.66440048, 41.60421229, 41.54523494,
        41.4870567 , 41.42936436, 41.37182837, 41.31440646, 41.25700311,
        41.19952936, 41.14194308, 41.08423212, 41.0263203 , 40.96822863,
        40.90993783, 40.85138432, 40.79258287, 40.73356408, 40.6742412 ,
        40.61466646, 40.55484122, 40.49474454, 40.43440036, 40.37386943,
        40.31308077, 40.25207578, 40.19085889, 40.12924735, 40.066037  ,
        40.0042452 , 39.94261486, 39.88097682, 39.81924797, 39.75745416,
        39.69554434, 39.63356182, 39.57146825, 39.50926109, 39.44689949,
        39.38440621, 39.3217234 , 39.25890187, 39.19595276, 39.13289089,
        39.06972682, 39.00653654, 38.94323087, 38.87982849, 38.81626941,
        38.75216532, 38.68853302, 38.6250583 , 38.56162654, 38.49824634,
        38.43496021, 38.37175852, 38.30868224, 38.24580689, 38.18313703,
        38.12065772, 38.05807994, 37.99657577, 37.93588785, 37.87627296,
        37.81773277, 37.760558  , 37.70523238, 37.65240965, 37.60380272,
        37.56184331, 37.53085568, 37.52048391, 37.55613892, 37.75974729,
        37.29100975, 36.94299496, 36.76389268, 36.63108301, 36.51887647,
        36.41802597, 36.32413182, 36.23520937, 36.1496357 , 36.06655711,
        35.9854112 , 35.90558482, 35.82653952, 35.74820907, 35.67043439,
        35.59312921, 35.51620748, 35.43962457, 35.36328162, 35.28709039,
        35.21101156, 35.1349696 , 35.05893367, 34.98290898, 34.90686614,
        34.83092956, 34.75515911, 34.67957352, 34.60426409, 34.52933821,
        34.45476967, 34.38068906, 34.30714347, 34.23415055, 34.1617696 ,
        34.09002882, 34.01897   , 33.94907483, 33.88007157, 33.81074252,
        33.7408687 , 33.67103407, 33.60130538, 33.53169576, 33.46216322,
        33.3926922 , 33.32321164, 33.25385613, 33.18451717, 33.11512837,
        33.04571471, 32.97630626, 32.90675583, 32.83711285, 32.7673334 ,
        32.69739005, 32.62734782, 32.55723458, 32.4868452 , 32.41626229,
        32.34553063, 32.27469392, 32.20371838, 32.13263218, 32.06137197,
        31.98999201, 31.91850708, 31.84691354, 31.77519634, 31.70344763,
        31.63173329, 31.56013512, 31.48876353, 31.41769724, 31.34694067,
        31.27659445, 31.20674943, 31.1374113 , 31.06865205, 31.00058275,
        30.9331434 , 30.86646321, 30.80061912, 30.73578025, 30.67155429,
        30.60813146, 30.54596342, 30.48498782, 30.42532536, 30.367092  ,
        30.31050753, 30.25583576, 30.20328522, 30.15319378, 30.10599058,
        30.06213959, 30.02229801, 29.98734821, 29.95768139, 29.93419508,
        29.91841738, 29.91266247, 29.92046596, 29.94755443, 30.00428297,
        30.11237683, 30.33021058, 30.93749594]]), 'max_oct': np.float64(418.2270259582037)}"
4,5,4,5,178.4,3,3,59.46666666666667,"{'P_opt': np.float64(-12.193333333333337), 'gsnr': array([[33.61242133, 33.59101049, 33.57952746, 33.57108039, 33.56411904,
        33.55803539, 33.55253073, 33.5474355 , 33.54263873, 33.53807073,
        33.53368011, 33.52942821, 33.52527456, 33.52120523, 33.5172055 ,
        33.51325873, 33.5093546 , 33.5054853 , 33.50163933, 33.49781368,
        33.49400423, 33.49020523, 33.48641126, 33.48262187, 33.47882886,
        33.47502619, 33.47121083, 33.46737474, 33.46349386, 33.45939321,
        33.45546334, 33.45152617, 33.44756541, 33.44357766, 33.43955845,
        33.43551394, 33.43144542, 33.42735478, 33.4232484 , 33.41913116,
        33.41500525, 33.41087686, 33.40674214, 33.40260167, 33.39845563,
        33.39430383, 33.39014369, 33.3859731 , 33.38178682, 33.37757214,
        33.37321351, 33.36897773, 33.36474096, 33.36049122, 33.35622674,
        33.35194253, 33.34763633, 33.34330979, 33.33895775, 33.33458147,
        33.33017848, 33.3257447 , 33.32127934, 33.31678511, 33.31226033,
        33.30770854, 33.30313164, 33.29853269, 33.2939164 , 33.28929894,
        33.2846595 , 33.27981741, 33.27526657, 33.27086945, 33.26670338,
        33.26295624, 33.25997236, 33.2584761 , 33.26039709, 33.2745761 ,
        33.67442419, 33.64255342, 33.62484927, 33.61110963, 33.59911617,
        33.58804006, 33.57748504, 33.56725207, 33.55719948, 33.54724451,
        33.53732878, 33.52740678, 33.51742863, 33.50738744, 33.49726756,
        33.48705404, 33.47673879, 33.46631825, 33.45577855, 33.44512116,
        33.43434103, 33.42342573, 33.41237536, 33.40119297, 33.38986161,
        33.37838787, 33.3667697 , 33.35500099, 33.34308322, 33.33102445,
        33.31880802, 33.30643472, 33.29387663, 33.28088145, 33.26804443,
        33.25512637, 33.24208557, 33.22891633, 33.21560584, 33.20215932,
        33.18856554, 33.17483217, 33.16094989, 33.14691684, 33.13272271,
        33.11837055, 33.10384588, 33.08915769, 33.07430592, 33.05929155,
        33.04411429, 33.02878653, 33.01327026, 32.99746932, 32.98164423,
        32.96568682, 32.94958206, 32.93334552, 32.9169661 , 32.90044885,
        32.88380441, 32.86702948, 32.85013065, 32.83310566, 32.81584341,
        32.79867689, 32.78151329, 32.76435683, 32.74724832, 32.73028875,
        32.71349146, 32.69693962, 32.68074387, 32.66530248, 32.6509329 ,
        32.63839163, 32.62910542, 32.62585823, 32.63614119, 32.69480667,
        31.45495192, 31.36965452, 31.32359914, 31.28850246, 31.25822859,
        31.23056123, 31.20441457, 31.17927627, 31.15479568, 31.13072198,
        31.10690769, 31.08321658, 31.05950461, 31.03574161, 31.01190279,
        30.98795374, 30.96387252, 30.93964339, 30.9152364 , 30.89063205,
        30.86581718, 30.84076847, 30.81547719, 30.78993905, 30.76413501,
        30.73810127, 30.7118605 , 30.68542496, 30.65882917, 30.63211456,
        30.60527814, 30.57837447, 30.55143636, 30.52450686, 30.49777507,
        30.47114626, 30.44425112, 30.41702452, 30.38963909, 30.36212225,
        30.33444883, 30.3066399 , 30.27868032, 30.25056146, 30.22226049,
        30.19376838, 30.16505421, 30.13617165, 30.10707584, 30.07773947,
        30.04817191, 30.01838487, 29.98831505, 29.95798311, 29.92736812,
        29.89645641, 29.86527417, 29.83383258, 29.80203953, 29.76993091,
        29.73752344, 29.70483498, 29.67184923, 29.6385787 , 29.60499246,
        29.57111451, 29.53695013, 29.50249689, 29.46774686, 29.43274414,
        29.3975206 , 29.36211728, 29.32659133, 29.29098567, 29.25530672,
        29.21960983, 29.18394582, 29.14832331, 29.1127851 , 29.07739633,
        29.04213301, 29.00707213, 28.97226293, 28.93780725, 28.90349624,
        28.86943835, 28.83589557, 28.80284414, 28.77036191, 28.73852494,
        28.70746875, 28.67735595, 28.64832021, 28.62057126, 28.59437239,
        28.57000988, 28.54788059, 28.52852271, 28.51220342, 28.49948838,
        28.49130157, 28.48902288, 28.49473642, 28.51177747, 28.54609384,
        28.60995542, 28.73563505, 29.06977578]]), 'osnr': array([[33.89758521, 33.8958119 , 33.89404362, 33.89227737, 33.89051249,
        33.88874871, 33.88698589, 33.88522396, 33.88346287, 33.8817026 ,
        33.87994312, 33.8781844 , 33.87642644, 33.87466923, 33.87291275,
        33.87115701, 33.86940199, 33.86764769, 33.86589411, 33.86414125,
        33.86238909, 33.86063765, 33.85888691, 33.85713688, 33.85538754,
        33.85363891, 33.85189097, 33.85014372, 33.84839716, 33.84665119,
        33.844906  , 33.84316151, 33.8414177 , 33.83967458, 33.83793214,
        33.83619038, 33.83444931, 33.83270893, 33.83096923, 33.82923022,
        33.8274919 , 33.82575427, 33.82401733, 33.82228109, 33.82054552,
        33.81881065, 33.81707647, 33.81534296, 33.81361014, 33.811878  ,
        33.81014647, 33.80841569, 33.8066856 , 33.80495619, 33.80322745,
        33.80149939, 33.79977201, 33.7980453 , 33.79631926, 33.79459389,
        33.79286919, 33.79114516, 33.7894218 , 33.7876991 , 33.78597707,
        33.7842557 , 33.782535  , 33.78081497, 33.77909561, 33.77737693,
        33.77565891, 33.77394147, 33.77222484, 33.77050897, 33.76879387,
        33.76707965, 33.76536646, 33.76365464, 33.76194512, 33.76024204,
        34.24997818, 34.24825932, 34.24654719, 34.24483743, 34.24312907,
        34.24142178, 34.23971536, 34.23800974, 34.23630486, 34.23460068,
        34.23289717, 34.23119431, 34.22949209, 34.22779048, 34.2260895 ,
        34.22438912, 34.22268936, 34.22099019, 34.21929162, 34.21759365,
        34.21589627, 34.21419948, 34.21250327, 34.21080765, 34.20911261,
        34.20741814, 34.20572425, 34.20403093, 34.20233819, 34.20064602,
        34.19895442, 34.19726338, 34.1955729 , 34.19388284, 34.1921935 ,
        34.19050475, 34.18881658, 34.18712898, 34.18544194, 34.18375548,
        34.18206957, 34.18038422, 34.17869943, 34.17701519, 34.1753315 ,
        34.17364836, 34.17196576, 34.1702837 , 34.16860219, 34.16692121,
        34.16524077, 34.16356088, 34.16188151, 34.16020261, 34.15852431,
        34.15684656, 34.15516935, 34.15349269, 34.15181656, 34.15014097,
        34.14846592, 34.14679141, 34.14511744, 34.14344401, 34.14177107,
        34.14009877, 34.13842708, 34.13675599, 34.13508553, 34.13341574,
        34.13174665, 34.13007828, 34.12841071, 34.12674415, 34.12507877,
        34.123415  , 34.12175362, 34.12009615, 34.1184467 , 34.11682401,
        32.60683509, 32.60512375, 32.60344087, 32.6017664 , 32.60009595,
        32.59842794, 32.59676157, 32.59509647, 32.59343239, 32.59176914,
        32.59010662, 32.58844471, 32.58678331, 32.58512239, 32.58346192,
        32.58180189, 32.58014227, 32.57848304, 32.57682417, 32.57516566,
        32.57350748, 32.5718496 , 32.57019203, 32.56853475, 32.56687773,
        32.56522101, 32.5635646 , 32.5619085 , 32.56025274, 32.55859736,
        32.55694234, 32.55528773, 32.55363356, 32.55197986, 32.55032681,
        32.54867431, 32.54702203, 32.54536992, 32.54371811, 32.54206664,
        32.54041547, 32.53876462, 32.53711408, 32.53546382, 32.53381383,
        32.53216408, 32.53051455, 32.52886528, 32.52721623, 32.52556735,
        32.52391865, 32.52227015, 32.52062176, 32.5189735 , 32.51732534,
        32.51567726, 32.51402928, 32.51238141, 32.51073353, 32.50908568,
        32.50743786, 32.50579008, 32.50414232, 32.50249458, 32.50084682,
        32.49919905, 32.49755126, 32.49590346, 32.49425561, 32.49260775,
        32.49095992, 32.48931214, 32.48766449, 32.486017  , 32.48436967,
        32.48272257, 32.48107574, 32.47942921, 32.47778303, 32.47613726,
        32.47449188, 32.472847  , 32.47120266, 32.46955902, 32.46791495,
        32.4662723 , 32.46463057, 32.46298974, 32.46134992, 32.45971122,
        32.45807386, 32.45643806, 32.45480403, 32.45317208, 32.45154263,
        32.44991608, 32.44829305, 32.44667433, 32.44506035, 32.44345196,
        32.44185049, 32.44025795, 32.43867729, 32.43711315, 32.43557366,
        32.43407515, 32.43265911, 32.43150302]]), 'snr_nli': array([[45.58112112, 45.28019328, 45.13725003, 45.04081769, 44.96672243,
        44.90566912, 44.85314929, 44.80663018, 44.76447604, 44.72566252,
        44.68944349, 44.65526326, 44.62256066, 44.59112994, 44.56076127,
        44.53122607, 44.50238115, 44.47411779, 44.44628431, 44.41883721,
        44.39172011, 44.36485828, 44.33818232, 44.3116846 , 44.2852643 ,
        44.2588484 , 44.2324015 , 44.20582935, 44.17885103, 44.1494228 ,
        44.12213757, 44.09489687, 44.06751284, 44.03994942, 44.01215949,
        43.98421704, 43.95613994, 43.92795251, 43.89972819, 43.87152267,
        43.84336043, 43.81530951, 43.78732676, 43.75941814, 43.73158496,
        43.70382485, 43.67610968, 43.64841692, 43.62069171, 43.59280179,
        43.56354349, 43.53571159, 43.508004  , 43.48029632, 43.4525712 ,
        43.42477892, 43.39689839, 43.36894829, 43.34087876, 43.3127052 ,
        43.28440541, 43.25594205, 43.22731094, 43.19854188, 43.16962175,
        43.14058781, 43.11146093, 43.08227255, 43.05306911, 43.02400354,
        42.99487993, 42.96402035, 42.93602037, 42.9095697 , 42.88535341,
        42.86505445, 42.85176063, 42.85201131, 42.88347581, 43.02961297,
        42.73600597, 42.49711212, 42.3740396 , 42.28293669, 42.20604161,
        42.13680924, 42.07214605, 42.01050181, 41.95079983, 41.89241545,
        41.83491695, 41.77797691, 41.72125305, 41.66469865, 41.60821226,
        41.55170097, 41.49511945, 41.43845254, 41.38162193, 41.32464687,
        41.26750619, 41.21013549, 41.15254779, 41.0947728 , 41.03672307,
        40.97845029, 40.91995506, 40.86121529, 40.80225207, 40.74312225,
        40.68374558, 40.62413935, 40.56416742, 40.50251644, 40.442351  ,
        40.38239446, 40.32243237, 40.26244131, 40.20236321, 40.14223173,
        40.08199862, 40.02170914, 39.96132548, 39.90084664, 39.84023228,
        39.77950563, 39.71860874, 39.65759253, 39.59646528, 39.53523963,
        39.47392216, 39.41257431, 39.35103815, 39.28891501, 39.22732509,
        39.16580555, 39.1042967 , 39.04286614, 38.98147101, 38.92013464,
        38.85890158, 38.79775992, 38.73673645, 38.67582295, 38.61459789,
        38.55432704, 38.49464029, 38.4355398 , 38.37716135, 38.31985343,
        38.26363743, 38.20878258, 38.15564598, 38.10557967, 38.05961532,
        38.02027632, 37.99234339, 37.98522264, 38.0246998 , 38.23522628,
        37.78192997, 37.43227849, 37.25409673, 37.12292337, 37.01264797,
        36.91396359, 36.82237283, 36.73573363, 36.65260722, 36.57198546,
        36.49327086, 36.41593475, 36.33944812, 36.26368643, 36.1885485 ,
        36.11390638, 36.03967799, 35.96580442, 35.89218464, 35.81875447,
        35.74547192, 35.6722658 , 35.59911184, 35.52599994, 35.45287693,
        35.37985262, 35.30699313, 35.23433199, 35.16196395, 35.08999897,
        35.01841981, 34.94736705, 34.87691668, 34.80716909, 34.73860824,
        34.67095378, 34.60322091, 34.535246  , 34.46747913, 34.39998605,
        34.33269814, 34.2656641 , 34.1988416 , 34.13220563, 34.06569759,
        33.99929399, 33.93292   , 33.86670282, 33.80053482, 33.73435264,
        33.66817931, 33.60204241, 33.53579891, 33.46949869, 33.4030975 ,
        33.33656851, 33.26997288, 33.20333724, 33.13646482, 33.06943856,
        33.00229814, 32.93508427, 32.86776512, 32.80036941, 32.7328357 ,
        32.66521638, 32.59752423, 32.5297562 , 32.46189829, 32.3940397 ,
        32.32624293, 32.25858638, 32.1911773 , 32.12409243, 32.05733677,
        31.99100775, 31.92519157, 31.85989333, 31.79518146, 31.73116376,
        31.66778226, 31.60516417, 31.54338357, 31.48260734, 31.42244471,
        31.3630754 , 31.30494813, 31.24799972, 31.19234627, 31.13809877,
        31.08546938, 31.03471332, 30.98603253, 30.93975619, 30.89630044,
        30.85611592, 30.81983607, 30.78832772, 30.76199913, 30.74176188,
        30.72913021, 30.72638904, 30.73702527, 30.76668547, 30.82557945,
        30.93513597, 31.15311822, 31.75496908]]), 'max_oct': np.float64(426.296277561507)}"
4,47,4,47,476.2,6,6,79.36666666666666,"{'P_opt': np.float64(-15.373333333333335), 'gsnr': array([[30.5094301 , 30.49651885, 30.48918668, 30.48354483, 30.47861198,
        30.47430136, 30.47033766, 30.46661033, 30.46305255, 30.45962366,
        30.45629355, 30.45303974, 30.44983818, 30.44668097, 30.44355989,
        30.44046481, 30.43738987, 30.43433059, 30.43128007, 30.42823675,
        30.42519828, 30.42216128, 30.41912247, 30.41608168, 30.41303406,
        30.40997597, 30.40690627, 30.40382197, 30.40071806, 30.39759471,
        30.39444706, 30.39127171, 30.38806629, 30.38482068, 30.38145607,
        30.37816023, 30.37485845, 30.37154209, 30.36821388, 30.36487644,
        30.3615313 , 30.35818236, 30.35482719, 30.35146612, 30.34809919,
        30.34472619, 30.3413458 , 30.3379568 , 30.33455711, 30.33114517,
        30.32772058, 30.32428313, 30.32082047, 30.31728005, 30.31378453,
        30.31028   , 30.30675802, 30.30321771, 30.29965491, 30.29606978,
        30.29246009, 30.28882262, 30.2851563 , 30.28146205, 30.27773799,
        30.27398546, 30.27020456, 30.26639602, 30.26256196, 30.25871219,
        30.25484365, 30.25096475, 30.24709078, 30.2432501 , 30.23947956,
        30.23578798, 30.23257646, 30.23013555, 30.22946797, 30.23521487,
        30.66158899, 30.64263153, 30.63117829, 30.62180575, 30.61333178,
        30.60531393, 30.59753911, 30.58990053, 30.58232071, 30.57475421,
        30.56716864, 30.55953817, 30.55183345, 30.54405063, 30.53618056,
        30.52821374, 30.52014503, 30.51197235, 30.50368612, 30.49528712,
        30.48677174, 30.47813075, 30.46936399, 30.4604729 , 30.45144492,
        30.44228371, 30.43298689, 30.42354942, 30.41397226, 30.40426111,
        30.39440605, 30.38441179, 30.37428161, 30.36401266, 30.35359919,
        30.34304972, 30.33235614, 30.32151272, 30.31048267, 30.29914379,
        30.28782127, 30.27639279, 30.26482273, 30.25310193, 30.24121931,
        30.22917448, 30.21695502, 30.20456541, 30.19200558, 30.17927545,
        30.16637379, 30.1533124 , 30.14007488, 30.12666401, 30.11308029,
        30.09931935, 30.08538076, 30.0712767 , 30.05699524, 30.04252076,
        30.02780782, 30.01300857, 29.99807612, 29.9830084 , 29.96780534,
        29.95248105, 29.93705464, 29.92154412, 29.90598094, 29.89043987,
        29.87492022, 29.85946276, 29.84412415, 29.82927911, 29.81513843,
        29.80226831, 29.79165664, 29.78536836, 29.78889775, 29.82750856,
        28.52030583, 28.45444795, 28.41700188, 28.38738736, 28.36115327,
        28.33672388, 28.31331152, 28.29052137, 28.26810363, 28.24588216,
        28.2237362 , 28.20154402, 28.17919294, 28.15666941, 28.1339673 ,
        28.11104637, 28.08786788, 28.06443472, 28.04073784, 28.01674451,
        27.99243584, 27.96778575, 27.94278554, 27.91744101, 27.89172815,
        27.8656719 , 27.83929347, 27.81260275, 27.78563088, 27.75841385,
        27.73094354, 27.70326404, 27.67538849, 27.64732717, 27.61910115,
        27.59070966, 27.56213176, 27.53335092, 27.50435977, 27.47514598,
        27.44567006, 27.41594672, 27.3859603 , 27.35570284, 27.32515882,
        27.29433821, 27.26326862, 27.23229998, 27.20127887, 27.1694835 ,
        27.13684461, 27.10368333, 27.06999565, 27.03582149, 27.00115069,
        26.96597251, 26.93031921, 26.89420433, 26.85752199, 26.82030239,
        26.78256844, 26.74434119, 26.70559733, 26.66634496, 26.62654675,
        26.58622694, 26.54539187, 26.50403512, 26.46214266, 26.41976002,
        26.37692209, 26.33367312, 26.29007272, 26.24616503, 26.20195266,
        26.15749607, 26.11285634, 26.06804334, 26.02310847, 25.9781263 ,
        25.93306808, 25.88801685, 25.84303108, 25.79821965, 25.75337816,
        25.70864592, 25.66429321, 25.62030479, 25.57677666, 25.53380437,
        25.49155138, 25.45021268, 25.40994888, 25.37100456, 25.33369237,
        25.29835115, 25.26546377, 25.23563725, 25.20909826, 25.18638926,
        25.16850118, 25.15693848, 25.15398616, 25.16330653, 25.19143722,
        25.25187362, 25.38004083, 25.73803941]]), 'osnr': array([[30.70386846, 30.70209378, 30.70032477, 30.69855797, 30.69679252,
        30.69502833, 30.69326517, 30.69150293, 30.68974155, 30.687981  ,
        30.68622124, 30.68446226, 30.68270404, 30.68094657, 30.67918984,
        30.67743384, 30.67567856, 30.67392401, 30.67217016, 30.67041703,
        30.66866461, 30.66691289, 30.66516188, 30.66341157, 30.66166195,
        30.65991302, 30.65816479, 30.65641724, 30.65467037, 30.65292419,
        30.65117868, 30.64943384, 30.64768968, 30.64594617, 30.64420325,
        30.64246109, 30.64071962, 30.63897883, 30.63723873, 30.63549931,
        30.63376057, 30.63202253, 30.63028517, 30.62854849, 30.6268125 ,
        30.6250772 , 30.62334257, 30.62160863, 30.61987537, 30.61814278,
        30.61641087, 30.61467963, 30.61294906, 30.61121909, 30.60948986,
        30.6077613 , 30.60603341, 30.60430618, 30.60257962, 30.60085372,
        30.59912847, 30.59740388, 30.59567995, 30.59395666, 30.59223403,
        30.59051205, 30.58879072, 30.58707004, 30.58535002, 30.58363066,
        30.58191195, 30.58019391, 30.57847655, 30.57675989, 30.57504398,
        30.57332881, 30.57161477, 30.56990213, 30.56819184, 30.56648831,
        31.05621778, 31.05449704, 31.05278339, 31.05107218, 31.04936241,
        31.04765368, 31.04594582, 31.04423874, 31.04253236, 31.04082665,
        31.03912157, 31.03741711, 31.03571324, 31.03400995, 31.03230723,
        31.03060508, 31.02890349, 31.02720245, 31.02550196, 31.02380202,
        31.02210262, 31.02040375, 31.01870541, 31.0170076 , 31.01531032,
        31.01361355, 31.0119173 , 31.01022156, 31.00852633, 31.00683162,
        31.00513741, 31.00344371, 31.00175052, 31.00005783, 30.99836564,
        30.99667395, 30.99498276, 30.99329206, 30.99160181, 30.98991189,
        30.98822262, 30.98653386, 30.9848456 , 30.98315781, 30.98147049,
        30.97978363, 30.97809722, 30.97641126, 30.97472575, 30.97304069,
        30.97135608, 30.96967191, 30.96798819, 30.9663049 , 30.96462204,
        30.96293962, 30.96125762, 30.95957605, 30.95789491, 30.95621417,
        30.95453378, 30.9528539 , 30.95117448, 30.9494955 , 30.94781698,
        30.94613892, 30.94446134, 30.94278425, 30.94110769, 30.93943173,
        30.93775637, 30.93608166, 30.93440764, 30.93273472, 30.93106311,
        30.92939341, 30.92772668, 30.92606509, 30.92441442, 30.922801  ,
        29.41275694, 29.41101499, 29.40931323, 29.40762298, 29.405938  ,
        29.40425604, 29.40257602, 29.40089735, 29.39921968, 29.39754276,
        29.39586641, 29.39419044, 29.39251468, 29.3908391 , 29.38916369,
        29.38748839, 29.38581312, 29.38413788, 29.38246265, 29.38078737,
        29.379112  , 29.37743649, 29.37576081, 29.37408497, 29.3724089 ,
        29.37073265, 29.36905622, 29.36737964, 29.36570293, 29.36402614,
        29.36234926, 29.36067235, 29.35899542, 29.35731848, 29.35564155,
        29.35396463, 29.35228768, 29.35061065, 29.34893352, 29.34725626,
        29.34557879, 29.34390112, 29.34222321, 29.34054504, 29.33886656,
        29.33718778, 29.33550873, 29.33383006, 29.33215148, 29.3304716 ,
        29.32879025, 29.32710802, 29.32542488, 29.32374086, 29.32205593,
        29.32037003, 29.3186832 , 29.31699545, 29.31530651, 29.31361642,
        29.3119252 , 29.31023285, 29.30853929, 29.3068445 , 29.30514837,
        29.3034509 , 29.30175207, 29.30005183, 29.2983501 , 29.29664694,
        29.2949424 , 29.29323652, 29.29152943, 29.28982117, 29.28811173,
        29.28640122, 29.28468976, 29.28297735, 29.28126409, 29.27955015,
        29.27783543, 29.27612014, 29.27440441, 29.27268852, 29.27097107,
        29.26925414, 29.26753759, 29.26582141, 29.26410586, 29.26239126,
        29.26067809, 29.25896694, 29.25725836, 29.25555311, 29.2538522 ,
        29.25215675, 29.25046832, 29.24878888, 29.2471193 , 29.24546139,
        29.24381833, 29.24219488, 29.24059814, 29.2390393 , 29.23753785,
        29.2361329 , 29.23492324, 29.23433126]]), 'snr_nli': array([[44.09631019, 43.84704252, 43.72650526, 43.64380093, 43.57692849,
        43.52348642, 43.47753122, 43.43666282, 43.3994427 , 43.36499555,
        43.33268055, 43.30202405, 43.27253567, 43.24404504, 43.21638042,
        43.18933773, 43.16279817, 43.13667091, 43.11082219, 43.08521953,
        43.05981677, 43.03454976, 43.00935784, 42.9842369 , 42.95909959,
        42.93388197, 42.90856513, 42.88309844, 42.857397  , 42.83146757,
        42.80523008, 42.77863103, 42.75163629, 42.72407967, 42.6946298 ,
        42.66649783, 42.63840481, 42.61020671, 42.5819511 , 42.55368348,
        42.5254298 , 42.4972546 , 42.4691179 , 42.44102487, 42.41297664,
        42.38496957, 42.35698303, 42.32899807, 42.30098267, 42.27291411,
        42.24478749, 42.21660168, 42.18816858, 42.158691  , 42.1300499 ,
        42.10141808, 42.07266947, 42.043794  , 42.01473296, 41.985493  ,
        41.95604506, 41.92634725, 41.89638946, 41.86619027, 41.83572846,
        41.80502873, 41.77409799, 41.74295181, 41.71162497, 41.68025771,
        41.64881016, 41.61739968, 41.58623474, 41.55569511, 41.52626564,
        41.49804532, 41.47634834, 41.46494784, 41.47711423, 41.57577571,
        41.27336481, 41.07722583, 40.96906021, 40.88524501, 40.81219634,
        40.74489014, 40.68093558, 40.61913991, 40.55866177, 40.4990155 ,
        40.43986459, 40.38095103, 40.32199553, 40.26297028, 40.20379999,
        40.14440979, 40.08476795, 40.0248717 , 39.96465249, 39.90413572,
        39.84330823, 39.78210964, 39.72055945, 39.65868965, 39.59641631,
        39.53379143, 39.4708165 , 39.40747231, 39.34378786, 39.27982779,
        39.2155347 , 39.15096456, 39.08616034, 39.02111816, 38.95581343,
        38.89032545, 38.82461207, 38.75865025, 38.69220452, 38.62447124,
        38.55768984, 38.49102291, 38.42424162, 38.35729969, 38.29014094,
        38.22277955, 38.15515443, 38.08731155, 38.01926728, 37.95103723,
        37.88262967, 37.81412865, 37.7454518 , 37.67663007, 37.60768014,
        37.53859104, 37.46937405, 37.40010819, 37.33073996, 37.26119913,
        37.19126413, 37.1217392 , 37.05237943, 36.98317631, 36.91413143,
        36.84531565, 36.77682036, 36.70872719, 36.64117702, 36.57450563,
        36.50868593, 36.4438804 , 36.38031594, 36.31962571, 36.2626542 ,
        36.21177114, 36.17110809, 36.14938133, 36.17020047, 36.34619335,
        35.83089145, 35.49464519, 35.31507803, 35.17836174, 35.06065294,
        34.9535952 , 34.85307598, 34.75702941, 34.66416514, 34.57359307,
        34.4847126 , 34.39695515, 34.30982235, 34.22324494, 34.13718663,
        34.05147908, 33.96596913, 33.88067042, 33.79555101, 33.71049262,
        33.62543395, 33.54029111, 33.45504648, 33.36973417, 33.28428342,
        33.19879415, 33.11334843, 33.02798615, 32.94281459, 32.85795087,
        32.77336508, 32.68919306, 32.6054672 , 32.52220923, 32.43947229,
        32.35724123, 32.27544184, 32.1940161 , 32.11293497, 32.03215649,
        31.95156383, 31.87119647, 31.79100823, 31.71097586, 31.63105661,
        31.55127736, 31.47171012, 31.39326273, 31.31550732, 31.23658578,
        31.15636413, 31.07568812, 30.99456571, 30.91311171, 30.83131516,
        30.74916418, 30.66674894, 30.58411201, 30.50101806, 30.41755282,
        30.33378193, 30.24976403, 30.16545705, 30.08088935, 29.9959895 ,
        29.91082112, 29.8254071 , 29.73974243, 29.65380635, 29.56770164,
        29.48150511, 29.39530936, 29.30923396, 29.22336305, 29.13769583,
        29.05234399, 28.96741614, 28.88291901, 28.79893765, 28.71559752,
        28.63282758, 28.55076537, 28.46949896, 28.3892051 , 28.30949199,
        28.23059199, 28.15296436, 28.07655214, 28.00149476, 27.92792737,
        27.856099  , 27.78630678, 27.71878291, 27.65389721, 27.59212712,
        27.53398582, 27.48021897, 27.43176856, 27.38894014, 27.35256265,
        27.324201  , 27.3062619 , 27.30244177, 27.31873924, 27.3660201 ,
        27.46712467, 27.68356879, 28.31129977]]), 'max_oct': np.float64(386.385143918676)}"
5,41,5,41,183.5,3,3,61.166666666666664,"{'P_opt': np.float64(-12.433333333333335), 'gsnr': array([[33.3767137 , 33.35567531, 33.34447267, 33.33622925, 33.32942818,
        33.32347815, 33.31808918, 33.31309678, 33.30839325, 33.30391102,
        33.29960027, 33.29542347, 33.29134133, 33.28734033, 33.28340625,
        33.2795229 , 33.2756803 , 33.27187086, 33.26808344, 33.26431513,
        33.26056196, 33.25681839, 33.25307917, 33.24934395, 33.24560488,
        33.24185633, 33.23809603, 33.23431832, 33.23051228, 33.22666267,
        33.22259678, 33.218687  , 33.2147693 , 33.21082794, 33.20685643,
        33.2028601 , 33.19884001, 33.19479793, 33.1907401 , 33.18667132,
        33.18259377, 33.1785135 , 33.17442677, 33.17033412, 33.16623573,
        33.16213137, 33.15801854, 33.15389512, 33.14975598, 33.14558874,
        33.14128513, 33.1370962 , 33.13290563, 33.12870172, 33.1244827 ,
        33.12024364, 33.1159823 , 33.11170019, 33.10739222, 33.10305958,
        33.09869974, 33.09430866, 33.08988551, 33.08543282, 33.08094891,
        33.07643714, 33.07189937, 33.06733869, 33.06276031, 33.05818221,
        33.05359914, 33.04901051, 33.04426024, 33.03984257, 33.03566258,
        33.03188542, 33.02883952, 33.02722051, 33.02888355, 33.04232844,
        33.44357015, 33.41266794, 33.39539553, 33.38193465, 33.37015008,
        33.35924394, 33.34883458, 33.33873034, 33.3287946 , 33.31894751,
        33.30913272, 33.29930618, 33.2894195 , 33.27946605, 33.26943069,
        33.25929883, 33.24906262, 33.23871862, 33.22825321, 33.21766785,
        33.20695756, 33.19611005, 33.18512543, 33.17400661, 33.16273684,
        33.1513225 , 33.13976146, 33.12804761, 33.11618237, 33.10417359,
        33.09200486, 33.07967677, 33.06716131, 33.05421805, 33.04141797,
        33.02853387, 33.01552421, 33.00238321, 32.98909809, 32.97567391,
        32.96209951, 32.94838234, 32.93451313, 32.92048983, 32.90630216,
        32.89195298, 32.87742792, 32.86273576, 32.84787662, 32.8328517 ,
        32.81766126, 32.80231986, 32.78680346, 32.7711007 , 32.75511717,
        32.73909585, 32.72294053, 32.70665245, 32.69021826, 32.67364207,
        32.6569344 , 32.64009263, 32.62312609, 32.60605133, 32.58885091,
        32.57143575, 32.55413118, 32.53685084, 32.5196151 , 32.50252042,
        32.48557799, 32.46886837, 32.45250165, 32.43686914, 32.42228511,
        32.40949808, 32.39991771, 32.39629569, 32.40603544, 32.46357124,
        31.22051359, 31.13580092, 31.08989114, 31.05477126, 31.02444125,
        30.99663223, 30.97035155, 30.94505092, 30.92036739, 30.89610656,
        30.87207714, 30.84815679, 30.82419538, 30.8001891 , 30.77609076,
        30.75187222, 30.72750931, 30.70298798, 30.67827911, 30.65335817,
        30.62821259, 30.60281996, 30.57717121, 30.55126504, 30.52508493,
        30.49866697, 30.47203164, 30.44519038, 30.41817736, 30.39103356,
        30.36375449, 30.3363925 , 30.308974  , 30.28152099, 30.25409218,
        30.22687363, 30.19975818, 30.17232605, 30.14452216, 30.11653012,
        30.08835153, 30.06001648, 30.03151355, 30.00283566, 29.97396062,
        29.94487958, 29.91556156, 29.88606109, 29.85633276, 29.82634838,
        29.7961174 , 29.76565177, 29.73488707, 29.70384367, 29.67250043,
        29.64084333, 29.60889914, 29.57667911, 29.54408904, 29.51116463,
        29.47792349, 29.4443839 , 29.410529  , 29.37637105, 29.34187843,
        29.30707545, 29.27196765, 29.23655231, 29.20082114, 29.16481894,
        29.1285784 , 29.09214146, 29.05556627, 29.01889647, 28.98213845,
        28.94534866, 28.90857934, 28.87183938, 28.83517283, 28.79864611,
        28.76223483, 28.72601711, 28.69004341, 28.65441711, 28.61892753,
        28.58368655, 28.54895926, 28.5147222 , 28.48105524, 28.44803663,
        28.41580523, 28.38452752, 28.35434047, 28.32545831, 28.29815043,
        28.27270969, 28.24954324, 28.22919883, 28.21194345, 28.19834593,
        28.18934401, 28.18634013, 28.19145367, 28.20807729, 28.24226295,
        28.30650009, 28.43365757, 28.77310016]]), 'osnr': array([[33.65616357, 33.65438996, 33.65262157, 33.65085525, 33.64909031,
        33.64732648, 33.64556362, 33.64380166, 33.64204054, 33.64028024,
        33.63852073, 33.63676198, 33.635004  , 33.63324675, 33.63149025,
        33.62973448, 33.62797944, 33.62622511, 33.62447151, 33.62271862,
        33.62096644, 33.61921496, 33.6174642 , 33.61571414, 33.61396478,
        33.61221612, 33.61046815, 33.60872088, 33.60697429, 33.60522839,
        33.60348307, 33.60173854, 33.59999469, 33.59825153, 33.59650906,
        33.59476727, 33.59302616, 33.59128574, 33.589546  , 33.58780695,
        33.58606859, 33.58433093, 33.58259395, 33.58085766, 33.57912206,
        33.57738715, 33.57565292, 33.57391938, 33.57218652, 33.57045433,
        33.56872276, 33.56699194, 33.5652618 , 33.56353234, 33.56180357,
        33.56007546, 33.55834803, 33.55662127, 33.55489519, 33.55316977,
        33.55144502, 33.54972094, 33.54799752, 33.54627477, 33.54455269,
        33.54283127, 33.54111051, 33.53939042, 33.537671  , 33.53595226,
        33.53423419, 33.5325168 , 33.5308    , 33.52908404, 33.52736887,
        33.52565457, 33.52394132, 33.52222945, 33.52051988, 33.51881684,
        34.00855235, 34.00683322, 34.00512091, 34.00341099, 34.00170248,
        33.99999504, 33.99828848, 33.99658271, 33.99487768, 33.99317335,
        33.99146969, 33.98976668, 33.98806429, 33.98636252, 33.98466137,
        33.98296083, 33.98126088, 33.97956154, 33.97786279, 33.97616463,
        33.97446706, 33.97277007, 33.97107366, 33.96937783, 33.96768257,
        33.96598789, 33.96429378, 33.96260024, 33.96090726, 33.95921485,
        33.95752301, 33.95583172, 33.95414098, 33.95245066, 33.95076105,
        33.94907202, 33.94738357, 33.94569569, 33.94400837, 33.9423216 ,
        33.94063539, 33.93894973, 33.93726463, 33.93558007, 33.93389605,
        33.93221258, 33.93052963, 33.92884723, 33.92716535, 33.92548401,
        33.9238032 , 33.92212293, 33.92044318, 33.91876395, 33.91708518,
        33.915407  , 33.91372936, 33.91205226, 33.9103757 , 33.90869966,
        33.90702415, 33.90534918, 33.90367475, 33.90200085, 33.90032749,
        33.89865461, 33.89698239, 33.89531079, 33.8936398 , 33.89196949,
        33.89029987, 33.88863098, 33.88696287, 33.88529579, 33.88362991,
        33.88196566, 33.88030387, 33.87864613, 33.87699671, 33.87537514,
        32.36538162, 32.36366738, 32.36198279, 32.36030692, 32.35863523,
        32.35696601, 32.35529849, 32.35363226, 32.35196704, 32.35030266,
        32.34863899, 32.34697593, 32.34531334, 32.34365123, 32.34198955,
        32.34032829, 32.3386674 , 32.33700689, 32.33534672, 32.33368687,
        32.33202731, 32.33036804, 32.32870903, 32.32705028, 32.32539176,
        32.32373351, 32.32207554, 32.32041786, 32.31876048, 32.31710344,
        32.31544674, 32.31379042, 32.31213451, 32.31047901, 32.30882398,
        32.3071696 , 32.30551577, 32.30386208, 32.30220848, 32.30055514,
        32.29890204, 32.29724923, 32.29559667, 32.29394436, 32.29229227,
        32.29064038, 32.28898867, 32.28733717, 32.28568584, 32.28403464,
        32.28238357, 32.28073263, 32.27908176, 32.27743096, 32.27578021,
        32.27412947, 32.27247877, 32.27082811, 32.26917738, 32.26752661,
        32.2658758 , 32.26422497, 32.26257408, 32.26092314, 32.2592721 ,
        32.25762098, 32.25596977, 32.25431845, 32.25266701, 32.25101548,
        32.2493639 , 32.2477123 , 32.24606075, 32.2444093 , 32.24275794,
        32.24110674, 32.23945577, 32.23780502, 32.23615457, 32.23450448,
        32.23285474, 32.23120544, 32.22955666, 32.22790854, 32.22625995,
        32.22461274, 32.22296645, 32.22132104, 32.21967666, 32.21803342,
        32.21639154, 32.21475128, 32.21311288, 32.21147667, 32.20984309,
        32.20821262, 32.20658591, 32.20496384, 32.20334687, 32.20173591,
        32.20013244, 32.19853862, 32.19695768, 32.1953947 , 32.19385854,
        32.19236703, 32.19096548, 32.18984737]]), 'snr_nli': array([[45.43049335, 45.12945452, 44.98787307, 44.89248964, 44.81921005,
        44.75882266, 44.70686658, 44.66083706, 44.61911595, 44.58069086,
        44.54482383, 44.5109652 , 44.47855913, 44.44740246, 44.41728839,
        44.38799016, 44.35936647, 44.33130998, 44.30367048, 44.27640543,
        44.24945949, 44.22275905, 44.1962358 , 44.16988316, 44.14360273,
        44.1173251 , 44.09102337, 44.06462985, 44.03801516, 44.01100103,
        43.98153785, 43.95407614, 43.92665243, 43.89908221, 43.87129318,
        43.84335128, 43.81527194, 43.78707844, 43.7588446 , 43.73062614,
        43.7024481 , 43.67437847, 43.64637435, 43.61844162, 43.59058148,
        43.56279127, 43.53504314, 43.50731412, 43.47954942, 43.45161737,
        43.42236673, 43.39448282, 43.36671692, 43.33894502, 43.3111495 ,
        43.28328038, 43.25531624, 43.22727498, 43.19910654, 43.17082572,
        43.14240978, 43.11382092, 43.0850545 , 43.0561395 , 43.02706237,
        42.99785988, 42.96855288, 42.93917405, 42.90977565, 42.88053137,
        42.85138926, 42.82234285, 42.79191905, 42.76477767, 42.73998183,
        42.7190347 , 42.70493697, 42.70408707, 42.7337864 , 42.87571432,
        42.58049465, 42.3451345 , 42.22319242, 42.13256506, 42.05584948,
        41.98663075, 41.92187545, 41.86006392, 41.80013948, 41.74148919,
        41.68368938, 41.62641831, 41.56933888, 41.5124061 , 41.45552094,
        41.39859212, 41.34157558, 41.28445738, 41.2271601 , 41.16970367,
        41.11206768, 41.05418804, 40.99607845, 40.93776891, 40.8791722 ,
        40.82034007, 40.76127325, 40.70194976, 40.64239121, 40.58265468,
        40.52266052, 40.4624258 , 40.40181226, 40.33955132, 40.27872447,
        40.21810123, 40.15746531, 40.09679292, 40.03602578, 39.97519756,
        39.91426026, 39.85325897, 39.79215609, 39.73095018, 39.66960089,
        39.60813135, 39.54648382, 39.48470933, 39.42281761, 39.36082273,
        39.29873424, 39.23662402, 39.17439313, 39.11200135, 39.04905663,
        38.98660505, 38.9242348 , 38.86195306, 38.79970723, 38.7375172 ,
        38.67542785, 38.61342996, 38.55156161, 38.48988712, 38.42833784,
        38.36657588, 38.30583414, 38.24576489, 38.1864271 , 38.12815543,
        38.07096353, 38.01511357, 37.96096358, 37.90985129, 37.86280444,
        37.82233591, 37.79319816, 37.78474386, 37.82260759, 38.03046645,
        37.57066851, 37.2216109 , 37.0430818 , 36.91115471, 36.80012676,
        36.70044794, 36.60795009, 36.52034637, 36.43614937, 36.35454836,
        36.27478746, 36.19638578, 36.11879233, 36.04197172, 35.96574669,
        35.89001044, 35.81467372, 35.73968348, 35.66494144, 35.5903679 ,
        35.51592348, 35.4415405 , 35.36719423, 35.29288423, 35.21856506,
        35.14434653, 35.0702885 , 34.99642245, 34.92284252, 34.84965769,
        34.77684672, 34.70454451, 34.63281009, 34.56168832, 34.49131948,
        34.4221728 , 34.35393707, 34.28550727, 34.21675046, 34.14814216,
        34.07968435, 34.01144954, 33.9434054 , 33.8755313 , 33.80777075,
        33.74010115, 33.67244802, 33.60494073, 33.53747088, 33.46997356,
        33.40247239, 33.33499572, 33.26739882, 33.1997312 , 33.1319487 ,
        33.06402422, 32.99602044, 32.92796436, 32.85965592, 32.79117785,
        32.72257188, 32.65387992, 32.58506937, 32.51616868, 32.44711569,
        32.37796347, 32.30872565, 32.2393989 , 32.16996886, 32.10052592,
        32.031134  , 31.96187294, 31.89285131, 31.8241467 , 31.75576394,
        31.6878018 , 31.62034834, 31.55340896, 31.48705357, 31.42139124,
        31.35636328, 31.29209768, 31.2286697 , 31.1662472 , 31.10443863,
        31.04342797, 30.98366527, 30.92508766, 30.86781311, 30.8119547 ,
        30.7577277 , 30.70539088, 30.65514896, 30.60733477, 30.56236984,
        30.52071042, 30.48299988, 30.45011141, 30.42244712, 30.40091347,
        30.38703128, 30.38309883, 30.39262531, 30.42129458, 30.47938616,
        30.58848121, 30.80677824, 31.41175736]]), 'max_oct': np.float64(423.0604934944424)}"
5,47,5,47,409.8,6,6,68.3,"{'P_opt': np.float64(-13.460000000000003), 'gsnr': array([[32.35837168, 32.33995404, 32.32988265, 32.32215759, 32.31590277,
        32.31041882, 32.30543252, 32.30079578, 32.29641236, 32.29222241,
        32.28818163, 32.28425676, 32.2804126 , 32.27663732, 32.27291854,
        32.2692416 , 32.26559774, 32.2619803 , 32.25837922, 32.25479207,
        32.25121536, 32.24764413, 32.24407366, 32.24050363, 32.23692699,
        32.23333855, 32.22973646, 32.22611607, 32.22246927, 32.21879347,
        32.2150673 , 32.21115528, 32.20736293, 32.20355983, 32.19972867,
        32.19587249, 32.19199201, 32.18808879, 32.18416902, 32.18023727,
        32.17629586, 32.17235046, 32.16839771, 32.16443811, 32.16047182,
        32.1564986 , 32.15251639, 32.14852345, 32.14451629, 32.14049113,
        32.13643834, 32.13227236, 32.12818914, 32.12410072, 32.11999743,
        32.11587311, 32.111725  , 32.10755396, 32.10335494, 32.09912868,
        32.09487244, 32.09058209, 32.08625647, 32.08189734, 32.07750257,
        32.07307457, 32.06861415, 32.06412307, 32.05960491, 32.0550742 ,
        32.05052444, 32.04595231, 32.04123115, 32.03676899, 32.03249152,
        32.02853665, 32.02518222, 32.0230174 , 32.02361405, 32.03417083,
        32.4389307 , 32.41163456, 32.39590917, 32.38340675, 32.3723105 ,
        32.36194116, 32.35197292, 32.34224242, 32.33263219, 32.32307351,
        32.31351768, 32.3039262 , 32.29425617, 32.28450194, 32.27465026,
        32.26468785, 32.25460762, 32.24440663, 32.23407203, 32.22360519,
        32.21300142, 32.20224872, 32.19134718, 32.18029932, 32.16908881,
        32.15772133, 32.14619449, 32.13450219, 32.12264604, 32.11063409,
        32.09845256, 32.08610729, 32.07360082, 32.06092319, 32.04803272,
        32.03474148, 32.02154849, 32.00825112, 31.99480392, 31.98120505,
        31.9674413 , 31.95351822, 31.93942599, 31.92516139, 31.91071362,
        31.89608461, 31.88125975, 31.86624672, 31.85104592, 31.83565822,
        31.8200835 , 31.80433709, 31.78839798, 31.77226989, 31.75595059,
        31.73941644, 31.72258571, 31.70570135, 31.68866857, 31.67147164,
        31.65411736, 31.63660162, 31.61893386, 31.60113366, 31.58320595,
        31.56516977, 31.54704629, 31.5288333 , 31.5104794 , 31.49235661,
        31.47437808, 31.45660337, 31.43918007, 31.42234058, 31.40642606,
        31.39215673, 31.38095346, 31.37545698, 31.38280809, 31.43598489,
        30.18520701, 30.10144803, 30.05512915, 30.01917628, 29.9878094 ,
        29.95884438, 29.93129169, 29.90463898, 29.87854691, 29.85278136,
        29.82722092, 29.801708  , 29.7760944 , 29.75035453, 29.72446797,
        29.69840849, 29.67214557, 29.6456694 , 29.61895848, 29.59197341,
        29.56469226, 29.53709302, 29.5091712 , 29.48092673, 29.45233674,
        29.4234391 , 29.39426392, 29.36482293, 29.3351594 , 29.30531438,
        29.27528301, 29.24510925, 29.21481126, 29.18439655, 29.1538867 ,
        29.12328262, 29.09256329, 29.06172038, 29.03075213, 28.99965523,
        28.96840678, 28.93707688, 28.90590821, 28.87477832, 28.84306987,
        28.81069753, 28.7779011 , 28.74479876, 28.71136213, 28.67756769,
        28.64343116, 28.60896951, 28.57411273, 28.53888178, 28.50325482,
        28.46721625, 28.43079729, 28.39401045, 28.35674814, 28.3190463 ,
        28.28092765, 28.24241372, 28.20348396, 28.16414982, 28.12437524,
        28.08418691, 28.04359204, 28.00258638, 27.96115922, 27.91936004,
        27.87722628, 27.83480526, 27.7921613 , 27.74934219, 27.70635385,
        27.66325932, 27.62011927, 27.57694415, 27.53378499, 27.4907163 ,
        27.44771047, 27.40485278, 27.36220074, 27.31986671, 27.27762886,
        27.23561914, 27.1941214 , 27.15311379, 27.11268797, 27.07293466,
        27.03401233, 26.99611009, 26.95938361, 26.92407324, 26.89048385,
        26.85894606, 26.82992658, 26.80402881, 26.78151516, 26.76297049,
        26.74941   , 26.74236418, 26.74415319, 26.75849615, 26.79203616,
        26.85849827, 26.99395818, 27.36391196]]), 'osnr': array([[32.62422341, 32.62244896, 32.62068008, 32.61891326, 32.61714802,
        32.61538394, 32.61362087, 32.6118587 , 32.6100974 , 32.60833693,
        32.60657725, 32.60481835, 32.6030602 , 32.60130281, 32.59954615,
        32.59779023, 32.59603503, 32.59428056, 32.5925268 , 32.59077376,
        32.58902142, 32.5872698 , 32.58551887, 32.58376866, 32.58201913,
        32.58027031, 32.57852218, 32.57677473, 32.57502797, 32.5732819 ,
        32.57153649, 32.56979167, 32.56804761, 32.56630425, 32.56456157,
        32.56281957, 32.56107825, 32.55933761, 32.55759765, 32.55585838,
        32.5541198 , 32.55238191, 32.5506447 , 32.54890818, 32.54717235,
        32.54543721, 32.54370275, 32.54196897, 32.54023587, 32.53850345,
        32.5367717 , 32.53504056, 32.53331017, 32.53158045, 32.52985141,
        32.52812305, 32.52639535, 32.52466832, 32.52294196, 32.52121626,
        32.51949122, 32.51776685, 32.51604313, 32.51432008, 32.51259768,
        32.51087594, 32.50915485, 32.50743443, 32.50571466, 32.50399557,
        32.50227713, 32.50055936, 32.49884217, 32.49712582, 32.49541025,
        32.49369556, 32.49198193, 32.49026971, 32.48855989, 32.48685699,
        32.97658896, 32.97486844, 32.97315515, 32.97144437, 32.96973505,
        32.9680268 , 32.96631944, 32.96461287, 32.96290702, 32.96120186,
        32.95949735, 32.95779348, 32.95609021, 32.95438754, 32.95268546,
        32.95098397, 32.94928306, 32.94758272, 32.94588295, 32.94418375,
        32.94248511, 32.94078703, 32.9390895 , 32.93739252, 32.93569609,
        32.9340002 , 32.93230485, 32.93061004, 32.92891576, 32.92722203,
        32.92552883, 32.92383615, 32.92214402, 32.9204524 , 32.91876129,
        32.91707055, 32.9153805 , 32.91369101, 32.91200205, 32.91031362,
        32.90862571, 32.90693832, 32.90525144, 32.90356507, 32.9018792 ,
        32.90019383, 32.89850895, 32.89682456, 32.89514066, 32.89345725,
        32.89177433, 32.8900919 , 32.88840995, 32.88672848, 32.88504748,
        32.88336694, 32.88168681, 32.88000723, 32.87832815, 32.87664956,
        32.87497145, 32.87329382, 32.87161668, 32.86994004, 32.8682639 ,
        32.86658827, 32.86491316, 32.86323857, 32.86156447, 32.85989111,
        32.85821843, 32.85654649, 32.85487537, 32.85320526, 32.85153641,
        32.84986934, 32.8482051 , 32.84654563, 32.84489613, 32.84328034,
        31.33326005, 31.33152964, 31.32983536, 31.32815155, 31.32647267,
        31.32479661, 31.32312241, 31.32144958, 31.31977778, 31.31810678,
        31.31643646, 31.31476666, 31.31309722, 31.31142811, 31.3097593 ,
        31.30809076, 31.30642246, 31.30475438, 31.30308648, 31.30141872,
        31.29975108, 31.2980835 , 31.29641599, 31.29474854, 31.2930811 ,
        31.29141371, 31.28974641, 31.28807918, 31.28641208, 31.28474515,
        31.28307837, 31.28141179, 31.27974543, 31.27807928, 31.27641338,
        31.27474771, 31.27308225, 31.27141698, 31.26975189, 31.26808698,
        31.2664222 , 31.26475764, 31.26309361, 31.26142996, 31.25976586,
        31.25810121, 31.25643628, 31.25477122, 31.25310598, 31.25144052,
        31.24977484, 31.24810895, 31.24644274, 31.24477622, 31.24310935,
        31.24144209, 31.23977446, 31.23810646, 31.23643793, 31.23476888,
        31.23309933, 31.23142929, 31.22975872, 31.2280876 , 31.22641586,
        31.22474352, 31.22307056, 31.22139696, 31.21972267, 31.21804775,
        31.21637223, 31.21469617, 31.21301965, 31.21134274, 31.20966544,
        31.20798782, 31.20631   , 31.20463196, 31.2029538 , 31.20127563,
        31.19959741, 31.19791929, 31.19624137, 31.19456387, 31.19288551,
        31.19120827, 31.18953182, 31.18785615, 31.18618145, 31.18450793,
        31.18283593, 31.18116586, 31.17949808, 31.17783314, 31.17617171,
        31.17451457, 31.17286275, 31.17121762, 31.16957984, 31.16795075,
        31.1663326 , 31.16472871, 31.16314406, 31.16158645, 31.16006951,
        31.1586206 , 31.15730885, 31.15643055]]), 'snr_nli': array([[44.62206768, 44.34817256, 44.21640758, 44.12354343, 44.05429575,
        43.99735053, 43.94829642, 43.90475957, 43.86521587, 43.82871964,
        43.79457917, 43.76228008, 43.73129642, 43.70144073, 43.67252297,
        43.64432681, 43.61672147, 43.58960736, 43.56284175, 43.53638703,
        43.51019237, 43.4841885 , 43.45831058, 43.43255327, 43.40682291,
        43.38105228, 43.35521849, 43.32926314, 43.30308489, 43.27665466,
        43.24970595, 43.22053918, 43.19302334, 43.16550533, 43.13777133,
        43.10986309, 43.08179281, 43.05358331, 43.02531248, 42.99703743,
        42.96878669, 42.94062843, 42.9125218 , 42.88447275, 42.85648287,
        42.82854922, 42.80064767, 42.7727582 , 42.74484147, 42.71685556,
        42.68869289, 42.65939151, 42.6311704 , 42.60303073, 42.57486442,
        42.54660482, 42.5182239 , 42.4897338 , 42.46108223, 42.43228073,
        42.40330328, 42.37410948, 42.34469153, 42.31507281, 42.28523514,
        42.25520848, 42.22500539, 42.19464799, 42.16417657, 42.13374191,
        42.10327856, 42.07275466, 42.04090611, 42.01181159, 41.98469064,
        41.96087008, 41.94302909, 41.93687772, 41.95783263, 42.07841896,
        41.77776666, 41.56116383, 41.44556968, 41.35790051, 41.28261152,
        41.21396347, 41.1492349 , 41.08706558, 41.02650255, 40.96699434,
        40.9081593 , 40.84970582, 40.79132367, 40.73297699, 40.67457874,
        40.61604566, 40.55734009, 40.49845397, 40.43931413, 40.37994378,
        40.32032621, 40.26039895, 40.20017893, 40.13969772, 40.07886931,
        40.01774627, 39.95633033, 39.89460127, 39.83258546, 39.77034592,
        39.7078173 , 39.6450491 , 39.58207015, 39.51883879, 39.45514067,
        39.3899768 , 39.32608621, 39.26235535, 39.19854642, 39.13465892,
        39.07063397, 39.00651073, 38.94224952, 38.87784526, 38.81325614,
        38.74850394, 38.68353048, 38.61838572, 38.55308347, 38.48763927,
        38.42206342, 38.35643576, 38.29067008, 38.22479341, 38.15880577,
        38.09261463, 38.02588402, 37.95966287, 37.89354445, 37.82746598,
        37.76145943, 37.69551119, 37.62966237, 37.56399214, 37.49851901,
        37.43331509, 37.36845743, 37.30393135, 37.23953882, 37.17665645,
        37.11492413, 37.0545275 , 36.99596147, 36.94000542, 36.88779688,
        36.84176938, 36.8067415 , 36.79171316, 36.82146999, 37.01463855,
        36.52481918, 36.18048554, 36.0006463 , 35.86576633, 35.75109146,
        35.64742232, 35.55061625, 35.45852772, 35.36975981, 35.28336558,
        35.19883956, 35.11558071, 35.033051  , 34.95114545, 34.8697812 ,
        34.78886047, 34.70827639, 34.62799237, 34.54793702, 34.46798723,
        34.38807872, 34.3081498 , 34.22819352, 34.14821619, 34.0681577 ,
        33.98813429, 33.90823486, 33.82849268, 33.74902651, 33.66994347,
        33.59122183, 33.512971  , 33.43522734, 33.35799763, 33.2813247 ,
        33.20519651, 33.12954591, 33.05434026, 32.97956433, 32.90519963,
        32.83118065, 32.75766827, 32.68522891, 32.61354477, 32.54115106,
        32.46787109, 32.39428218, 32.32066341, 32.24695299, 32.17310214,
        32.09915077, 32.02513993, 31.95092001, 31.87654274, 31.80196647,
        31.72716425, 31.65220818, 31.57712892, 31.50170837, 31.42602922,
        31.35014448, 31.27410288, 31.19786766, 31.12146633, 31.04483245,
        30.96802346, 30.89105739, 30.81392963, 30.73662348, 30.65923562,
        30.58183718, 30.5045151 , 30.42738469, 30.35052747, 30.2739468 ,
        30.19774829, 30.12203003, 30.04679866, 29.97213178, 29.8981456 ,
        29.82477685, 29.75215775, 29.6803698 , 29.60958536, 29.53941108,
        29.47005345, 29.40196805, 29.33509439, 29.26956034, 29.20548985,
        29.14311475, 29.08271231, 29.0245014 , 28.9688334 , 28.91615775,
        28.86695909, 28.82193246, 28.78198227, 28.74747148, 28.71927192,
        28.69893055, 28.68880448, 28.69250233, 28.71587338, 28.7695025 ,
        28.87561657, 29.09400273, 29.71160975]]), 'max_oct': np.float64(408.6046978329151)}"
41,10,41,10,79.0,1,1,79.0,"{'P_opt': np.float64(-15.400000000000002), 'gsnr': array([[30.48999357, 30.47736289, 30.47017494, 30.46463633, 30.45979126,
        30.45555148, 30.45164994, 30.44797899, 30.44447357, 30.44109403,
        30.43781101, 30.43460262, 30.43144547, 30.42833182, 30.42525365,
        30.42220111, 30.41916849, 30.41615142, 30.41314319, 30.41014225,
        30.40714632, 30.40415211, 30.40115645, 30.39815914, 30.39515549,
        30.39214198, 30.3891175 , 30.38607915, 30.38302209, 30.37994648,
        30.37684761, 30.37372219, 30.37056794, 30.36737514, 30.36406802,
        30.36082704, 30.3575804 , 30.35431982, 30.3510479 , 30.34776719,
        30.34447915, 30.34118757, 30.3378901 , 30.33458704, 30.33127848,
        30.32796421, 30.32464298, 30.32131366, 30.31797429, 30.31462353,
        30.31126128, 30.30788829, 30.30449789, 30.3010823 , 30.29759179,
        30.29414205, 30.29068239, 30.28720674, 30.28371016, 30.28019256,
        30.27665164, 30.27308427, 30.26948941, 30.26586795, 30.26221811,
        30.25854124, 30.2548375 , 30.25110769, 30.24735399, 30.2435861 ,
        30.23980132, 30.23600818, 30.23222237, 30.2284735 , 30.2248077 ,
        30.22131096, 30.21807355, 30.21568074, 30.21504101, 30.22069618,
        30.6493039 , 30.63074708, 30.61955187, 30.61039903, 30.60212915,
        30.59430829, 30.58672752, 30.57928212, 30.57189617, 30.56452516,
        30.55713739, 30.54970759, 30.54220712, 30.53463219, 30.52697386,
        30.51922288, 30.51137425, 30.50342591, 30.49536857, 30.48720298,
        30.47892565, 30.47052764, 30.46200881, 30.45337054, 30.44460071,
        30.43570288, 30.42667478, 30.41751155, 30.40821412, 30.39878804,
        30.38922367, 30.37952559, 30.369697  , 30.35973516, 30.34963451,
        30.33940333, 30.32903379, 30.31852045, 30.30782812, 30.29684029,
        30.28586708, 30.27479187, 30.26358057, 30.25222448, 30.24071293,
        30.22904559, 30.21721048, 30.20521198, 30.19305   , 30.18072447,
        30.16823423, 30.15559066, 30.14277791, 30.12979872, 30.1166536 ,
        30.10333833, 30.08985257, 30.07620811, 30.06239351, 30.04839405,
        30.03416665, 30.01985596, 30.00541752, 29.99084965, 29.97615238,
        29.96133937, 29.94642904, 29.93143863, 29.91639779, 29.90137604,
        29.88635448, 29.87133878, 29.85662983, 29.84234353, 29.82872166,
        29.81633379, 29.8061426 , 29.8001477 , 29.80368215, 29.84143749,
        28.52796749, 28.46416631, 28.42793486, 28.39930779, 28.3739658 ,
        28.35037736, 28.32777822, 28.30578496, 28.28415359, 28.26270798,
        28.24133368, 28.21994473, 28.19840029, 28.17668366, 28.15478873,
        28.13268214, 28.11034592, 28.0877582 , 28.06490782, 28.04177995,
        28.01835696, 27.99461036, 27.97052238, 27.94608991, 27.92129884,
        27.89618496, 27.87076764, 27.84504984, 27.81906038, 27.79283468,
        27.76636769, 27.73969799, 27.71284389, 27.68581359, 27.65862514,
        27.63127778, 27.60374568, 27.57601714, 27.54808617, 27.51994169,
        27.49154653, 27.46291612, 27.43403762, 27.40490814, 27.37552411,
        27.34593143, 27.31637498, 27.28681638, 27.25654803, 27.2254724 ,
        27.19388562, 27.16186156, 27.12935635, 27.09639566, 27.06296404,
        27.02904835, 26.99467779, 26.9598644 , 26.92450587, 26.88863108,
        26.8522613 , 26.81541631, 26.77807352, 26.74024073, 26.7018818 ,
        26.66301986, 26.62366069, 26.58379801, 26.54341824, 26.50256513,
        26.461272  , 26.41958133, 26.37755055, 26.33522227, 26.29259907,
        26.24973925, 26.2067015 , 26.16349528, 26.12017003, 26.07679783,
        26.03335101, 25.98991016, 25.94653179, 25.90332179, 25.86008076,
        25.81694292, 25.77417147, 25.73175137, 25.68977558, 25.64833651,
        25.60759239, 25.56773215, 25.52891157, 25.49136808, 25.45540484,
        25.42135067, 25.3896728 , 25.36096256, 25.33544538, 25.31365565,
        25.29656028, 25.28562497, 25.28307419, 25.29247136, 25.32017374,
        25.37929472, 25.50422287, 25.85205043]]), 'osnr': array([[30.67712991, 30.67535544, 30.67358654, 30.67181982, 30.67005444,
        30.66829031, 30.66652719, 30.664765  , 30.66300366, 30.66124315,
        30.65948343, 30.65772449, 30.65596631, 30.65420887, 30.65245218,
        30.65069621, 30.64894097, 30.64718645, 30.64543265, 30.64367955,
        30.64192717, 30.64017549, 30.63842451, 30.63667423, 30.63492465,
        30.63317576, 30.63142757, 30.62968006, 30.62793323, 30.62618709,
        30.62444162, 30.62269683, 30.62095271, 30.61920925, 30.61746638,
        30.61572427, 30.61398285, 30.61224211, 30.61050205, 30.60876268,
        30.60702399, 30.605286  , 30.60354869, 30.60181206, 30.60007612,
        30.59834087, 30.5966063 , 30.59487241, 30.5931392 , 30.59140667,
        30.58967481, 30.58794363, 30.58621312, 30.58448327, 30.58275404,
        30.58102553, 30.57929769, 30.57757052, 30.57584402, 30.57411818,
        30.57239299, 30.57066847, 30.56894459, 30.56722138, 30.56549881,
        30.5637769 , 30.56205564, 30.56033503, 30.55861508, 30.55689579,
        30.55517716, 30.5534592 , 30.55174192, 30.55002534, 30.54830952,
        30.54659454, 30.54488047, 30.54316788, 30.54145763, 30.53975403,
        31.0294842 , 31.02776377, 31.02605033, 31.0243393 , 31.02262969,
        31.02092113, 31.01921343, 31.01750651, 31.01580029, 31.01409474,
        31.01238983, 31.01068554, 31.00898184, 31.00727873, 31.00557619,
        31.00387422, 31.00217282, 31.00047198, 30.99877169, 30.99707194,
        30.99537275, 30.99367409, 30.99197597, 30.99027839, 30.98858133,
        30.9868848 , 30.98518879, 30.98349329, 30.98179831, 30.98010386,
        30.97840991, 30.97671648, 30.97502356, 30.97333115, 30.97163925,
        30.96994785, 30.96825696, 30.96656657, 30.96487663, 30.96318705,
        30.9614981 , 30.95980968, 30.95812176, 30.95643432, 30.95474735,
        30.95306086, 30.95137482, 30.94968925, 30.94800413, 30.94631947,
        30.94463526, 30.94295151, 30.94126821, 30.93958536, 30.93790295,
        30.93622098, 30.93453944, 30.93285835, 30.93117769, 30.92949744,
        30.92781757, 30.9261382 , 30.9244593 , 30.92278086, 30.92110288,
        30.91942537, 30.91774835, 30.91607184, 30.91439586, 30.91272047,
        30.91104567, 30.90937146, 30.90769815, 30.90602586, 30.90435484,
        30.9026857 , 30.90101944, 30.89935819, 30.89770753, 30.89609309,
        29.38605432, 29.38431547, 29.38261559, 29.38092688, 29.37924331,
        29.3775627 , 29.37588398, 29.37420662, 29.37253024, 29.37085461,
        29.36917955, 29.36750494, 29.36583055, 29.36415636, 29.36248236,
        29.36080849, 29.3591347 , 29.35746098, 29.35578728, 29.35411357,
        29.35243983, 29.350766  , 29.34909203, 29.34741792, 29.34574362,
        29.34406919, 29.34239465, 29.34071999, 29.33904524, 29.33737047,
        29.33569564, 29.33402081, 29.33234601, 29.33067125, 29.32899654,
        29.32732187, 29.3256472 , 29.3239725 , 29.32229775, 29.32062291,
        29.31894791, 29.31727278, 29.31559746, 29.31392196, 29.31224624,
        29.31057038, 29.30889483, 29.30721951, 29.30554308, 29.30386535,
        29.30218682, 29.30050762, 29.29882764, 29.29714691, 29.29546538,
        29.29378298, 29.29209976, 29.2904157 , 29.28873059, 29.28704443,
        29.28535726, 29.28366907, 29.28197979, 29.2802894 , 29.27859779,
        29.27690498, 29.27521094, 29.27351562, 29.27181896, 29.270121  ,
        29.2684218 , 29.2667214 , 29.26501991, 29.26331739, 29.26161381,
        29.2599093 , 29.25820395, 29.25649777, 29.25479086, 29.25308338,
        29.25137524, 29.24966663, 29.24795767, 29.24624865, 29.24453818,
        29.24282831, 29.24111888, 29.23940987, 29.23770154, 29.23599417,
        29.23428821, 29.23258425, 29.23088277, 29.2291845 , 29.22749039,
        29.22580149, 29.22411927, 29.22244558, 29.22078124, 29.21912799,
        29.21748884, 29.21586827, 29.21427299, 29.21271356, 29.21120838,
        29.20979437, 29.20856479, 29.20791858]]), 'snr_nli': array([[44.23948757, 43.98733767, 43.86556976, 43.78210784, 43.71470957,
        43.66086231, 43.61458431, 43.57345173, 43.53601111, 43.50137716,
        43.46890227, 43.43810767, 43.40849873, 43.37990273, 43.35214568,
        43.32502192, 43.29841121, 43.27222161, 43.2463183 , 43.22066815,
        43.19522439, 43.16992227, 43.14470068, 43.11955533, 43.09439831,
        43.06916546, 43.04383774, 43.01836429, 42.9926599 , 42.96673141,
        42.94049821, 42.91390672, 42.88692296, 42.85938125, 42.82995628,
        42.80184426, 42.77377235, 42.74559711, 42.71736598, 42.6891245 ,
        42.66089846, 42.63275258, 42.60464678, 42.57658634, 42.5485726 ,
        42.52060224, 42.49265482, 42.4647121 , 42.43674303, 42.40872704,
        42.38066413, 42.35256804, 42.32433392, 42.29584207, 42.2663155 ,
        42.23758193, 42.20884046, 42.17999835, 42.15098252, 42.12179524,
        42.09240573, 42.06277123, 42.03288142, 42.00275513, 41.97237142,
        41.94175566, 41.91091564, 41.87986821, 41.84864984, 41.81740409,
        41.78609389, 41.75484279, 41.72387149, 41.6935905 , 41.66463041,
        41.63815932, 41.615383  , 41.60429598, 41.61734767, 41.71839721,
        41.4159544 , 41.21749867, 41.10846998, 41.02419171, 40.95086069,
        40.88337268, 40.81929963, 40.75742972, 40.69690919, 40.63724501,
        40.57809567, 40.51919955, 40.46027419, 40.40129075, 40.34217266,
        40.28284417, 40.22327292, 40.16345559, 40.1033232 , 40.04290093,
        39.98217527, 39.92108572, 39.85965155, 39.79790471, 39.73576119,
        39.67327305, 39.61044185, 39.5472484 , 39.48372158, 39.419926  ,
        39.35580395, 39.29141138, 39.22679118, 39.16193956, 39.09683184,
        39.03154734, 38.96604391, 38.90029905, 38.83408003, 38.76659477,
        38.70005126, 38.63362412, 38.56708714, 38.50039485, 38.43349135,
        38.36639103, 38.29903291, 38.23146314, 38.16369772, 38.09575222,
        38.02763508, 37.95942988, 37.89105433, 37.82253955, 37.75390216,
        37.68513132, 37.61623848, 37.5473026 , 37.47827059, 37.40907437,
        37.33949691, 37.27032826, 37.20132843, 37.13249055, 37.06381662,
        36.99537737, 36.92726367, 36.85955601, 36.79239141, 36.72609191,
        36.6605441 , 36.5957551 , 36.53310379, 36.47305883, 36.41664489,
        36.36633085, 36.32627653, 36.30520138, 36.32678696, 36.50483551,
        35.99247969, 35.65538162, 35.47579607, 35.33928974, 35.22189672,
        35.11520688, 35.01508886, 34.91946567, 34.82703396, 34.73687703,
        34.64840497, 34.56118606, 34.47458121, 34.38850664, 34.30292667,
        34.21769684, 34.13274208, 34.04797591, 33.96335819, 33.8788367 ,
        33.79435146, 33.70980518, 33.62514531, 33.54037519, 33.45545872,
        33.37053761, 33.28568878, 33.20092864, 33.11636011, 33.03210241,
        32.94813509, 32.8645803 , 32.78148865, 32.69887588, 32.61678754,
        32.53520849, 32.45404762, 32.37326071, 32.29282231, 32.21269308,
        32.13275947, 32.05306421, 31.97356757, 31.89425944, 31.81512814,
        31.73629808, 31.65842814, 31.58138772, 31.50327432, 31.42387039,
        31.34399105, 31.26384529, 31.18333389, 31.10253666, 31.0214278 ,
        30.93998821, 30.85830267, 30.77641089, 30.69407881, 30.61139112,
        30.52841116, 30.44519612, 30.36170416, 30.2779636 , 30.19390347,
        30.10958661, 30.02503516, 29.94024427, 29.85519345, 29.76998453,
        29.6846932 , 29.59941102, 29.51425646, 29.42931314, 29.34458049,
        29.26016911, 29.17618618, 29.09263822, 29.00960909, 28.92722326,
        28.84541033, 28.76430727, 28.68400122, 28.60466839, 28.52591675,
        28.44797559, 28.37130354, 28.29584313, 28.22173236, 28.14910477,
        28.07820689, 28.00933317, 27.94271373, 27.87871572, 27.81781249,
        27.7605132 , 27.70755562, 27.65987853, 27.61779363, 27.58213682,
        27.55447078, 27.53719551, 27.53399567, 27.55084993, 27.59858648,
        27.69996318, 27.91626363, 28.54226394]]), 'max_oct': np.float64(386.6711423991114)}"
41,39,41,39,245.4,4,4,61.35,"{'P_opt': np.float64(-12.470000000000002), 'gsnr': array([[33.34189076, 33.32101595, 33.30989247, 33.30170325, 33.29494422,
        33.28902908, 33.28367026, 33.27870466, 33.27402549, 33.26956574,
        33.265276  , 33.26111905, 33.2570559 , 33.25307317, 33.24915677,
        33.24529061, 33.24146479, 33.23767182, 33.23390061, 33.23014831,
        33.22641095, 33.22268306, 33.21895941, 33.21523967, 33.21151604,
        33.20778293, 33.20403811, 33.20027593, 33.19648558, 33.19265196,
        33.18860465, 33.18471115, 33.18080967, 33.1768846 , 33.17292952,
        33.16894974, 33.1649463 , 33.16092096, 33.15687994, 33.15282801,
        33.14876733, 33.14470391, 33.14063404, 33.13655827, 33.13247675,
        33.12838927, 33.12429335, 33.12018687, 33.11606477, 33.11191475,
        33.10762999, 33.10345834, 33.09928497, 33.09509827, 33.0908965 ,
        33.08667477, 33.08243083, 33.07816619, 33.07387579, 33.06956079,
        33.06521871, 33.06084549, 33.05644031, 33.05200569, 33.04753992,
        33.04304635, 33.03852679, 33.0339843 , 33.02942402, 33.02486377,
        33.0202983 , 33.01572704, 33.01099602, 33.00659351, 33.00242621,
        32.99865784, 32.99561398, 32.99398421, 32.99560754, 33.00890955,
        33.41073668, 33.3800689 , 33.36291391, 33.34953752, 33.33782273,
        33.32697843, 33.31662622, 33.30657605, 33.29669244, 33.2868962 ,
        33.27713144, 33.26735447, 33.25751725, 33.24761322, 33.23762736,
        33.22754518, 33.21735889, 33.20706507, 33.1966502 , 33.18611571,
        33.17545666, 33.16466083, 33.15372832, 33.14266201, 33.13144526,
        33.12008437, 33.10857724, 33.09691778, 33.08510736, 33.07315382,
        33.06104081, 33.04876893, 33.03631033, 33.02342725, 33.01068468,
        32.99785806, 32.98490609, 32.97182303, 32.95859615, 32.94523048,
        32.93171493, 32.91805686, 32.90424705, 32.89028346, 32.87615582,
        32.86186699, 32.84740264, 32.83277148, 32.81797364, 32.80301027,
        32.78788165, 32.77260221, 32.75714805, 32.74150784, 32.72558814,
        32.70962963, 32.69353712, 32.67731181, 32.66094042, 32.64442698,
        32.62778197, 32.61100273, 32.59409854, 32.57708584, 32.55994722,
        32.54259462, 32.5253506 , 32.50812982, 32.4909525 , 32.47391465,
        32.45702735, 32.44037081, 32.42405504, 32.40846976, 32.39393385,
        32.38121124, 32.37160164, 32.36794436, 32.37758392, 32.43476005,
        31.19024452, 31.10596721, 31.06026998, 31.02530033, 30.99509216,
        30.96738964, 30.94120552, 30.91599489, 30.89139678, 30.86721787,
        30.84326823, 30.81942658, 30.79554678, 30.77162764, 30.74760463,
        30.72344448, 30.69914465, 30.67469122, 30.6500508 , 30.62519824,
        30.60012074, 30.57479589, 30.54921455, 30.5233754 , 30.49726189,
        30.47091   , 30.44434011, 30.41756359, 30.39061447, 30.36353361,
        30.33631649, 30.30901533, 30.28165646, 30.25426195, 30.2268906 ,
        30.19972925, 30.17267367, 30.1452966 , 30.11754546, 30.08960464,
        30.06147597, 30.03318956, 30.00473406, 29.97610241, 29.94727247,
        29.91823541, 29.88896026, 29.85950147, 29.8298137 , 29.79986873,
        29.769676  , 29.73924743, 29.7085187 , 29.67751007, 29.64620045,
        29.61457579, 29.58266283, 29.55047279, 29.51791154, 29.48501468,
        29.45179977, 29.41828509, 29.38445373, 29.35031791, 29.315846  ,
        29.28106227, 29.24597224, 29.21057316, 29.1748567 , 29.13886757,
        29.10263841, 29.06621108, 29.02964363, 28.99297962, 28.9562254 ,
        28.91943734, 28.88266765, 28.84592523, 28.80925408, 28.7727206 ,
        28.73630037, 28.70007147, 28.66408432, 28.62844214, 28.59293472,
        28.55767394, 28.52292446, 28.48866294, 28.45496926, 28.42192164,
        28.38965894, 28.35834757, 28.32812445, 28.2992037 , 28.27185462,
        28.24636994, 28.22315666, 28.20276226, 28.18545297, 28.17179664,
        28.16272998, 28.15965394, 28.1646857 , 28.1812143 , 28.21528508,
        28.27937348, 28.40631012, 28.74526288]]), 'osnr': array([[33.6192871 , 33.61751349, 33.6157451 , 33.61397879, 33.61221386,
        33.61045003, 33.60868717, 33.6069252 , 33.60516409, 33.60340378,
        33.60164427, 33.59988553, 33.59812754, 33.5963703 , 33.5946138 ,
        33.59285803, 33.59110298, 33.58934866, 33.58759505, 33.58584216,
        33.58408998, 33.58233851, 33.58058775, 33.57883769, 33.57708833,
        33.57533966, 33.5735917 , 33.57184442, 33.57009784, 33.56835193,
        33.56660662, 33.56486208, 33.56311824, 33.56137508, 33.5596326 ,
        33.55789081, 33.5561497 , 33.55440928, 33.55266954, 33.55093049,
        33.54919213, 33.54745447, 33.54571749, 33.5439812 , 33.5422456 ,
        33.54051068, 33.53877646, 33.53704291, 33.53531005, 33.53357786,
        33.53184629, 33.53011547, 33.52838533, 33.52665587, 33.52492709,
        33.52319899, 33.52147156, 33.5197448 , 33.51801871, 33.51629329,
        33.51456854, 33.51284446, 33.51112104, 33.50939829, 33.5076762 ,
        33.50595478, 33.50423402, 33.50251393, 33.50079451, 33.49907577,
        33.4973577 , 33.4956403 , 33.4939235 , 33.49220753, 33.49049236,
        33.48877806, 33.4870648 , 33.48535293, 33.48364336, 33.48194031,
        33.97167579, 33.96995667, 33.96824436, 33.96653443, 33.96482593,
        33.96311848, 33.96141192, 33.95970615, 33.95800112, 33.95629678,
        33.95459311, 33.95289009, 33.9511877 , 33.94948593, 33.94778477,
        33.94608422, 33.94438427, 33.94268492, 33.94098617, 33.939288  ,
        33.93759042, 33.93589342, 33.93419701, 33.93250117, 33.93080591,
        33.92911122, 33.9274171 , 33.92572354, 33.92403056, 33.92233814,
        33.92064629, 33.91895499, 33.91726424, 33.91557391, 33.91388429,
        33.91219526, 33.91050679, 33.9088189 , 33.90713156, 33.90544479,
        33.90375856, 33.90207289, 33.90038777, 33.8987032 , 33.89701917,
        33.89533568, 33.89365272, 33.8919703 , 33.89028841, 33.88860705,
        33.88692623, 33.88524594, 33.88356617, 33.88188692, 33.88020813,
        33.87852994, 33.87685228, 33.87517516, 33.87349858, 33.87182252,
        33.87014699, 33.868472  , 33.86679754, 33.86512362, 33.86345024,
        33.86177734, 33.86010509, 33.85843346, 33.85676245, 33.85509212,
        33.85342247, 33.85175355, 33.85008542, 33.84841831, 33.84675241,
        33.84508816, 33.84342632, 33.84176855, 33.84011911, 33.83849756,
        32.32850381, 32.32678946, 32.3251048 , 32.32342887, 32.32175713,
        32.32008785, 32.31842028, 32.31675399, 32.31508871, 32.31342428,
        32.31176055, 32.31009743, 32.30843479, 32.30677263, 32.30511089,
        32.30344955, 32.30178859, 32.30012801, 32.29846777, 32.29680784,
        32.29514822, 32.29348887, 32.29182978, 32.29017095, 32.28851235,
        32.28685402, 32.28519597, 32.28353819, 32.28188072, 32.2802236 ,
        32.27856681, 32.27691039, 32.27525437, 32.27359878, 32.27194365,
        32.27028917, 32.26863525, 32.26698146, 32.26532775, 32.26367429,
        32.26202109, 32.26036815, 32.25871547, 32.25706304, 32.25541083,
        32.25375882, 32.25210697, 32.25045534, 32.24880387, 32.24715253,
        32.24550131, 32.24385023, 32.24219921, 32.24054825, 32.23889734,
        32.23724644, 32.23559557, 32.23394474, 32.23229383, 32.23064288,
        32.22899188, 32.22734086, 32.22568977, 32.22403863, 32.22238738,
        32.22073604, 32.21908461, 32.21743307, 32.2157814 , 32.21412964,
        32.21247782, 32.21082597, 32.20917417, 32.20752246, 32.20587084,
        32.20421937, 32.20256812, 32.2009171 , 32.19926636, 32.19761599,
        32.19596595, 32.19431636, 32.19266728, 32.19101885, 32.18936995,
        32.18772244, 32.18607583, 32.18443012, 32.18278541, 32.18114186,
        32.17949966, 32.17785909, 32.17622038, 32.17458387, 32.17294999,
        32.17131924, 32.16969226, 32.16806993, 32.16645273, 32.16484157,
        32.16323792, 32.16164397, 32.16006296, 32.1585    , 32.15696399,
        32.15547287, 32.15407216, 32.15295635]]), 'snr_nli': array([[45.42668651, 45.12605342, 44.98464225, 44.88936892, 44.81617136,
        44.75584973, 44.7039488 , 44.65796695, 44.61628789, 44.57790045,
        44.54206752, 44.50824007, 44.4758627 , 44.44473257, 44.41464316,
        44.38536789, 44.35676562, 44.32872918, 44.30110843, 44.27386095,
        44.24693147, 44.22024643, 44.1937376 , 44.16739841, 44.14113052,
        44.11486451, 44.08857355, 44.06218996, 44.03558449, 44.00857936,
        43.9791373 , 43.95168276, 43.92426459, 43.89669881, 43.86891331,
        43.84097407, 43.81289667, 43.78470443, 43.75647131, 43.72825308,
        43.70007486, 43.67200469, 43.64399968, 43.61606572, 43.58820402,
        43.5604119 , 43.53266157, 43.50493002, 43.47716253, 43.44922767,
        43.41998131, 43.39209362, 43.36432302, 43.33654575, 43.30874424,
        43.28086847, 43.25289703, 43.22484775, 43.19667053, 43.16838017,
        43.13995384, 43.11135368, 43.08257503, 43.05364676, 43.02455523,
        42.9953371 , 42.96601308, 42.93661567, 42.90719691, 42.8779302 ,
        42.84876334, 42.81968982, 42.78924637, 42.76206916, 42.7372303 ,
        42.71623041, 42.70206483, 42.70112044, 42.73066675, 42.8722277 ,
        42.57687379, 42.34182408, 42.21998207, 42.12939747, 42.05269876,
        41.98348242, 41.91872025, 41.85689536, 41.79695275, 41.73828053,
        41.68045576, 41.6231572 , 41.56604815, 41.50908385, 41.45216546,
        41.39520183, 41.33814903, 41.28099324, 41.22365708, 41.16616057,
        41.10848338, 41.0505614 , 40.99240843, 40.93405449, 40.87541236,
        40.81653383, 40.75741962, 40.69804775, 40.63843988, 40.57865316,
        40.51860795, 40.45832139, 40.39765528, 40.33534766, 40.27446646,
        40.21378806, 40.15309627, 40.09236731, 40.03154291, 39.97065676,
        39.90966087, 39.84860034, 39.78743755, 39.72617106, 39.66476049,
        39.60322896, 39.54151873, 39.4796808 , 39.41772499, 39.35566535,
        39.29351143, 39.23133517, 39.1690376 , 39.10657843, 39.04356767,
        38.98104737, 38.91860782, 38.85625618, 38.79393982, 38.73167856,
        38.66951731, 38.60744678, 38.54550507, 38.48375645, 38.42213212,
        38.36029631, 38.2994779 , 38.23933131, 38.17991538, 38.12156483,
        38.06429315, 38.00836259, 37.95413283, 37.90294269, 37.8558412 ,
        37.81540705, 37.78603274, 37.7774228 , 37.81512884, 38.02272431,
        37.56238187, 37.21340735, 37.03485448, 36.90287536, 36.79178225,
        36.69203164, 36.59945723, 36.51177449, 36.42749673, 36.34581369,
        36.26597097, 36.18748937, 36.10982899, 36.0329626 , 35.95665414,
        35.88078081, 35.80532502, 35.73023334, 35.65539301, 35.58072199,
        35.50618009, 35.43169929, 35.35725473, 35.28284589, 35.20842716,
        35.1341085 , 35.05994984, 34.98598261, 34.91230101, 34.83901414,
        34.76610068, 34.69369574, 34.62185845, 34.55063398, 34.48016346,
        34.41091989, 34.34259849, 34.27407062, 34.20520971, 34.13649507,
        34.06792939, 33.99958553, 33.93143132, 33.86344615, 33.79557353,
        33.72779085, 33.66002354, 33.59240119, 33.52481525, 33.45720069,
        33.38958116, 33.32198511, 33.2542676 , 33.18647819, 33.1185727 ,
        33.05052398, 32.98239485, 32.91421241, 32.84577623, 32.77716909,
        32.70843286, 32.63960957, 32.57066651, 32.50163217, 32.43244426,
        32.36315596, 32.29378095, 32.22431589, 32.15474635, 32.08516282,
        32.01562932, 31.94622576, 31.8770608 , 31.80821208, 31.73968439,
        31.67157657, 31.60397686, 31.53689063, 31.47038789, 31.40457787,
        31.33940173, 31.27498756, 31.21141071, 31.14883906, 31.08688108,
        31.02572108, 30.96580917, 30.9070825 , 30.84965918, 30.79365244,
        30.73927778, 30.68679424, 30.6364067 , 30.58844824, 30.54334079,
        30.50154097, 30.4636928 , 30.43067017, 30.40287434, 30.38121134,
        30.36720236, 30.36314649, 30.37255431, 30.40111196, 30.45910329,
        30.56811891, 30.78638458, 31.39150325]]), 'max_oct': np.float64(422.65942829428593)}"
10,11,10,11,163.3,3,3,54.43333333333334,"{'P_opt': np.float64(-11.48666666666667), 'gsnr': array([[34.3154626 , 34.29262857, 34.28044577, 34.2715185 , 34.26418397,
        34.25779046, 34.25201777, 34.2466843 , 34.24167145, 34.23690462,
        34.23232899, 34.22790334, 34.22358466, 34.21935809, 34.21520777,
        34.21111613, 34.20707213, 34.20306743, 34.19908983, 34.19513608,
        34.19120169, 34.18728055, 34.18336685, 34.17946002, 34.17555112,
        34.17163317, 34.1677007 , 34.16373171, 34.15950677, 34.1554989 ,
        34.15149056, 34.14746071, 34.14340563, 34.13932399, 34.13521171,
        34.13107542, 34.12691629, 34.12273616, 34.11854126, 34.11433651,
        34.11012386, 34.10590968, 34.10168982, 34.09746485, 34.09323486,
        34.08899955, 34.08475563, 34.08049948, 34.07621646, 34.07176614,
        34.06746076, 34.06316535, 34.05885933, 34.05453951, 34.05020584,
        34.04585383, 34.04148155, 34.03709116, 34.03267752, 34.02824231,
        34.0237833 , 34.01929659, 34.01478173, 34.01024205, 34.00567625,
        34.00108865, 33.99648193, 33.9918602 , 33.98722932, 33.9826078 ,
        33.9779751 , 33.97311538, 33.96860656, 33.9642798 , 33.96022145,
        33.95663793, 33.95390658, 33.95282099, 33.95549508, 33.97161694,
        34.36980875, 34.33570762, 34.31710377, 34.30284693, 34.2905135 ,
        34.27919829, 34.26846907, 34.25810863, 34.24796302, 34.23794244,
        34.22798368, 34.21803786, 34.20805169, 34.19801771, 34.18791899,
        34.17773977, 34.16747143, 34.15711005, 34.14664128, 34.13606659,
        34.12538071, 34.11457107, 34.10363772, 34.09258382, 34.08139214,
        34.07006947, 34.05861355, 34.04701756, 34.035281  , 34.02340652,
        34.01134677, 33.99881674, 33.98650867, 33.97412337, 33.96162088,
        33.94900904, 33.93627729, 33.92342624, 33.91044533, 33.8973411 ,
        33.88410276, 33.87073878, 33.85724009, 33.84360558, 33.82982531,
        33.81590291, 33.80182408, 33.78759835, 33.77322516, 33.75870512,
        33.7440363 , 33.72921844, 33.71411409, 33.69901407, 33.68380135,
        33.66845652, 33.65297902, 33.63738676, 33.62166909, 33.60583117,
        33.5898803 , 33.57379362, 33.55744583, 33.54120108, 33.5249265 ,
        33.50862305, 33.49231518, 33.47603011, 33.45981135, 33.44375132,
        33.42780718, 33.41223626, 33.39713538, 33.3827178 , 33.36944922,
        33.35808692, 33.34994013, 33.34796954, 33.35970997, 33.42010862,
        32.18326948, 32.09884074, 32.05386013, 32.01988129, 31.99079244,
        31.96434933, 31.93945952, 31.91561728, 31.89244204, 31.86972166,
        31.84728608, 31.82500566, 31.80273607, 31.78045845, 31.75813694,
        31.73573762, 31.71324144, 31.69063944, 31.66790985, 31.64502847,
        31.62197471, 31.59872181, 31.57525855, 31.55158183, 31.52767859,
        31.50358769, 31.47933516, 31.45494214, 31.43046633, 31.40607028,
        31.38165681, 31.35703609, 31.33218181, 31.30723467, 31.28224191,
        31.2572155 , 31.23214221, 31.20701606, 31.18183217, 31.15658143,
        31.13122698, 31.10578256, 31.08023019, 31.05456058, 31.02875151,
        31.00279484, 30.97666121, 30.9504006 , 30.92397124, 30.89734944,
        30.87054399, 30.84356578, 30.81635655, 30.7889373 , 30.76128828,
        30.73339723, 30.7052877 , 30.6769705 , 30.64836202, 30.61949778,
        30.59039124, 30.56105838, 30.53148495, 30.50168383, 30.47162678,
        30.44133631, 30.41081659, 30.3800661 , 30.34907805, 30.31789314,
        30.28653979, 30.25505506, 30.22349139, 30.19188841, 30.16025218,
        30.12863341, 30.09707738, 30.06559154, 30.03421409, 30.0030049 ,
        29.97194165, 29.9410963 , 29.91051344, 29.88028824, 29.85022222,
        29.82041144, 29.79110304, 29.76227316, 29.73399221, 29.70632836,
        29.67940448, 29.65336844, 29.62834159, 29.60451616, 29.58213201,
        29.5614504 , 29.54282995, 29.52676996, 29.51353444, 29.50367055,
        29.49804696, 29.49795886, 29.50537547, 29.5235792 , 29.55878493,
        29.62036392, 29.73852027, 30.04762463]]), 'osnr': array([[34.60892877, 34.60715622, 34.60538832, 34.60362234, 34.60185767,
        34.60009405, 34.59833139, 34.5965696 , 34.59480864, 34.59304848,
        34.59128911, 34.5895305 , 34.58777264, 34.58601552, 34.58425915,
        34.5825035 , 34.58074858, 34.57899438, 34.57724089, 34.57548812,
        34.57373607, 34.57198472, 34.57023408, 34.56848414, 34.56673491,
        34.56498637, 34.56323854, 34.56149139, 34.55974484, 34.55799907,
        34.556254  , 34.55450963, 34.55276594, 34.55102294, 34.54928063,
        34.547539  , 34.54579806, 34.5440578 , 34.54231824, 34.54057936,
        34.53884118, 34.53710369, 34.53536689, 34.53363078, 34.53189535,
        34.53016062, 34.52842657, 34.52669321, 34.52496053, 34.52322847,
        34.52149715, 34.51976653, 34.51803659, 34.51630733, 34.51457875,
        34.51285084, 34.51112362, 34.50939707, 34.50767119, 34.50594599,
        34.50422147, 34.50249761, 34.50077442, 34.49905191, 34.49733006,
        34.49560889, 34.49388838, 34.49216855, 34.49044939, 34.48873092,
        34.48701312, 34.4852959 , 34.48357949, 34.48186384, 34.48014897,
        34.47843496, 34.47672197, 34.47501032, 34.47330086, 34.47159746,
        34.96133578, 34.95961804, 34.95790661, 34.95619743, 34.95448963,
        34.95278285, 34.95107696, 34.94937186, 34.94766749, 34.94596383,
        34.94426086, 34.94255854, 34.94085686, 34.93915582, 34.93745541,
        34.93575563, 34.93405646, 34.93235791, 34.93065997, 34.92896264,
        34.92726592, 34.9255698 , 34.92387428, 34.92217936, 34.92048504,
        34.91879131, 34.91709817, 34.91540563, 34.91371367, 34.9120223 ,
        34.9103315 , 34.90864115, 34.90695153, 34.90526253, 34.90357411,
        34.90188629, 34.90019905, 34.89851241, 34.89682635, 34.89514087,
        34.89345597, 34.89177165, 34.89008791, 34.88840475, 34.88672215,
        34.88504013, 34.88335867, 34.88167778, 34.87999745, 34.87831768,
        34.87663848, 34.87495984, 34.8732817 , 34.87160418, 34.86992723,
        34.86825085, 34.86657503, 34.86489978, 34.86322509, 34.86155096,
        34.8598774 , 34.85820439, 34.85653189, 34.85486004, 34.85318878,
        34.85151813, 34.84984808, 34.84817865, 34.84650986, 34.84484176,
        34.84317431, 34.84150764, 34.8398418 , 34.83817687, 34.83651309,
        34.83485081, 34.83319062, 34.83153392, 34.82988419, 34.82825732,
        33.31828314, 33.31658171, 33.31490457, 33.31323468, 33.31156834,
        33.30990419, 33.30824155, 33.30658012, 33.30491966, 33.30326005,
        33.30160116, 33.29994292, 33.29828524, 33.2966281 , 33.29497147,
        33.29331534, 33.29165969, 33.2900045 , 33.28834977, 33.28669547,
        33.28504159, 33.28338811, 33.28173501, 33.2800823 , 33.27842995,
        33.27677799, 33.27512644, 33.2734753 , 33.27182463, 33.27017452,
        33.26852492, 33.26687568, 33.26522679, 33.26357833, 33.26193034,
        33.26028283, 33.25863579, 33.25698921, 33.25534309, 33.25369742,
        33.25205216, 33.25040733, 33.24876291, 33.24711889, 33.24547525,
        33.24383197, 33.24218904, 33.24054649, 33.23890428, 33.23726238,
        33.23562081, 33.23397957, 33.2323386 , 33.23069792, 33.22905751,
        33.22741735, 33.22577745, 33.22413782, 33.22249839, 33.22085917,
        33.21922018, 33.21758141, 33.21594286, 33.21430453, 33.21266639,
        33.21102844, 33.2093907 , 33.20775315, 33.20611577, 33.20447861,
        33.20284168, 33.201205  , 33.19956864, 33.19793261, 33.19629692,
        33.19466162, 33.19302676, 33.19139233, 33.18975838, 33.18812496,
        33.18649206, 33.18485975, 33.18322807, 33.18159714, 33.17996588,
        33.17833613, 33.17670727, 33.1750793 , 33.1734523 , 33.17182635,
        33.1702016 , 33.16857821, 33.16695634, 33.16533622, 33.16371812,
        33.16210236, 33.16048937, 33.15887972, 33.15727375, 33.1556721 ,
        33.15407576, 33.1524862 , 33.15090563, 33.14933768, 33.14778905,
        33.14626953, 33.14481005, 33.14354063]]), 'snr_nli': array([[46.16363204, 45.85019813, 45.70168138, 45.60161644, 45.5247977 ,
        45.46154673, 45.40717138, 45.35903864, 45.31545225, 45.27534825,
        45.23795404, 45.20269506, 45.16899326, 45.13663528, 45.10540171,
        45.07505845, 45.04545665, 45.01648366, 44.98798343, 44.95990979,
        44.93220349, 44.90478703, 44.8775883 , 44.85059801, 44.82370961,
        44.79684162, 44.76993152, 44.74272935, 44.71274816, 44.68537722,
        44.65813089, 44.6307727 , 44.6032639 , 44.57559289, 44.54771817,
        44.51971614, 44.4916024 , 44.46339943, 44.43517646, 44.40698701,
        44.37885206, 44.35083896, 44.32290261, 44.29504857, 44.26727701,
        44.23958426, 44.21193599, 44.1842949 , 44.15651257, 44.12716995,
        44.09943774, 44.07193875, 44.04446472, 44.01698438, 43.98949801,
        43.96196232, 43.93435992, 43.90671345, 43.87897485, 43.85116222,
        43.82325621, 43.79522199, 43.76705804, 43.73879837, 43.71043333,
        43.68200517, 43.65354067, 43.62507876, 43.5966736 , 43.5684934 ,
        43.54034931, 43.51030168, 43.48354804, 43.4585363 , 43.43600704,
        43.4177516 , 43.40705161, 43.41086301, 43.44800011, 43.60752137,
        43.3203129 , 43.0705496 , 42.94416511, 42.85180837, 42.77459119,
        42.70556031, 42.64143363, 42.58056528, 42.52181577, 42.464524  ,
        42.40823311, 42.35259838, 42.2972613 , 42.24216976, 42.18721424,
        42.13229664, 42.0773672 , 42.02240672, 41.9673338 , 41.91216516,
        41.85687693, 41.80140344, 41.74575498, 41.68995965, 41.63392836,
        41.57771105, 41.52130529, 41.46468376, 41.40785497, 41.35084408,
        41.29340818, 41.23405732, 41.17647965, 41.11907509, 41.06163795,
        41.00421352, 40.94675275, 40.88926431, 40.83170134, 40.77410239,
        40.71642079, 40.65870375, 40.6009138 , 40.54305217, 40.4850792 ,
        40.42701908, 40.36881376, 40.31051449, 40.25212577, 40.19365702,
        40.13510632, 40.07647908, 40.017195  , 39.95850638, 39.89991007,
        39.84132675, 39.78275756, 39.72427865, 39.66584821, 39.60748902,
        39.54923144, 39.49098676, 39.43227358, 39.37450342, 39.31714884,
        39.26020495, 39.20375454, 39.14788749, 39.09275006, 39.03866052,
        38.98544024, 38.93398674, 38.88460123, 38.83798568, 38.79570446,
        38.76029833, 38.73617662, 38.73343509, 38.77823513, 38.99653353,
        38.56625587, 38.21578744, 38.03967541, 37.91119222, 37.8040086 ,
        37.70859935, 37.62039039, 37.53723993, 37.4575839 , 37.38054239,
        37.30542874, 37.23173056, 37.15890916, 37.0868761 , 37.01548989,
        36.94462146, 36.87419621, 36.8041753 , 36.7344803 , 36.66502831,
        36.59575117, 36.52656422, 36.4574341 , 36.38835346, 36.31928521,
        36.25034846, 36.18161958, 36.1131575 , 36.04512438, 35.97797619,
        35.91141449, 35.84489192, 35.77833689, 35.71214072, 35.64642479,
        35.5812106 , 35.51645114, 35.45212044, 35.38819619, 35.32464585,
        35.26136609, 35.19838693, 35.13565664, 35.07314704, 35.01079858,
        34.94858851, 34.88644256, 34.82448241, 34.76260374, 34.70074895,
        34.63893952, 34.57720122, 34.51539687, 34.45357789, 34.39169997,
        34.32973739, 34.26774642, 34.20575286, 34.14357066, 34.08128362,
        34.01892444, 33.95653032, 33.8940717 , 33.83157827, 33.76899101,
        33.70636012, 33.64369576, 33.58099584, 33.51824733, 33.45553535,
        33.39291739, 33.33046682, 33.26828588, 33.20644829, 33.14495907,
        33.08391115, 33.02338444, 32.963383  , 32.90397045, 32.84525046,
        32.78716719, 32.72984539, 32.67335522, 32.61786042, 32.56297373,
        32.50886143, 32.45596734, 32.40422773, 32.35375284, 32.30464714,
        32.25711258, 32.21139308, 32.16768156, 32.12629545, 32.08763343,
        32.05212823, 32.02038168, 31.99324039, 31.97113384, 31.9549929 ,
        31.94631728, 31.94736647, 31.96161252, 31.99491212, 32.05850514,
        32.16982739, 32.38593895, 32.97396377]]), 'max_oct': np.float64(436.4322557566732)}"
31,13,31,13,250.8,4,4,62.7,"{'P_opt': np.float64(-12.640000000000002), 'gsnr': array([[33.16766286, 33.14691087, 33.13584074, 33.12768596, 33.1209521 ,
        33.11505658, 33.10971367, 33.10476128, 33.10009316, 33.09564273,
        33.09136082, 33.08721038, 33.08315255, 33.07917402, 33.07526082,
        33.07139687, 33.06757235, 33.06377978, 33.06000811, 33.05625451,
        33.05251506, 33.04878426, 33.04505692, 33.04133266, 33.0376037 ,
        33.03386438, 33.03011243, 33.02634217, 33.0225427 , 33.01869875,
        33.0146439 , 33.01073801, 33.00682325, 33.00288391, 32.99891359,
        32.99491762, 32.99089716, 32.98685404, 32.98279463, 32.97872378,
        32.97464375, 32.97056062, 32.96647066, 32.96237444, 32.95827209,
        32.95416338, 32.95004582, 32.94591723, 32.94177246, 32.93759909,
        32.93329266, 32.92909638, 32.92489784, 32.92068524, 32.91645677,
        32.91220743, 32.90793493, 32.90364066, 32.89931948, 32.89497248,
        32.89059705, 32.88618905, 32.88174753, 32.87727487, 32.87276922,
        32.86823376, 32.86367009, 32.85908098, 32.85447129, 32.84985838,
        32.84523653, 32.84060433, 32.83581068, 32.8313359 , 32.82708877,
        32.82322999, 32.82008017, 32.81831869, 32.81975747, 32.83269789,
        33.23342   , 33.20297802, 33.18585231, 33.17244693, 33.16067475,
        33.14975579, 33.13931676, 33.12917024, 33.1191824 , 33.10927498,
        33.09939272, 33.08949229, 33.07952596, 33.06948725, 33.05936128,
        33.0491336 , 33.03879644, 33.02834645, 33.01777002, 33.00706863,
        32.9962373 , 32.98526367, 32.97414787, 32.96289277, 32.95148153,
        32.93992049, 32.92820752, 32.91633654, 32.90430923, 32.89213403,
        32.87979591, 32.86729988, 32.85464433, 32.84179244, 32.82850641,
        32.8153661 , 32.80212975, 32.78876389, 32.77525086, 32.76159411,
        32.74778175, 32.73382079, 32.71970165, 32.70542194, 32.69097109,
        32.67635174, 32.66154926, 32.64657227, 32.63142097, 32.61609642,
        32.60059873, 32.58494257, 32.56910349, 32.55306914, 32.53674623,
        32.52037742, 32.50386765, 32.4872175 , 32.47041337, 32.45345905,
        32.43636528, 32.41912959, 32.40176222, 32.38428287, 32.36669333,
        32.34899023, 32.33109381, 32.31332585, 32.29562093, 32.27805572,
        32.26063854, 32.24345912, 32.22666505, 32.21045622, 32.1953485 ,
        32.18207668, 32.1719443 , 32.16782801, 32.17717267, 32.23443066,
        30.99306744, 30.90731058, 30.86061855, 30.8248117 , 30.79378953,
        30.76532613, 30.73834792, 30.71238128, 30.68701903, 30.66205064,
        30.63733744, 30.61271299, 30.58802988, 30.56329456, 30.5384436 ,
        30.51345321, 30.48830225, 30.46297617, 30.43745003, 30.41170607,
        30.38572131, 30.35946543, 30.33293025, 30.30611653, 30.27901306,
        30.25166163, 30.22408304, 30.19628455, 30.1682999 , 30.14017011,
        30.11188886, 30.08350764, 30.05504872, 30.02652386, 29.99796102,
        29.96937699, 29.94079403, 29.91240702, 29.88411261, 29.85544966,
        29.82631854, 29.79694951, 29.76736944, 29.73758414, 29.70757655,
        29.67734025, 29.64684494, 29.61614802, 29.58520309, 29.55398072,
        29.52249094, 29.49074634, 29.45868023, 29.42631308, 29.39362325,
        29.36059615, 29.32725988, 29.29362601, 29.25959632, 29.2252069 ,
        29.19047684, 29.1554254 , 29.12003477, 29.08431713, 29.04823964,
        29.01182741, 28.97508648, 28.93801381, 28.90060057, 28.86289317,
        28.82492588, 28.78674243, 28.74840314, 28.7099531 , 28.6713988 ,
        28.63279882, 28.59420786, 28.55563535, 28.51712739, 28.47875279,
        28.44048633, 28.4024084 , 28.36457157, 28.32708223, 28.28972495,
        28.25261716, 28.21603081, 28.17994241, 28.14443515, 28.10959079,
        28.07555387, 28.04249738, 28.0105638 , 27.9799751 , 27.9510111 ,
        27.92397577, 27.89929346, 27.87752893, 27.85895073, 27.84413603,
        27.83404837, 27.83013156, 27.83456912, 27.85085725, 27.88523338,
        27.95056597, 28.08061499, 28.42976716]]), 'osnr': array([[33.44833125, 33.44655733, 33.44478879, 33.44302236, 33.44125734,
        33.43949344, 33.43773052, 33.4359685 , 33.43420733, 33.43244697,
        33.43068741, 33.42892862, 33.42717059, 33.4254133 , 33.42365676,
        33.42190094, 33.42014586, 33.41839149, 33.41663784, 33.41488491,
        33.41313269, 33.41138117, 33.40963036, 33.40788026, 33.40613086,
        33.40438215, 33.40263414, 33.40088682, 33.39914018, 33.39739423,
        33.39564886, 33.39390427, 33.39216038, 33.39041716, 33.38867463,
        33.38693278, 33.38519162, 33.38345114, 33.38171134, 33.37997224,
        33.37823382, 33.37649609, 33.37475905, 33.3730227 , 33.37128704,
        33.36955207, 33.36781778, 33.36608417, 33.36435124, 33.36261899,
        33.36088736, 33.35915647, 33.35742627, 33.35569674, 33.3539679 ,
        33.35223972, 33.35051222, 33.34878539, 33.34705923, 33.34533374,
        33.34360892, 33.34188476, 33.34016126, 33.33843843, 33.33671627,
        33.33499476, 33.33327392, 33.33155374, 33.32983423, 33.3281154 ,
        33.32639724, 33.32467975, 33.32296284, 33.32124678, 33.31953151,
        33.31781712, 33.31610378, 33.31439183, 33.31268222, 33.31097929,
        33.80071386, 33.79899429, 33.79728169, 33.79557152, 33.79386279,
        33.79215513, 33.79044835, 33.78874237, 33.78703712, 33.78533256,
        33.78362867, 33.78192543, 33.78022281, 33.7785208 , 33.7768194 ,
        33.77511861, 33.77341841, 33.7717188 , 33.77001978, 33.76832135,
        33.7666235 , 33.76492622, 33.76322951, 33.76153338, 33.75983782,
        33.75814282, 33.75644838, 33.75475451, 33.75306119, 33.75136844,
        33.74967624, 33.7479846 , 33.74629351, 33.74460295, 33.7429128 ,
        33.74122336, 33.7395345 , 33.7378462 , 33.73615845, 33.73447125,
        33.7327846 , 33.7310985 , 33.72941294, 33.72772791, 33.72604342,
        33.72435946, 33.72267602, 33.7209931 , 33.71931071, 33.71762884,
        33.71594749, 33.71426666, 33.71258635, 33.71090654, 33.70922718,
        33.70754841, 33.70587016, 33.70419244, 33.70251524, 33.70083855,
        33.69916239, 33.69748675, 33.69581164, 33.69413705, 33.69246301,
        33.69078949, 33.68911645, 33.68744409, 33.68577235, 33.68410129,
        33.68243091, 33.68076127, 33.67909245, 33.67742458, 33.67575797,
        33.67409307, 33.67243068, 33.67077256, 33.66912324, 33.66750331,
        32.1575032 , 32.15578469, 32.15409759, 32.15241972, 32.15074621,
        32.14907528, 32.14740608, 32.14573822, 32.14407137, 32.14240535,
        32.14074005, 32.13907533, 32.13741107, 32.13574725, 32.13408383,
        32.13242079, 32.13075809, 32.12909573, 32.12743367, 32.1257719 ,
        32.12411038, 32.1224491 , 32.12078803, 32.11912716, 32.11746649,
        32.11580604, 32.11414583, 32.11248586, 32.11082616, 32.10916675,
        32.10750764, 32.10584887, 32.10419044, 32.10253239, 32.10087472,
        32.09921745, 32.09756061, 32.09590438, 32.09424867, 32.09259301,
        32.09093727, 32.08928169, 32.08762628, 32.08597106, 32.08431598,
        32.08266105, 32.08100622, 32.07935154, 32.07769696, 32.07604243,
        32.07438797, 32.07273357, 32.07107914, 32.06942471, 32.06777024,
        32.0661157 , 32.06446111, 32.06280647, 32.06115166, 32.05949671,
        32.05784162, 32.0561864 , 32.05453103, 32.05287551, 32.05121977,
        32.04956384, 32.04790771, 32.04625136, 32.04459476, 32.04293797,
        32.041281  , 32.03962392, 32.03796678, 32.03630963, 32.03465248,
        32.0329954 , 32.03133845, 32.02968165, 32.02802506, 32.02636877,
        32.02471275, 32.0230571 , 32.02140192, 32.01974736, 32.01809226,
        32.01643849, 32.01478563, 32.01313365, 32.0114827 , 32.0098329 ,
        32.00818453, 32.00653786, 32.00489315, 32.00325081, 32.0016113 ,
        31.99997518, 31.99834318, 31.99671629, 31.99509502, 31.99348038,
        31.99187401, 31.99027835, 31.98869701, 31.98713567, 31.98560427,
        31.98412272, 31.98274147, 31.98167688]]), 'snr_nli': array([[45.2031494 , 44.9076243 , 44.76838767, 44.67450213, 44.60232312,
        44.5428064 , 44.49157146, 44.44615766, 44.40497353, 44.36702424,
        44.33158365, 44.29811078, 44.26605714, 44.23522332, 44.2054066 ,
        44.17638275, 44.14801294, 44.12019165, 44.09277046, 44.06570795,
        44.03894984, 44.01242347, 43.98606129, 43.95985679, 43.93371246,
        43.90755887, 43.88136919, 43.8550758 , 43.82854976, 43.80161263,
        43.77229055, 43.74488318, 43.71750192, 43.68996315, 43.66219555,
        43.63426534, 43.60618927, 43.57799142, 43.54974714, 43.52151281,
        43.49331459, 43.46522059, 43.43718846, 43.40922404, 43.38132852,
        43.3534989 , 43.32570771, 43.29793138, 43.27011499, 43.24212651,
        43.21285593, 43.18490384, 43.15706385, 43.12921134, 43.1013281 ,
        43.07336372, 43.04529632, 43.0171428 , 42.98885274, 42.9604402 ,
        42.9318816 , 42.90313846, 42.87420531, 42.84510967, 42.81583681,
        42.78642175, 42.75688321, 42.72725118, 42.69757488, 42.66802218,
        42.63853748, 42.60910697, 42.57830693, 42.55066111, 42.52526952,
        42.5035919 , 42.4885514 , 42.48638051, 42.51392583, 42.65065236,
        42.3537421 , 42.12284048, 42.00236096, 41.91237882, 41.835939  ,
        41.76678923, 41.70197118, 41.6400035 , 41.57985447, 41.52092586,
        41.46280407, 41.40517447, 41.34770643, 41.29035711, 41.2330305 ,
        41.17563728, 41.11813502, 41.06051126, 41.00268969, 40.9446911 ,
        40.88649605, 40.8280409 , 40.76934025, 40.71042461, 40.65120724,
        40.59174029, 40.53202513, 40.47204082, 40.41181119, 40.35139686,
        40.29072673, 40.22984203, 40.16874691, 40.1072577 , 40.04414115,
        39.98247642, 39.92097643, 39.85947088, 39.79787647, 39.73621884,
        39.67444689, 39.61260386, 39.55065136, 39.4885868 , 39.42636934,
        39.36402159, 39.30148561, 39.23881202, 39.17601141, 39.11309792,
        39.05008082, 38.98703263, 38.92385386, 38.86050107, 38.79659073,
        38.73316002, 38.66980545, 38.6065319 , 38.54328645, 38.48008812,
        38.41698263, 38.35396183, 38.29106738, 38.22837525, 38.16589032,
        38.10359774, 38.04119883, 37.97988654, 37.91939366, 37.85997697,
        37.80163889, 37.74467074, 37.68955717, 37.63694916, 37.58857157,
        37.54685544, 37.51613073, 37.50606384, 37.542112  , 37.74644249,
        37.27897212, 36.9306514 , 36.75156727, 36.61886327, 36.5067996 ,
        36.40611523, 36.31239905, 36.223666  , 36.13828758, 36.05540852,
        35.9744657 , 35.89483164, 35.81597375, 35.73789155, 35.66035722,
        35.58328097, 35.50658541, 35.43021724, 35.35409327, 35.27815595,
        35.2023344 , 35.12653877, 35.05074884, 34.97497122, 34.89917762,
        34.82349261, 34.74797577, 34.67264606, 34.59759486, 34.52292944,
        34.44862408, 34.37480909, 34.30153173, 34.22880957, 34.15670158,
        34.08523551, 34.014452  , 33.94482664, 33.87607003, 33.80701537,
        33.73742774, 33.66788477, 33.59845191, 33.52914178, 33.45991225,
        33.39074754, 33.32157686, 33.25253418, 33.18351129, 33.11444205,
        33.04535137, 32.9762689 , 32.90704797, 32.83773782, 32.76829453,
        32.69869073, 32.62899119, 32.55922339, 32.48918309, 32.41895273,
        32.34857684, 32.27809877, 32.20748506, 32.13676376, 32.06587179,
        31.99486313, 31.92375248, 31.85253614, 31.78119934, 31.70983399,
        31.63850591, 31.5672968 , 31.49631705, 31.4256453 , 31.35528628,
        31.28534042, 31.21589827, 31.14696561, 31.07861429, 31.01095491,
        30.94392801, 30.87766245, 30.81223503, 30.74781483, 30.68400945,
        30.62100818, 30.55926274, 30.49871068, 30.4394723 , 30.38166336,
        30.32550316, 30.27125488, 30.21912688, 30.16945652, 30.12267218,
        30.07923712, 30.03980749, 30.00526359, 29.97599927, 29.95291291,
        29.93753207, 29.93216956, 29.94035853, 29.96782153, 30.02490602,
        30.1333206 , 30.3513928 , 30.95857373]]), 'max_oct': np.float64(419.8342969843153)}"
31,17,31,17,164.0,3,3,54.666666666666664,"{'P_opt': np.float64(-11.533333333333335), 'gsnr': array([[34.27271804, 34.2501912 , 34.2381599 , 34.22933668, 34.22208302,
        34.2157567 , 34.21004216, 34.20476045, 34.19979471, 34.19507139,
        34.19053648, 34.18614935, 34.1818676 , 34.1776766 , 34.17356071,
        34.16950261, 34.16549142, 34.16151893, 34.15757312, 34.15365076,
        34.14974745, 34.14585717, 34.14197417, 34.13809791, 34.13421958,
        34.1303323 , 34.1264307 , 34.1224932 , 34.11830518, 34.11432925,
        34.11035265, 34.10635471, 34.10233183, 34.09828268, 34.09420325,
        34.09010008, 34.08597433, 34.08182781, 34.07766669, 34.07349581,
        34.06931708, 34.06513682, 34.06095092, 34.05675994, 34.05256397,
        34.04836272, 34.04415296, 34.03993112, 34.03568284, 34.0312708 ,
        34.02700037, 34.02273964, 34.01846835, 34.01418338, 34.0098847 ,
        34.00556785, 34.00123095, 33.99687612, 33.9924983 , 33.98809912,
        33.9836764 , 33.97922629, 33.97474832, 33.97024578, 33.96571741,
        33.96116743, 33.9565985 , 33.95201466, 33.94742168, 33.94283788,
        33.93824304, 33.93342626, 33.92895322, 33.92465933, 33.92062981,
        33.91706824, 33.91434665, 33.91324752, 33.91585498, 33.93172021,
        34.33111443, 34.29745305, 34.27907394, 34.26498157, 34.25278582,
        34.24159397, 34.23097973, 34.2207289 , 34.21068962, 34.2007733 ,
        34.19091761, 34.18107431, 34.17119081, 34.16125976, 34.15126447,
        34.14118937, 34.13102597, 34.12077039, 34.11040847, 34.09994169,
        34.08936485, 34.07866555, 34.06784387, 34.056903  , 34.04582599,
        34.03461972, 34.02328222, 34.01180733, 34.00019596, 33.9884551 ,
        33.97656362, 33.96449746, 33.95197896, 33.93967123, 33.92727982,
        33.91478699, 33.90217792, 33.88945187, 33.87659776, 33.86362178,
        33.85051308, 33.83727992, 33.82391328, 33.81041199, 33.79676619,
        33.78297943, 33.76903754, 33.75494992, 33.740716  , 33.72633636,
        33.71180906, 33.69713392, 33.68217599, 33.6672206 , 33.65215308,
        33.63695425, 33.62162355, 33.6061787 , 33.59060914, 33.57491995,
        33.55911838, 33.54318185, 33.52698759, 33.51089316, 33.49476836,
        33.47861417, 33.46245482, 33.44631721, 33.43024439, 33.41432784,
        33.3985257 , 33.38309135, 33.36812117, 33.35382649, 33.34066736,
        33.32939344, 33.32130045, 33.31931657, 33.33089602, 33.39060498,
        32.1507451 , 32.06724986, 32.02274311, 31.98911052, 31.96031081,
        31.93412521, 31.90947416, 31.8858575 , 31.86289903, 31.84038896,
        31.81815919, 31.79608148, 31.77401297, 31.75193516, 31.72981245,
        31.70761132, 31.68531291, 31.66290832, 31.64037592, 31.61769179,
        31.59483557, 31.57178073, 31.54851614, 31.52503871, 31.50133546,
        31.47744484, 31.45339259, 31.42919961, 31.40492302, 31.3807237 ,
        31.356506  , 31.33208124, 31.30742359, 31.28267227, 31.25787405,
        31.23304078, 31.20815934, 31.1832238 , 31.15822932, 31.13316689,
        31.10799993, 31.08274208, 31.05737551, 31.031891  , 31.0062665 ,
        30.98049396, 30.95454417, 30.92846676, 30.90222025, 30.87578112,
        30.84915807, 30.82236191, 30.79533477, 30.76809752, 30.74063049,
        30.71292152, 30.68499393, 30.65685848, 30.62843208, 30.59974999,
        30.57082552, 30.54167455, 30.51228284, 30.48266319, 30.4527875 ,
        30.42267811, 30.39233913, 30.36176903, 30.330961  , 30.29995544,
        30.26878054, 30.23747306, 30.20608506, 30.17465587, 30.1431915 ,
        30.1117423 , 30.08035329, 30.04903185, 30.01781594, 29.98676512,
        29.95585716, 29.92516365, 29.89472892, 29.86464756, 29.83472243,
        29.80504909, 29.77587313, 29.74717094, 29.71901258, 29.69146588,
        29.66465306, 29.63872125, 29.61379114, 29.59005396, 29.56774831,
        29.54713408, 29.52856792, 29.51254667, 29.49933271, 29.48947024,
        29.48382309, 29.48367919, 29.49099654, 29.50903877, 29.54397719,
        29.60513827, 29.7225311 , 30.02964377]]), 'osnr': array([[34.56193059, 34.56015808, 34.5583902 , 34.55662423, 34.55485957,
        34.55309597, 34.55133331, 34.54957152, 34.54781057, 34.54605042,
        34.54429105, 34.54253244, 34.54077459, 34.53901748, 34.53726111,
        34.53550547, 34.53375055, 34.53199635, 34.53024287, 34.52849011,
        34.52673805, 34.52498671, 34.52323607, 34.52148614, 34.51973691,
        34.51798838, 34.51624055, 34.5144934 , 34.51274686, 34.5110011 ,
        34.50925604, 34.50751166, 34.50576798, 34.50402499, 34.50228267,
        34.50054105, 34.49880011, 34.49705987, 34.49532031, 34.49358144,
        34.49184326, 34.49010577, 34.48836897, 34.48663286, 34.48489745,
        34.48316272, 34.48142868, 34.47969532, 34.47796264, 34.47623059,
        34.47449927, 34.47276866, 34.47103872, 34.46930946, 34.46758089,
        34.46585299, 34.46412577, 34.46239922, 34.46067335, 34.45894816,
        34.45722364, 34.45549978, 34.4537766 , 34.45205409, 34.45033225,
        34.44861108, 34.44689058, 34.44517075, 34.4434516 , 34.44173313,
        34.44001533, 34.43829812, 34.43658172, 34.43486607, 34.4331512 ,
        34.4314372 , 34.42972421, 34.42801256, 34.42630308, 34.42459965,
        34.91433802, 34.91262033, 34.91090893, 34.90919978, 34.90749199,
        34.90578523, 34.90407935, 34.90237426, 34.90066991, 34.89896627,
        34.8972633 , 34.895561  , 34.89385933, 34.89215831, 34.89045791,
        34.88875814, 34.88705898, 34.88536045, 34.88366252, 34.88196521,
        34.8802685 , 34.87857239, 34.87687689, 34.87518198, 34.87348767,
        34.87179396, 34.87010084, 34.86840831, 34.86671637, 34.86502502,
        34.86333426, 34.86164406, 34.85995433, 34.85826532, 34.85657691,
        34.8548891 , 34.85320188, 34.85151526, 34.84982921, 34.84814375,
        34.84645887, 34.84477457, 34.84309085, 34.8414077 , 34.83972513,
        34.83804312, 34.83636168, 34.8346808 , 34.83300049, 34.83132075,
        34.82964157, 34.82796294, 34.82628482, 34.82460733, 34.8229304 ,
        34.82125404, 34.81957824, 34.81790301, 34.81622834, 34.81455424,
        34.8128807 , 34.81120771, 34.80953523, 34.8078634 , 34.80619217,
        34.80452154, 34.80285151, 34.80118211, 34.79951334, 34.79784525,
        34.79617783, 34.79451118, 34.79284536, 34.79118045, 34.78951669,
        34.78785441, 34.78619424, 34.78453753, 34.78288776, 34.78126077,
        33.27128678, 33.26958554, 33.2679085 , 33.26623869, 33.26457241,
        33.26290832, 33.26124573, 33.25958435, 33.25792394, 33.25626437,
        33.25460552, 33.25294733, 33.25128969, 33.2496326 , 33.24797601,
        33.24631993, 33.24466432, 33.24300918, 33.24135449, 33.23970024,
        33.2380464 , 33.23639297, 33.23473992, 33.23308724, 33.23143494,
        33.22978303, 33.22813153, 33.22648044, 33.22482981, 33.22317976,
        33.2215302 , 33.21988101, 33.21823216, 33.21658375, 33.21493582,
        33.21328836, 33.21164137, 33.20999484, 33.20834876, 33.20670314,
        33.20505793, 33.20341315, 33.20176878, 33.2001248 , 33.19848121,
        33.19683798, 33.1951951 , 33.19355259, 33.19191043, 33.19026859,
        33.18862707, 33.18698588, 33.18534496, 33.18370433, 33.18206397,
        33.18042385, 33.17878401, 33.17714443, 33.17550505, 33.17386589,
        33.17222694, 33.17058823, 33.16894974, 33.16731146, 33.16567337,
        33.16403548, 33.16239779, 33.16076029, 33.15912297, 33.15748586,
        33.15584899, 33.15421237, 33.15257605, 33.15094008, 33.14930445,
        33.14766921, 33.14603439, 33.14440002, 33.14276612, 33.14113275,
        33.1394999 , 33.13786763, 33.136236  , 33.13460511, 33.1329739 ,
        33.13134418, 33.12971536, 33.12808743, 33.12646047, 33.12483455,
        33.12320983, 33.12158647, 33.11996462, 33.11834451, 33.11672643,
        33.11511068, 33.11349768, 33.11188803, 33.11028205, 33.10868036,
        33.10708398, 33.10549437, 33.10391373, 33.10234567, 33.10079689,
        33.09927715, 33.09781731, 33.09654709]]), 'snr_nli': array([[46.18219354, 45.86894308, 45.72051011, 45.62050097, 45.54372484,
        45.48050871, 45.42616312, 45.3780565 , 45.33449343, 45.29441058,
        45.25703571, 45.22179459, 45.18810921, 45.15576651, 45.12454721,
        45.09421726, 45.06462791, 45.0356666 , 45.00717728, 44.97911389,
        44.95141722, 44.92400981, 44.89681956, 44.86983729, 44.84295649,
        44.81609578, 44.78919295, 44.76199933, 44.73204858, 44.70468502,
        44.67744364, 44.65008925, 44.62258341, 44.59491465, 44.56704149,
        44.53904047, 44.5109272 , 44.4827242 , 44.45450079, 44.42631053,
        44.39817443, 44.3701599 , 44.34222183, 44.31436581, 44.28659202,
        44.25889685, 44.231246  , 44.20360238, 44.17581828, 44.14648677,
        44.11875209, 44.09124924, 44.06377063, 44.0362852 , 44.00879328,
        43.9812516 , 43.95364276, 43.92598943, 43.8982435 , 43.87042311,
        43.84250887, 43.81446592, 43.78629272, 43.75802328, 43.72964791,
        43.70120884, 43.6727328 , 43.64425871, 43.61584069, 43.58764721,
        43.55949028, 43.52944842, 43.50267858, 43.4776467 , 43.45509376,
        43.43681019, 43.42607548, 43.4298407 , 43.46690673, 43.62626557,
        43.33895562, 43.08931745, 42.96296837, 42.87062287, 42.79340607,
        42.72436954, 42.66023337, 42.59935298, 42.54058949, 42.48328231,
        42.42697487, 42.37132272, 42.3159674 , 42.26085706, 42.20588224,
        42.15094494, 42.09599549, 42.04101482, 41.98592158, 41.93073264,
        41.87542427, 41.81993092, 41.76426317, 41.70844949, 41.65240125,
        41.59616932, 41.53975286, 41.4831277 , 41.4263099 , 41.36934815,
        41.31213718, 41.25456044, 41.1951624 , 41.13748231, 41.07994347,
        41.02245497, 40.96494453, 40.90741345, 40.84981171, 40.79217634,
        40.73445979, 40.67670881, 40.61888557, 40.5609911 , 40.50298556,
        40.44489308, 40.3866555 , 40.32832402, 40.26990312, 40.21140222,
        40.15281938, 40.09416033, 40.03484883, 39.97612798, 39.91749897,
        39.85888269, 39.80028033, 39.74176809, 39.68330412, 39.62491123,
        39.56661984, 39.50834147, 39.44959932, 39.39179473, 39.33440499,
        39.2774255 , 39.22093909, 39.16503563, 39.1098613 , 39.05573461,
        39.00247869, 38.95098654, 38.90156136, 38.85490603, 38.81258194,
        38.77713036, 38.75296045, 38.7501611 , 38.79488528, 39.01304108,
        38.58253912, 38.23214298, 38.05603362, 37.92753563, 37.82032937,
        37.72489214, 37.63665292, 37.55346997, 37.47377998, 37.39670308,
        37.32155315, 37.24781786, 37.17495838, 37.10288689, 37.03146149,
        36.96055339, 36.89008798, 36.82002636, 36.75028997, 36.68079605,
        36.61147659, 36.54224697, 36.47307383, 36.40394989, 36.33483793,
        36.26585714, 36.19708381, 36.12857679, 36.06049817, 35.99330359,
        35.92669631, 35.86012727, 35.79352562, 35.72728222, 35.6615184 ,
        35.59625562, 35.53144686, 35.46706616, 35.40309121, 35.33948954,
        35.27615776, 35.21312598, 35.15034246, 35.08777906, 35.02537621,
        34.96311124, 34.90090976, 34.83889361, 34.77695841, 34.71504653,
        34.65317948, 34.59138311, 34.52952015, 34.4676421 , 34.40570465,
        34.34368205, 34.28163062, 34.21957626, 34.15733272, 34.09498393,
        34.03256257, 33.97010588, 33.90758424, 33.84502742, 33.7823763 ,
        33.71968117, 33.65695217, 33.59418722, 33.53137324, 33.46859537,
        33.40591109, 33.34339371, 33.28114549, 33.21924011, 33.15768251,
        33.09656565, 33.03596944, 32.97589792, 32.91641466, 32.85762348,
        32.79946835, 32.74207411, 32.68551093, 32.6299425 , 32.57498161,
        32.52079467, 32.46782541, 32.4160101 , 32.36545905, 32.31627667,
        32.26866497, 32.22286789, 32.17907829, 32.13761363, 32.09887258,
        32.0632879 , 32.03146129, 32.00423979, 31.98205231, 31.96582969,
        31.95707158, 31.95803739, 31.9721991 , 32.00541365, 32.06890825,
        32.18014016, 32.39615484, 32.98406861]]), 'max_oct': np.float64(436.02174928704125)}"
31,35,31,35,117.4,2,2,58.7,"{'P_opt': np.float64(-12.140000000000004), 'gsnr': array([[33.67683303, 33.65590968, 33.64466927, 33.6363899 , 33.62955957,
        33.62358535, 33.6181759 , 33.61316589, 33.60844717, 33.60395179,
        33.5996297 , 33.59544324, 33.59135301, 33.58734545, 33.58340619,
        33.57951905, 33.57567398, 33.57186337, 33.56807603, 33.56430903,
        33.56055834, 33.55681838, 33.55308387, 33.54935442, 33.54562207,
        33.54188098, 33.53812828, 33.53435624, 33.53054177, 33.52651311,
        33.52265257, 33.51878537, 33.51489595, 33.51098103, 33.50703627,
        33.50306761, 33.49907623, 33.49506391, 33.4910367 , 33.48699932,
        33.48295377, 33.47890606, 33.47485243, 33.47079345, 33.46672928,
        33.46265979, 33.45858247, 33.45449532, 33.45039333, 33.44626439,
        33.44199525, 33.4378467 , 33.43369742, 33.429536  , 33.42536083,
        33.42116714, 33.4169528 , 33.4127195 , 33.40846228, 33.40418248,
        33.39987777, 33.3955443 , 33.39118142, 33.38679192, 33.38237434,
        33.37793236, 33.37346818, 33.36898535, 33.36448955, 33.35999955,
        33.35551084, 33.35102423, 33.34637716, 33.34208027, 33.33803325,
        33.33440598, 33.33153434, 33.33012946, 33.33208743, 33.34609586,
        33.74921684, 33.7180003 , 33.70070957, 33.6873188 , 33.67564783,
        33.66488209, 33.65463226, 33.64470277, 33.63495451, 33.62530627,
        33.61570081, 33.60609354, 33.59643568, 33.58672048, 33.57693258,
        33.5670574 , 33.55708702, 33.54701793, 33.53683664, 33.52654458,
        33.51613682, 33.50560136, 33.49493828, 33.48415055, 33.47322181,
        33.46215849, 33.45095867, 33.43961648, 33.42813332, 33.41651707,
        33.4047516 , 33.39283787, 33.38074977, 33.36824224, 33.3558906 ,
        33.34346239, 33.33091807, 33.31825239, 33.30545306, 33.29252524,
        33.27945805, 33.26625901, 33.25291915, 33.23943679, 33.22580208,
        33.21201805, 33.19807078, 33.18396907, 33.16971275, 33.15530281,
        33.14073907, 33.12603356, 33.11115015, 33.09599593, 33.08082125,
        33.06552149, 33.05008277, 33.03452026, 33.01882329, 33.00299701,
        32.98705176, 32.97098454, 32.95480194, 32.93850282, 32.92198001,
        32.90555239, 32.88913038, 32.87271901, 32.85635748, 32.84014214,
        32.82407706, 32.80820293, 32.79282018, 32.77811406, 32.7644128 ,
        32.75256133, 32.7438306 , 32.74091214, 32.75121289, 32.80833283,
        31.55983981, 31.47773176, 31.4335159 , 31.39984672, 31.37088467,
        31.34440871, 31.31941362, 31.29541948, 31.27203336, 31.24905908,
        31.2263366 , 31.20374073, 31.18112365, 31.15847884, 31.13575885,
        31.11293363, 31.08998291, 31.06689681, 31.04365017, 31.0202219 ,
        30.99660106, 30.97276463, 30.94869776, 30.92439295, 30.8998345 ,
        30.8750596 , 30.85009092, 30.82494138, 30.79964578, 30.77424749,
        30.74875246, 30.72323902, 30.69787918, 30.67260375, 30.6470916 ,
        30.62130692, 30.5953929 , 30.56937531, 30.54326103, 30.51704591,
        30.49069524, 30.4642245 , 30.43761662, 30.41086218, 30.38393858,
        30.356837  , 30.3295274 , 30.30206091, 30.27439449, 30.24650246,
        30.21839363, 30.19007916, 30.16149859, 30.13267214, 30.10357961,
        30.07420794, 30.04458177, 30.01471194, 29.98451075, 29.9540131 ,
        29.92323417, 29.89219081, 29.86086748, 29.8292765 , 29.79738823,
        29.76522565, 29.73279344, 29.70008942, 29.66710598, 29.63388517,
        29.600457  , 29.56686031, 29.53314955, 29.49936571, 29.46551487,
        29.43164984, 29.39781882, 29.36402984, 29.33032352, 29.29676235,
        29.26332317, 29.23008021, 29.19708048, 29.16442194, 29.13190304,
        29.09962676, 29.06784572, 29.03653683, 29.00577459, 28.97563148,
        28.94623706, 28.91774698, 28.89028906, 28.86406449, 28.83932531,
        28.81634574, 28.79550451, 28.77732024, 28.7620543 , 28.7502578 ,
        28.74282228, 28.74107726, 28.74702999, 28.76389368, 28.79740741,
        28.85952884, 28.9815368 , 29.30126626]]), 'osnr': array([[33.95125045, 33.94947748, 33.94770937, 33.94594325, 33.94417846,
        33.94241475, 33.940652  , 33.93889014, 33.93712911, 33.93536889,
        33.93360945, 33.93185079, 33.93009287, 33.9283357 , 33.92657927,
        33.92482357, 33.9230686 , 33.92131434, 33.91956081, 33.91780798,
        33.91605587, 33.91430447, 33.91255378, 33.91080379, 33.9090545 ,
        33.90730591, 33.90555801, 33.90381081, 33.90206429, 33.90031838,
        33.89857324, 33.89682879, 33.89508504, 33.89334197, 33.89159958,
        33.88985788, 33.88811686, 33.88637653, 33.88463689, 33.88289793,
        33.88115967, 33.8794221 , 33.87768522, 33.87594903, 33.87421352,
        33.87247871, 33.87074458, 33.86901114, 33.86727838, 33.86554629,
        33.86381483, 33.86208411, 33.86035408, 33.85862473, 33.85689606,
        33.85516806, 33.85344074, 33.85171409, 33.84998812, 33.84826282,
        33.84653819, 33.84481423, 33.84309094, 33.84136831, 33.83964635,
        33.83792506, 33.83620444, 33.83448449, 33.83276521, 33.83104661,
        33.82932869, 33.82761144, 33.8258948 , 33.82417899, 33.82246397,
        33.82074983, 33.8190367 , 33.81732494, 33.8156154 , 33.81391213,
        34.3036491 , 34.30193075, 34.30021892, 34.2985094 , 34.29680127,
        34.29509418, 34.29338797, 34.29168256, 34.28997788, 34.2882739 ,
        34.28657059, 34.28486794, 34.28316593, 34.28146454, 34.27976378,
        34.27806363, 34.27636409, 34.27466515, 34.27296682, 34.2712691 ,
        34.26957197, 34.26787543, 34.26617948, 34.26448412, 34.26278935,
        34.26109516, 34.25940155, 34.25770853, 34.25601608, 34.25432421,
        34.25263292, 34.2509422 , 34.24925203, 34.24756232, 34.24587331,
        34.2441849 , 34.24249708, 34.24080983, 34.23912315, 34.23743705,
        34.23575152, 34.23406655, 34.23238215, 34.23069831, 34.22901502,
        34.22733229, 34.22565011, 34.22396848, 34.2222874 , 34.22060687,
        34.21892688, 34.21724745, 34.21556855, 34.21389014, 34.21221233,
        34.21053508, 34.20885838, 34.20718223, 34.20550662, 34.20383157,
        34.20215706, 34.20048311, 34.1988097 , 34.19713684, 34.19546448,
        34.19379277, 34.19212167, 34.19045118, 34.18878132, 34.18711214,
        34.18544364, 34.18377585, 34.18210892, 34.18044295, 34.17877812,
        34.17711488, 34.17545391, 34.17379666, 34.17214706, 34.17052273,
        32.66053908, 32.65883147, 32.65715073, 32.65547793, 32.653809  ,
        32.65214238, 32.65047736, 32.64881359, 32.64715081, 32.64548887,
        32.64382765, 32.64216706, 32.64050699, 32.63884742, 32.63718833,
        32.63552969, 32.63387148, 32.63221369, 32.6305563 , 32.62889928,
        32.62724263, 32.62558633, 32.62393035, 32.62227469, 32.62061933,
        32.6189643 , 32.61730961, 32.61565527, 32.6140013 , 32.61234774,
        32.61069459, 32.60904191, 32.60738984, 32.60573834, 32.60408711,
        32.60243614, 32.60078553, 32.5991353 , 32.59748547, 32.59583601,
        32.59418691, 32.59253816, 32.59088976, 32.58924168, 32.5875939 ,
        32.58594642, 32.58429919, 32.58265226, 32.58100559, 32.57935915,
        32.57771294, 32.57606697, 32.57442116, 32.57277554, 32.57113008,
        32.56948475, 32.56783959, 32.56619458, 32.56454963, 32.56290478,
        32.56126003, 32.55961538, 32.55797082, 32.55632634, 32.55468192,
        32.55303755, 32.55139325, 32.549749  , 32.54810478, 32.54646063,
        32.54481657, 32.54317264, 32.54152889, 32.53988537, 32.53824206,
        32.53659904, 32.53495635, 32.533314  , 32.53167204, 32.53003053,
        32.52838945, 32.5267489 , 32.52510892, 32.52346965, 32.52182998,
        32.52019177, 32.51855445, 32.51691803, 32.51528261, 32.51364827,
        32.51201522, 32.51038366, 32.50875377, 32.50712585, 32.50550025,
        32.50387736, 32.50225771, 32.50064203, 32.49903071, 32.49742453,
        32.49582471, 32.49423305, 32.49265224, 32.4910865 , 32.48954323,
        32.48803748, 32.48660729, 32.48541068]]), 'snr_nli': array([[45.80704565, 45.50262572, 45.35815034, 45.26073529, 45.18591458,
        45.12428434, 45.07128401, 45.0243524 , 44.98183645, 44.9427006 ,
        44.90619119, 44.87174713, 44.83880217, 44.80714861, 44.77657392,
        44.74684791, 44.71782582, 44.68939788, 44.66141115, 44.63382151,
        44.60657192, 44.57958703, 44.55279694, 44.52619422, 44.49967744,
        44.47317377, 44.44664811, 44.42000671, 44.39297043, 44.36346415,
        44.33613823, 44.30886229, 44.2814505 , 44.25386694, 44.22606388,
        44.19811528, 44.17003803, 44.14185574, 44.11364076, 44.08544823,
        44.05730169, 44.02926918, 44.00130703, 43.97342132, 43.94561335,
        43.91788111, 43.89019625, 43.86253688, 43.83484859, 43.80700085,
        43.77777383, 43.74999233, 43.7223372 , 43.69468608, 43.6670225 ,
        43.63929721, 43.61148964, 43.58361938, 43.55563691, 43.52755841,
        43.49936249, 43.47101253, 43.44250531, 43.41387214, 43.38510136,
        43.35623256, 43.32728994, 43.29831048, 43.26935099, 43.24059464,
        43.21199502, 43.1835581 , 43.15372745, 43.12738331, 43.1035237 ,
        43.08371766, 43.07108147, 43.07226085, 43.10523559, 43.25499448,
        42.96284238, 42.72092656, 42.59690005, 42.50540723, 42.42837761,
        42.35915416, 42.29459152, 42.23311343, 42.17362578, 42.11549395,
        42.05827934, 42.00164985, 41.9452585 , 41.88905737, 41.83294283,
        41.77682057, 41.72064409, 41.66439727, 41.60800092, 41.55147374,
        41.49479391, 41.43789671, 41.38079459, 41.32351708, 41.26597638,
        41.20822423, 41.15026108, 41.0920647 , 41.03365573, 40.97509099,
        40.91628969, 40.85726998, 40.7979001 , 40.73685984, 40.67731285,
        40.61797564, 40.55863797, 40.49927747, 40.43983639, 40.38034865,
        40.32076576, 40.26113327, 40.20141322, 40.14160516, 40.08166883,
        40.02162781, 39.9614241 , 39.90110893, 39.84068987, 39.78017949,
        39.71958457, 39.6589666 , 39.59817012, 39.53679607, 39.47595845,
        39.41519386, 39.35444528, 39.29378074, 39.23315746, 39.1725997 ,
        39.11215209, 39.05180324, 38.99158075, 38.93148031, 38.87108058,
        38.81163625, 38.75277748, 38.6945101 , 38.63696898, 38.58049809,
        38.52508621, 38.47085752, 38.41888048, 38.36977211, 38.32464721,
        38.28644103, 38.25955197, 38.25340524, 38.29442975, 38.50710646,
        38.05972837, 37.7098836 , 37.53230253, 37.40176878, 37.29240013,
        37.19453048, 37.10381522, 37.01815773, 36.93591042, 36.85623346,
        36.77846182, 36.70208799, 36.62655027, 36.55180256, 36.47766091,
        36.40400848, 36.33076641, 36.25789344, 36.18530024, 36.11291443,
        36.04069911, 35.96858073, 35.89651441, 35.82447979, 35.75243229,
        35.68048905, 35.60871867, 35.53715788, 35.46590585, 35.39508228,
        35.32469455, 35.25495501, 35.18633062, 35.11859899, 35.05085235,
        34.98299605, 34.91542286, 34.84819623, 34.7813271 , 34.71479688,
        34.64850809, 34.58249617, 34.51671197, 34.45112743, 34.38568234,
        34.32035275, 34.2550632 , 34.18993926, 34.12487382, 34.05980505,
        33.9947554 , 33.92975205, 33.86465337, 33.79950988, 33.73427723,
        33.66892882, 33.60352441, 33.53809064, 33.47243344, 33.40663632,
        33.34073673, 33.27477452, 33.20871832, 33.14259731, 33.07635058,
        33.01003003, 32.94364762, 32.87720063, 32.81067518, 32.74415933,
        32.67771399, 32.61141598, 32.54537096, 32.4796548 , 32.41427224,
        32.3493194 , 32.28488066, 32.22096065, 32.1576263 , 32.0949845 ,
        32.0329774 , 31.97173181, 31.91132059, 31.85190956, 31.793109  ,
        31.73509497, 31.67831448, 31.6227042 , 31.56837859, 31.51544656,
        31.46411722, 31.41464256, 31.36722154, 31.32217988, 31.27992847,
        31.2409125 , 31.20575546, 31.17531955, 31.15001755, 31.1307668 ,
        31.11907605, 31.11721933, 31.12866683, 31.15904225, 31.21853497,
        31.32875472, 31.54771229, 32.1444136 ]]), 'max_oct': np.float64(427.9024276817393)}"
31,44,31,44,192.8,3,3,64.26666666666667,"{'P_opt': np.float64(-12.953333333333335), 'gsnr': array([[32.87217019, 32.85285774, 32.84248653, 32.83481075, 32.82844891,
        32.82286231, 32.81778673, 32.81307226, 32.80862056, 32.80437006,
        32.80027524, 32.79630183, 32.79241378, 32.78859881, 32.784844  ,
        32.78113444, 32.77746103, 32.77381686, 32.77019167, 32.76658285,
        32.76298679, 32.75939837, 32.75581277, 32.75222966, 32.74864178,
        32.74504389, 32.74143386, 32.73780643, 32.73415151, 32.73045519,
        32.72656976, 32.72281492, 32.71905092, 32.71526346, 32.71144664,
        32.70760549, 32.70374113, 32.69985529, 32.69595398, 32.69204174,
        32.68812072, 32.68419662, 32.68026599, 32.67632938, 32.67238698,
        32.66843865, 32.66448227, 32.66051625, 32.65653717, 32.65254141,
        32.64851954, 32.64438003, 32.64033082, 32.63627802, 32.63221218,
        32.6281273 , 32.62402077, 32.61989369, 32.61574114, 32.61156408,
        32.60736   , 32.60312498, 32.59885812, 32.59456157, 32.59023359,
        32.5858771 , 32.58149358, 32.57708567, 32.57265809, 32.56822762,
        32.56379127, 32.55936191, 32.55495079, 32.55044794, 32.54631548,
        32.54255747, 32.53945597, 32.53763605, 32.53877043, 32.5505238 ,
        32.95690339, 32.92852839, 32.91246521, 32.89984059, 32.88872401,
        32.87839389, 32.86850471, 32.85888304, 32.84940489, 32.83999773,
        32.83061031, 32.82120241, 32.8117296 , 32.80218586, 32.79255736,
        32.78283057, 32.77299822, 32.76305718, 32.75299466, 32.742812  ,
        32.73250451, 32.72206051, 32.71148007, 32.70076583, 32.68990187,
        32.67889406, 32.66774027, 32.65643469, 32.64497883, 32.63338056,
        32.62162569, 32.60971885, 32.5976585 , 32.58541001, 32.57275883,
        32.56023116, 32.54760898, 32.53486091, 32.52197024, 32.50894017,
        32.49575941, 32.48243444, 32.46895616, 32.45532215, 32.44152232,
        32.42755906, 32.41341844, 32.39910849, 32.3846294 , 32.36998224,
        32.3551672 , 32.34019886, 32.32505626, 32.30974145, 32.29423899,
        32.27846023, 32.26262929, 32.2466775 , 32.23057795, 32.21433168,
        32.19794804, 32.18142417, 32.1647695 , 32.14800245, 32.13112446,
        32.11413206, 32.09695386, 32.07988607, 32.06287104, 32.04598144,
        32.02922474, 32.01268584, 31.99650454, 31.98087238, 31.9662753 ,
        31.95341863, 31.94355538, 31.9393172 , 31.94785323, 32.00177093,
        30.74614923, 30.66483227, 30.62039667, 30.58620576, 30.55653423,
        30.52927443, 30.50341037, 30.47849385, 30.45414702, 30.43017051,
        30.40638756, 30.38268953, 30.35893409, 30.33510241, 30.31115258,
        30.28706256, 30.26280973, 30.23838273, 30.21375287, 30.18889397,
        30.16379502, 30.13843018, 30.11278507, 30.08685653, 30.06063648,
        30.03416651, 30.00746927, 29.98054931, 29.95343838, 29.92617568,
        29.89875468, 29.87122487, 29.84360753, 29.81591401, 29.78817154,
        29.76039678, 29.73261263, 29.70501438, 29.67751755, 29.64962848,
        29.62126401, 29.59265336, 29.56382382, 29.53478136, 29.50550954,
        29.47600209, 29.44622939, 29.41624713, 29.38601008, 29.35548927,
        29.32469421, 29.29363715, 29.26225291, 29.23056106, 29.19854039,
        29.16617642, 29.13349634, 29.10051139, 29.06712521, 29.03337252,
        28.99927185, 28.96484192, 28.93006488, 28.89495233, 28.8594718 ,
        28.82364763, 28.7874856 , 28.75098243, 28.71412905, 28.67697058,
        28.6395403 , 28.60188077, 28.56405069, 28.52609402, 28.48801677,
        28.44987625, 28.41172629, 28.37357609, 28.335471  , 28.29747885,
        28.25957467, 28.22183752, 28.18431924, 28.14712415, 28.11004226,
        28.07318988, 28.03683315, 28.00094982, 27.96562235, 27.9309317 ,
        27.89702071, 27.86406045, 27.83219166, 27.80163353, 27.77266245,
        27.74557867, 27.72080139, 27.69888826, 27.68010065, 27.66500439,
        27.6545468 , 27.6501478 , 27.65395452, 27.66940377, 27.70262459,
        27.7662556 , 27.89343092, 28.23549177]]), 'osnr': array([[33.13334343, 33.13156961, 33.12980111, 33.12803472, 33.12626973,
        33.12450585, 33.12274294, 33.12098094, 33.11921978, 33.11745944,
        33.11569989, 33.11394112, 33.11218309, 33.11042582, 33.10866928,
        33.10691348, 33.1051584 , 33.10340405, 33.10165041, 33.09989748,
        33.09814527, 33.09639376, 33.09464296, 33.09289286, 33.09114347,
        33.08939477, 33.08764676, 33.08589945, 33.08415282, 33.08240687,
        33.08066152, 33.07891694, 33.07717305, 33.07542984, 33.07368732,
        33.07194547, 33.07020431, 33.06846384, 33.06672405, 33.06498495,
        33.06324654, 33.06150881, 33.05977178, 33.05803544, 33.05629978,
        33.05456481, 33.05283053, 33.05109693, 33.04936401, 33.04763177,
        33.0459002 , 33.04416926, 33.04243905, 33.04070953, 33.03898068,
        33.03725251, 33.03552501, 33.03379819, 33.03207203, 33.03034654,
        33.02862172, 33.02689757, 33.02517407, 33.02345124, 33.02172908,
        33.02000757, 33.01828673, 33.01656656, 33.01484705, 33.01312822,
        33.01141006, 33.00969257, 33.00797578, 33.00625961, 33.00454432,
        33.00282991, 33.00111653, 32.99940455, 32.99769489, 32.99599181,
        33.48572637, 33.48400696, 33.48229442, 33.48058429, 33.47887558,
        33.47716793, 33.47546116, 33.47375519, 33.47204994, 33.47034539,
        33.46864151, 33.46693826, 33.46523564, 33.46353363, 33.46183224,
        33.46013144, 33.45843123, 33.45673162, 33.4550326 , 33.45333415,
        33.45163629, 33.44993901, 33.44824229, 33.44654615, 33.44485058,
        33.44315557, 33.44146112, 33.43976723, 33.4380739 , 33.43638113,
        33.43468892, 33.43299725, 33.43130614, 33.42961557, 33.4279254 ,
        33.42623593, 33.42454705, 33.42285872, 33.42117095, 33.41948373,
        33.41779705, 33.41611091, 33.41442532, 33.41274026, 33.41105573,
        33.40937173, 33.40768825, 33.4060053 , 33.40432286, 33.40264095,
        33.40095955, 33.39927868, 33.39759832, 33.39591848, 33.39423913,
        33.39256023, 33.39088191, 33.38920413, 33.38752686, 33.38585011,
        33.38417388, 33.38249817, 33.38082298, 33.37914832, 33.37747419,
        33.37580059, 33.37412747, 33.37245502, 33.37078319, 33.36911203,
        33.36744156, 33.36577181, 33.36410289, 33.3624349 , 33.36076818,
        33.35910316, 33.35744067, 33.35578239, 33.35413291, 33.3525128 ,
        31.84251181, 31.84079315, 31.8391059 , 31.83742784, 31.83575414,
        31.83408302, 31.83241362, 31.83074556, 31.8290785 , 31.82741228,
        31.82574674, 31.82408178, 31.82241728, 31.8207532 , 31.81908952,
        31.8174262 , 31.81576323, 31.81410058, 31.81243823, 31.81077615,
        31.80911432, 31.80745272, 31.80579131, 31.80413009, 31.80246906,
        31.80080824, 31.79914764, 31.79748728, 31.79582717, 31.79416734,
        31.7925078 , 31.79084858, 31.78918971, 31.78753119, 31.78587304,
        31.78421529, 31.78255795, 31.78090123, 31.77924504, 31.77758885,
        31.77593256, 31.7742764 , 31.77262041, 31.77096458, 31.76930888,
        31.7676533 , 31.7659978 , 31.76434244, 31.76268715, 31.7610319 ,
        31.75937669, 31.75772151, 31.7560663 , 31.75441105, 31.75275573,
        31.75110032, 31.74944484, 31.74778928, 31.74613352, 31.74447758,
        31.74282148, 31.74116523, 31.73950879, 31.73785216, 31.73619528,
        31.73453818, 31.73288084, 31.73122325, 31.72956537, 31.72790726,
        31.72624895, 31.72459047, 31.72293191, 31.7212733 , 31.71961465,
        31.71795604, 31.71629752, 31.71463912, 31.71298089, 31.71132293,
        31.7096652 , 31.70800783, 31.70635088, 31.70469453, 31.7030376 ,
        31.70138198, 31.69972724, 31.69807337, 31.6964205 , 31.69476879,
        31.69311848, 31.69146988, 31.68982325, 31.688179  , 31.68653763,
        31.68489968, 31.68326593, 31.68163739, 31.68001456, 31.6783985 ,
        31.67679088, 31.67519419, 31.67361215, 31.67205059, 31.67051969,
        31.6690399 , 31.66766294, 31.66661073]]), 'snr_nli': array([[45.21065878, 44.91775683, 44.77961832, 44.68644619, 44.61480105,
        44.55571408, 44.50484093, 44.45974083, 44.41883417, 44.38113414,
        44.34591992, 44.31265459, 44.28079273, 44.25013689, 44.22048618,
        44.19161744, 44.163393  , 44.13570823, 44.10841541, 44.08147372,
        44.05482934, 44.02841006, 44.00214863, 43.97603874, 43.94998324,
        43.92391286, 43.897801  , 43.87158049, 43.84512338, 43.81825537,
        43.78909767, 43.76174818, 43.7344132 , 43.70691355, 43.67917914,
        43.65127679, 43.62322395, 43.59504516, 43.5668166 , 43.53859506,
        43.51040724, 43.4823216 , 43.45429619, 43.42633726, 43.39844661,
        43.37062226, 43.34283914, 43.31507866, 43.28730186, 43.25946794,
        43.23147083, 43.20227357, 43.17424726, 43.14631794, 43.11837907,
        43.09036482, 43.06224829, 43.03404405, 43.00570051, 42.97723104,
        42.94861149, 42.91980298, 42.89079977, 42.86162901, 42.83227569,
        42.80277468, 42.77314473, 42.74341636, 42.71364094, 42.68399231,
        42.65443863, 42.62510962, 42.59611594, 42.56634941, 42.54043452,
        42.51835479, 42.50285697, 42.5000748 , 42.5266433 , 42.66103199,
        42.3633721 , 42.1344778 , 42.01466102, 41.92497524, 41.84866636,
        41.77955515, 41.71471684, 41.65268741, 41.59244622, 41.53340175,
        41.47514498, 41.4173647 , 41.35973306, 41.30220843, 41.24469607,
        41.18710753, 41.1294011 , 41.07156505, 41.01352344, 40.9552975 ,
        40.89686824, 40.83817213, 40.77922418, 40.7200551 , 40.66057814,
        40.60084561, 40.54085885, 40.48059694, 40.42008399, 40.35938082,
        40.2984167 , 40.23723311, 40.17583459, 40.11403841, 40.05066406,
        39.98868096, 39.92685635, 39.86502128, 39.80309265, 39.74109636,
        39.67898145, 39.6167912 , 39.5544873 , 39.49206708, 39.42948968,
        39.36677782, 39.30387361, 39.24082782, 39.17765179, 39.1143604 ,
        39.05096407, 38.98753906, 38.92399615, 38.8603539 , 38.79655207,
        38.73220971, 38.6683292 , 38.60460402, 38.54091928, 38.47728325,
        38.41373847, 38.35027518, 38.28693426, 38.22379112, 38.16085004,
        38.09809551, 38.03524603, 37.97345907, 37.91248489, 37.85257956,
        37.79374365, 37.73626693, 37.68063185, 37.62749434, 37.57856106,
        37.53628441, 37.50503699, 37.49410153, 37.5291622 , 37.73177097,
        37.2611055 , 36.91346764, 36.73435307, 36.60130619, 36.48884671,
        36.38773181, 36.2935623 , 36.20435794, 36.1185234 , 36.03520461,
        35.95367623, 35.87349236, 35.79411233, 35.71544843, 35.63733844,
        35.55969479, 35.48243193, 35.4055052 , 35.32881574, 35.25227711,
        35.17585487, 35.0994697 , 35.02308116, 34.94668506, 34.87026238,
        34.7939434 , 34.71779648, 34.6418338 , 34.56614558, 34.49083915,
        34.41588773, 34.34142232, 34.26749001, 34.19410872, 34.12133847,
        34.04920845, 33.97776317, 33.90749865, 33.83816313, 33.76845885,
        33.69818612, 33.62794358, 33.55780094, 33.48777234, 33.41781614,
        33.34791699, 33.2780036 , 33.20821137, 33.13843138, 33.06859678,
        32.99873269, 32.92886956, 32.85885956, 32.78875216, 32.71850343,
        32.64808586, 32.57756493, 32.50696885, 32.43609121, 32.36501475,
        32.29378477, 32.22244545, 32.15096261, 32.0793645 , 32.00758739,
        31.93568589, 31.863675  , 31.79155103, 31.7192987 , 31.64701053,
        31.57475268, 31.50260726, 31.43068496, 31.35906466, 31.28775056,
        31.21684362, 31.14643528, 31.07653118, 31.00720369, 30.93856447,
        30.87055296, 30.80329875, 30.73687913, 30.67146338, 30.60665917,
        30.54265815, 30.47991212, 30.41835891, 30.35811979, 30.29931129,
        30.24215406, 30.186913  , 30.13379726, 30.08314571, 30.03538897,
        29.99099252, 29.95061605, 29.91514449, 29.8849659 , 29.86097614,
        29.84470467, 29.8384688 , 29.84580949, 29.87246229, 29.92879905,
        30.03658163, 30.25428771, 30.86217101]]), 'max_oct': np.float64(416.6129769102748)}"
35,11,35,11,106.5,2,2,53.25,"{'P_opt': np.float64(-11.250000000000002), 'gsnr': array([[34.53675734, 34.51260878, 34.49977768, 34.49040498, 34.48272409,
        34.47604275, 34.4700208 , 34.4644654 , 34.45925066, 34.45429734,
        34.44954724, 34.44495663, 34.44047997, 34.43610143, 34.43180414,
        34.42756951, 34.42338582, 34.41924419, 34.41513175, 34.41104497,
        34.40697912, 34.40292771, 34.39888459, 34.39484913, 34.39081186,
        34.38676539, 34.38270382, 34.37860339, 34.37422162, 34.37008108,
        34.36594131, 34.36177958, 34.35759186, 34.35337668, 34.34912972,
        34.34485792, 34.34056247, 34.3362453 , 34.33191291, 34.32757044,
        34.32321993, 34.31886806, 34.31451045, 34.3101477 , 34.30577988,
        34.30140668, 34.29702461, 34.29262976, 34.28820637, 34.28359927,
        34.27915295, 34.27471802, 34.27027243, 34.26581278, 34.26133899,
        34.25684635, 34.25233284, 34.24780075, 34.24324471, 34.23866648,
        34.23406376, 34.22943246, 34.22477211, 34.22008619, 34.21537334,
        34.21063794, 34.20588251, 34.20111051, 34.1963251 , 34.19152808,
        34.18645723, 34.18172859, 34.17712234, 34.17268943, 34.16853914,
        34.16489372, 34.1621549 , 34.16116602, 34.16417282, 34.1814695 ,
        34.57495164, 34.53896224, 34.51942005, 34.50449216, 34.49160729,
        34.47980522, 34.46862761, 34.45784399, 34.44729133, 34.43687441,
        34.42652636, 34.41619544, 34.40582548, 34.39540847, 34.38492654,
        34.37436309, 34.36370903, 34.3529602 , 34.34210158, 34.3311347 ,
        34.32005404, 34.3088465 , 34.29751212, 34.28605425, 34.27445495,
        34.26272134, 34.25085114, 34.23883724, 34.22667916, 34.21437956,
        34.20188853, 34.18889441, 34.1761502 , 34.16332912, 34.15038894,
        34.13733774, 34.12416449, 34.11086987, 34.0974429 , 34.08389047,
        34.07020137, 34.05638448, 34.04243042, 34.02833809, 34.01409719,
        33.9997115 , 33.9851661 , 33.97047069, 33.95562401, 33.94062446,
        33.92545657, 33.91000729, 33.89456721, 33.87901153, 33.86332565,
        33.84750289, 33.83154503, 33.81547147, 33.79927151, 33.78295084,
        33.76651715, 33.74994676, 33.73310322, 33.71637824, 33.6996272 ,
        33.68285086, 33.66607417, 33.64932392, 33.63263571, 33.61604821,
        33.59975564, 33.58378384, 33.56825772, 33.5535355 , 33.53996909,
        33.52833435, 33.52017641, 33.51840091, 33.53088783, 33.5940358 ,
        32.36881044, 32.28098962, 32.23434972, 32.19919487, 32.16914801,
        32.1418689 , 32.11621634, 32.09166325, 32.06781253, 32.04444331,
        32.02137757, 31.99847801, 31.97559376, 31.95272133, 31.92980942,
        31.90682946, 31.88376213, 31.86059353, 31.83729817, 31.81385239,
        31.79023614, 31.76642219, 31.74239911, 31.71816378, 31.69370303,
        31.66905672, 31.64425153, 31.61930898, 31.59428736, 31.56934854,
        31.54437442, 31.51921863, 31.49383846, 31.46837361, 31.44287152,
        31.41734415, 31.39177779, 31.36616626, 31.34050441, 31.31478288,
        31.28896396, 31.26306164, 31.23705754, 31.21094219, 31.18469296,
        31.15830159, 31.13173828, 31.10505399, 31.07820627, 31.05117114,
        31.02395769, 30.99657698, 30.96896983, 30.94115782, 30.91312089,
        30.8848467 , 30.8563593 , 30.82766966, 30.79869312, 30.76946602,
        30.74000211, 30.71031762, 30.68039837, 30.65025756, 30.61986676,
        30.58924888, 30.55840826, 30.52734349, 30.49604795, 30.46456308,
        30.43291787, 30.40115004, 30.369313  , 30.33744703, 30.30555851,
        30.27369887, 30.24191389, 30.21021115, 30.17862929, 30.14722875,
        30.11598712, 30.08497721, 30.05424406, 30.02388443, 29.99369587,
        29.96377508, 29.93437352, 29.90546642, 29.87712468, 29.84941704,
        29.82246749, 29.79642519, 29.7714127 , 29.74762414, 29.72530164,
        29.70470894, 29.68620798, 29.67030257, 29.65726166, 29.64763943,
        29.64231333, 29.64258838, 29.65043575, 29.66902316, 29.70412566,
        29.76802046, 29.88857027, 30.20285133]]), 'osnr': array([[34.84733501, 34.84556238, 34.84379444, 34.84202843, 34.84026373,
        34.83850011, 34.83673742, 34.83497562, 34.83321464, 34.83145448,
        34.82969509, 34.82793647, 34.8261786 , 34.82442148, 34.82266509,
        34.82090944, 34.81915451, 34.8174003 , 34.81564681, 34.81389403,
        34.81214196, 34.81039061, 34.80863996, 34.80689002, 34.80514078,
        34.80339224, 34.80164439, 34.79989723, 34.79815067, 34.7964049 ,
        34.79465983, 34.79291544, 34.79117175, 34.78942875, 34.78768642,
        34.78594479, 34.78420384, 34.78246358, 34.78072401, 34.77898513,
        34.77724695, 34.77550945, 34.77377264, 34.77203653, 34.7703011 ,
        34.76856636, 34.76683231, 34.76509894, 34.76336625, 34.76163419,
        34.75990286, 34.75817224, 34.75644229, 34.75471302, 34.75298444,
        34.75125653, 34.7495293 , 34.74780275, 34.74607687, 34.74435167,
        34.74262714, 34.74090328, 34.73918009, 34.73745757, 34.73573572,
        34.73401454, 34.73229404, 34.7305742 , 34.72885504, 34.72713655,
        34.72541864, 34.72370153, 34.72198514, 34.72026949, 34.71855463,
        34.71684064, 34.71512766, 34.71341604, 34.71170661, 34.71000333,
        35.19974165, 35.19802379, 35.19631232, 35.19460312, 35.19289529,
        35.19118851, 35.1894826 , 35.1877775 , 35.18607313, 35.18436947,
        35.18266649, 35.18096417, 35.17926249, 35.17756146, 35.17586105,
        35.17416127, 35.1724621 , 35.17076356, 35.16906562, 35.1673683 ,
        35.16567158, 35.16397547, 35.16227996, 35.16058505, 35.15889073,
        35.15719701, 35.15550389, 35.15381135, 35.1521194 , 35.15042805,
        35.14873726, 35.14704692, 35.14535732, 35.14366832, 35.14197992,
        35.14029212, 35.1386049 , 35.13691828, 35.13523223, 35.13354678,
        35.1318619 , 35.13017761, 35.12849389, 35.12681075, 35.12512818,
        35.12344618, 35.12176475, 35.12008389, 35.11840358, 35.11672385,
        35.11504467, 35.113366  , 35.11168795, 35.11001048, 35.10833357,
        35.10665723, 35.10498145, 35.10330624, 35.10163159, 35.09995751,
        35.098284  , 35.09661104, 35.09493858, 35.09326678, 35.09159558,
        35.08992498, 35.08825499, 35.08658562, 35.08491688, 35.0832488 ,
        35.08158145, 35.07991485, 35.07824906, 35.07658423, 35.07492052,
        35.07325828, 35.07159821, 35.06994161, 35.06829196, 35.0666652 ,
        33.55669159, 33.55499026, 33.55331323, 33.55164346, 33.54997724,
        33.54831321, 33.5466507 , 33.5449894 , 33.54332907, 33.54166959,
        33.54001084, 33.53835275, 33.53669521, 33.53503822, 33.53338176,
        33.53172579, 33.53007031, 33.5284153 , 33.52676075, 33.52510664,
        33.52345295, 33.52179966, 33.52014676, 33.51849425, 33.51684211,
        33.51519037, 33.51353904, 33.51188813, 33.51023769, 33.50858782,
        33.50693844, 33.50528944, 33.5036408 , 33.5019926 , 33.50034488,
        33.49869765, 33.49705089, 33.4954046 , 33.49375878, 33.49211341,
        33.49046846, 33.48882395, 33.48717985, 33.48553616, 33.48389286,
        33.48224993, 33.48060736, 33.47896517, 33.47732334, 33.47568183,
        33.47404066, 33.47239983, 33.47075928, 33.46911902, 33.46747905,
        33.46583934, 33.46419991, 33.46256076, 33.46092181, 33.4592831 ,
        33.45764462, 33.45600638, 33.45436838, 33.4527306 , 33.45109303,
        33.44945567, 33.44781853, 33.4461816 , 33.44454485, 33.44290834,
        33.44127207, 33.43963608, 33.4380004 , 33.43636508, 33.43473012,
        33.43309556, 33.43146145, 33.42982779, 33.42819461, 33.42656198,
        33.42492988, 33.42329838, 33.42166753, 33.42003742, 33.41840701,
        33.41677811, 33.41515011, 33.413523  , 33.41189687, 33.41027179,
        33.4086479 , 33.40702538, 33.40540436, 33.40378507, 33.4021678 ,
        33.40055283, 33.39894059, 33.39733165, 33.39572633, 33.39412525,
        33.3925294 , 33.3909402 , 33.38935979, 33.38779154, 33.38624147,
        33.38472213, 33.38326082, 33.38198556]]), 'snr_nli': array([[46.14726166, 45.83202805, 45.68269784, 45.58209537, 45.50486862,
        45.44128495, 45.38662615, 45.33824481, 45.29443636, 45.25413103,
        45.21655248, 45.18112338, 45.14726421, 45.11475978, 45.0833893 ,
        45.05291805, 45.02319632, 44.99411076, 44.96550498, 44.93733221,
        44.90953277, 44.88202885, 44.85474808, 44.82768076, 44.80072012,
        44.77378424, 44.74680922, 44.71953957, 44.68937335, 44.66194647,
        44.63465798, 44.60726589, 44.5797301 , 44.55203826, 44.52414854,
        44.49613667, 44.46801773, 44.4398138 , 44.41159326, 44.38340914,
        44.35528201, 44.32727875, 44.29935428, 44.27151402, 44.24375803,
        44.21608252, 44.18845284, 44.16083112, 44.13306582, 44.10367143,
        44.07596168, 44.04849254, 44.02105275, 43.99361048, 43.96616579,
        43.93867553, 43.91112242, 43.88352913, 43.85584787, 43.82809677,
        43.80025662, 43.7722928 , 43.74420376, 43.71602323, 43.6877412 ,
        43.65939857, 43.63101923, 43.60263439, 43.57427243, 43.54594904,
        43.51541787, 43.48796439, 43.46167737, 43.43696993, 43.41473877,
        43.39681477, 43.38651373, 43.39085112, 43.42879764, 43.59017186,
        43.30410446, 43.05290985, 42.92611879, 42.83363327, 42.75641291,
        42.68744923, 42.62343486, 42.56271033, 42.50412825, 42.44702245,
        42.39093266, 42.3355118 , 42.28039983, 42.22554324, 42.17083147,
        42.11616579, 42.06149575, 42.00680146, 41.95200134, 41.89711154,
        41.84210782, 41.78692453, 41.73157153, 41.67607654, 41.62035071,
        41.56444358, 41.5083526 , 41.45205038, 41.39554492, 41.33886047,
        41.28175206, 41.22266299, 41.1654223 , 41.10836147, 41.05127251,
        40.99419967, 40.93709369, 40.87996292, 40.82276066, 40.7655251 ,
        40.70820967, 40.65086129, 40.59344252, 40.53595453, 40.47835766,
        40.42067563, 40.36285005, 40.30493074, 40.24691892, 40.18881447,
        40.1305593 , 40.07169466, 40.01343082, 39.95524853, 39.89709045,
        39.83893298, 39.78078665, 39.72273014, 39.66472312, 39.60678922,
        39.54895886, 39.49114357, 39.43283932, 39.37550425, 39.31858738,
        39.2620829 , 39.20607181, 39.15063869, 39.09589604, 39.0419633 ,
        38.98949371, 38.9385419 , 38.88949868, 38.84353254, 38.8017606 ,
        38.7666934 , 38.74336388, 38.74131151, 38.78689947, 39.00647272,
        38.5793348 , 38.22857578, 38.05266908, 37.92452003, 37.81772844,
        37.72274737, 37.6349841 , 37.55229317, 37.47310536, 37.39653942,
        37.32190432, 37.24867867, 37.17632027, 37.10479375, 37.03391041,
        36.96356245, 36.89367586, 36.82419663, 36.75503695, 36.68611823,
        36.61737583, 36.54872618, 36.48013607, 36.41159791, 36.34307514,
        36.27468565, 36.2065049 , 36.13859067, 36.07110146, 36.00447699,
        35.9383707 , 35.87237188, 35.80636469, 35.74072515, 35.67557106,
        35.61092283, 35.54673326, 35.48297618, 35.419629  , 35.35665911,
        35.29396372, 35.23157231, 35.16943331, 35.10751865, 35.04576912,
        34.98416203, 34.92262379, 34.86127489, 34.80001187, 34.73877774,
        34.67759384, 34.61648534, 34.55531627, 34.49413772, 34.43290554,
        34.37159419, 34.31025933, 34.24892624, 34.1874108 , 34.12579631,
        34.06411496, 34.00240336, 33.94063249, 33.87883181, 33.81694293,
        33.75501552, 33.69305956, 33.63107299, 33.56904317, 33.5070546 ,
        33.44516445, 33.38344568, 33.32200008, 33.26090104, 33.20015398,
        33.13985126, 33.08007207, 33.02082067, 32.96216023, 32.90419356,
        32.84686578, 32.79030089, 32.73456875, 32.67983306, 32.62570666,
        32.57235404, 32.5202191 , 32.46923787, 32.41951985, 32.37116904,
        32.32438628, 32.27941408, 32.23644478, 32.19579441, 32.15785967,
        32.12307133, 32.09202808, 32.06557162, 32.04413435, 32.02864557,
        32.0205976 , 32.02223245, 32.03697196, 32.07038139, 32.132746  ,
        32.24630895, 32.46312575, 33.05063567]]), 'max_oct': np.float64(438.8605523646765)}"
35,15,35,15,96.4,2,2,48.2,"{'P_opt': np.float64(-10.440000000000001), 'gsnr': array([[35.31743118, 35.29003266, 35.27559341, 35.26511135, 35.25656432,
        35.24916049, 35.2425108 , 35.23639481, 35.23066898, 35.22524277,
        35.22004989, 35.21504061, 35.21016348, 35.20540031, 35.20073172,
        35.19613674, 35.19160199, 35.18711733, 35.18266821, 35.17825049,
        35.17385864, 35.16948521, 35.16512306, 35.160771  , 35.1564174 ,
        35.15205084, 35.14764658, 35.14288607, 35.13845037, 35.13403032,
        35.12959417, 35.12513264, 35.12064395, 35.11612722, 35.11157787,
        35.10700358, 35.10240546, 35.09778545, 35.09315032, 35.08850549,
        35.08385284, 35.07919953, 35.0745404 , 35.0698757 , 35.06520451,
        35.06052376, 35.05581543, 35.05087506, 35.04614914, 35.04143425,
        35.03671661, 35.03199657, 35.02726263, 35.02251373, 35.01775085,
        35.01296934, 35.00816738, 35.00334787, 34.99850515, 34.99364144,
        34.98875449, 34.98384007, 34.97889782, 34.97393172, 34.96894001,
        34.96392646, 34.95888972, 34.95380973, 34.94835023, 34.94330924,
        34.93834499, 34.93346087, 34.92870095, 34.92414924, 34.91993795,
        34.91632627, 34.91378014, 34.91327676, 34.91741813, 34.93813884,
        35.32262205, 35.28189474, 35.26017392, 35.24379369, 35.22978653,
        35.21704471, 35.20504013, 35.19350668, 35.18225739, 35.17118302,
        35.16020698, 35.14927049, 35.13831048, 35.1273173 , 35.11627055,
        35.1051516 , 35.09395014, 35.08266118, 35.07126829, 35.05977283,
        35.04816858, 35.03644135, 35.02459071, 35.01261968, 35.00050796,
        34.98826066, 34.97586786, 34.96328457, 34.95009016, 34.93726176,
        34.9243536 , 34.9113354 , 34.89820537, 34.88495883, 34.87158693,
        34.85810562, 34.84450576, 34.83078947, 34.81694602, 34.80298328,
        34.78888971, 34.77467519, 34.76033   , 34.74585351, 34.731235  ,
        34.71647849, 34.70156752, 34.68650966, 34.67128667, 34.6557338 ,
        34.64024397, 34.62466352, 34.60895205, 34.59311418, 34.57715144,
        34.56106013, 34.54484305, 34.52851979, 34.51207563, 34.49549576,
        34.47860207, 34.46185123, 34.44506001, 34.42822896, 34.41136185,
        34.39448061, 34.37760497, 34.36067957, 34.34397077, 34.32749994,
        34.31127311, 34.29535276, 34.28002689, 34.26547075, 34.25226592,
        34.24122391, 34.23382482, 34.23313339, 34.24776953, 34.31649722,
        33.11221379, 33.01985084, 32.97140551, 32.93528679, 32.90462957,
        32.87693548, 32.8510193 , 32.82630104, 32.8023494 , 32.77894299,
        32.75589576, 32.73305628, 32.71027659, 32.68754293, 32.66480704,
        32.64204175, 32.61922689, 32.59633881, 32.57334547, 32.55022245,
        32.52695363, 32.5035148 , 32.47989632, 32.45609783, 32.43211296,
        32.40799829, 32.38387096, 32.35959015, 32.33514151, 32.3104765 ,
        32.28569419, 32.26086434, 32.23601431, 32.21115476, 32.18630621,
        32.16147104, 32.13663154, 32.1117793 , 32.08690758, 32.06200645,
        32.03703831, 32.01201653, 31.98692261, 31.96174757, 31.93646947,
        31.91108081, 31.88555274, 31.85993496, 31.83418643, 31.80828518,
        31.78224029, 31.75606242, 31.7296948 , 31.70315961, 31.67643729,
        31.64951637, 31.62241979, 31.59515828, 31.56765169, 31.53993666,
        31.51202537, 31.4839332 , 31.45564738, 31.42718153, 31.39850888,
        31.36965175, 31.3406141 , 31.31139524, 31.28198955, 31.25243707,
        31.22276539, 31.19301056, 31.16322406, 31.13344477, 31.10367941,
        31.07397725, 31.04438123, 31.01489866, 30.98556596, 30.95644075,
        30.92750224, 30.8988207 , 30.87043918, 30.84245313, 30.81466077,
        30.7871523 , 30.76017687, 30.73370842, 30.70781408, 30.68255917,
        30.65806167, 30.63446367, 30.61188266, 30.59050493, 30.57056184,
        30.55230614, 30.53608256, 30.52237627, 30.51146373, 30.50389815,
        30.50053935, 30.50266473, 30.51221392, 30.53241221, 30.56971996,
        30.63275598, 30.75162583, 31.05880256]]), 'osnr': array([[35.6640757 , 35.66230341, 35.66053564, 35.65876975, 35.65700514,
        35.65524159, 35.65347897, 35.65171722, 35.6499563 , 35.64819618,
        35.64643684, 35.64467826, 35.64292044, 35.64116335, 35.63940701,
        35.63765139, 35.6358965 , 35.63414233, 35.63238888, 35.63063614,
        35.62888412, 35.6271328 , 35.62538219, 35.62363229, 35.6218831 ,
        35.6201346 , 35.61838679, 35.61663957, 35.61489315, 35.61314744,
        35.61140242, 35.60965809, 35.60791445, 35.6061715 , 35.60442924,
        35.60268767, 35.60094678, 35.59920659, 35.59746708, 35.59572826,
        35.59399014, 35.59225271, 35.59051597, 35.58877992, 35.58704456,
        35.58530989, 35.58357589, 35.58184252, 35.5801099 , 35.57837797,
        35.57664674, 35.57491618, 35.57318631, 35.57145713, 35.56972862,
        35.56800079, 35.56627364, 35.56454717, 35.56282138, 35.56109626,
        35.55937182, 35.55764805, 35.55592495, 35.55420252, 35.55248077,
        35.55075969, 35.54903928, 35.54731954, 35.54560035, 35.54388198,
        35.5421643 , 35.54044733, 35.53873107, 35.53701556, 35.53530083,
        35.53358697, 35.53187413, 35.53016262, 35.52845328, 35.52674994,
        36.0164895 , 36.01477214, 36.01306101, 36.01135211, 36.00964458,
        36.00793808, 36.00623246, 36.00452764, 36.00282357, 36.0011202 ,
        35.99941752, 35.99771551, 35.99601415, 35.99431343, 35.99261335,
        35.99091391, 35.98921509, 35.98751689, 35.98581932, 35.98412237,
        35.98242603, 35.98073031, 35.9790352 , 35.97734069, 35.97564679,
        35.9739535 , 35.9722608 , 35.97056869, 35.96887703, 35.96718613,
        35.96549584, 35.96380617, 35.9621171 , 35.96042863, 35.95874076,
        35.95705349, 35.95536683, 35.95368076, 35.95199529, 35.95031041,
        35.94862613, 35.94694244, 35.94525934, 35.94357683, 35.94189491,
        35.94021357, 35.9385328 , 35.93685262, 35.93517301, 35.93349391,
        35.93181546, 35.93013761, 35.92846033, 35.92678364, 35.92510752,
        35.92343199, 35.92175702, 35.92008265, 35.91840885, 35.91673561,
        35.91506289, 35.91339083, 35.91171938, 35.91004852, 35.90837827,
        35.90670863, 35.9050396 , 35.90337116, 35.90170342, 35.90003638,
        35.89837004, 35.89670443, 35.89503965, 35.89337577, 35.89171302,
        35.8900517 , 35.88839237, 35.8867362 , 35.88508644, 35.88345743,
        34.37349248, 34.37179685, 34.37012312, 34.36845602, 34.36679219,
        34.36513041, 34.36347008, 34.36181092, 34.36015271, 34.35849535,
        34.35683873, 34.35518278, 34.35352743, 34.35187265, 34.35021843,
        34.34856476, 34.34691161, 34.34525897, 34.34360683, 34.34195517,
        34.34030398, 34.33865324, 34.33700295, 34.3353531 , 34.33370369,
        34.33205474, 34.33040632, 34.32875836, 34.32711083, 34.32546371,
        34.32381705, 34.32217089, 34.32052525, 34.31888013, 34.31723555,
        34.3155915 , 34.31394797, 34.31230496, 34.31066245, 34.30902046,
        34.30737894, 34.3057379 , 34.30409734, 34.30245725, 34.3008176 ,
        34.29917839, 34.29753961, 34.29590128, 34.29426336, 34.29262586,
        34.29098876, 34.28935207, 34.28771576, 34.28607982, 34.28444426,
        34.28280905, 34.2811742 , 34.27953973, 34.27790557, 34.27627175,
        34.27463826, 34.27300511, 34.2713723 , 34.26973983, 34.26810767,
        34.26647584, 34.26484434, 34.26321315, 34.26158228, 34.25995174,
        34.25832157, 34.25669177, 34.25506239, 34.25343345, 34.25180496,
        34.25017695, 34.24854947, 34.2469225 , 34.24529609, 34.24367029,
        34.24204506, 34.24042048, 34.23879659, 34.23717346, 34.23555007,
        34.23392822, 34.23230726, 34.23068718, 34.22906804, 34.22744989,
        34.22583287, 34.22421708, 34.22260266, 34.22098976, 34.21937862,
        34.21776947, 34.21616263, 34.21455855, 34.2129575 , 34.21135999,
        34.2097668 , 34.20817907, 34.20659851, 34.20502795, 34.2034729 ,
        34.20194045, 34.200455  , 34.1991181 ]]), 'snr_nli': array([[46.4686004 , 46.14409238, 45.99053041, 45.88710171, 45.80770604,
        45.74233437, 45.68613585, 45.63639067, 45.5913519 , 45.54992111,
        45.51130334, 45.47490838, 45.44014787, 45.40679931, 45.37463468,
        45.34341595, 45.31298919, 45.28323778, 45.25400295, 45.22523491,
        45.1968711 , 45.16883109, 45.14103932, 45.11348085, 45.08603811,
        45.05859825, 45.03092111, 44.9999285 , 44.97222974, 44.94481302,
        44.9173722 , 44.88982046, 44.8621434 , 44.83433549, 44.80635676,
        44.77828189, 44.75012334, 44.72190086, 44.69367797, 44.66550447,
        44.63739729, 44.60942028, 44.581526  , 44.5537159 , 44.52598129,
        44.49829457, 44.4704983 , 44.44081837, 44.41314413, 44.38569584,
        44.35835261, 44.33111658, 44.30388924, 44.27666223, 44.24944421,
        44.22219711, 44.19490671, 44.16759821, 44.14022615, 44.11281018,
        44.08533332, 44.0577629 , 44.03009822, 44.00237304, 43.97457506,
        43.94673573, 43.91884587, 43.89074971, 43.85983419, 43.83232268,
        43.80553032, 43.77947295, 43.7544766 , 43.73116494, 43.71051713,
        43.69445859, 43.68646032, 43.69386425, 43.73653538, 43.90867952,
        43.63001566, 43.37071137, 43.24172513, 43.14865072, 43.07156972,
        43.0031556 , 42.93995477, 42.88023072, 42.82278942, 42.76693615,
        42.71219131, 42.65819489, 42.6045771 , 42.55127759, 42.49817925,
        42.44517922, 42.39222296, 42.33928636, 42.28628588, 42.2332341 ,
        42.18010385, 42.12682831, 42.07341298, 42.01988047, 41.96613681,
        41.91221666, 41.85808016, 41.80351985, 41.74653992, 41.69184159,
        41.63727232, 41.58269135, 41.52809418, 41.47346343, 41.41876357,
        41.36407126, 41.30934916, 41.25461076, 41.19981321, 41.14499534,
        41.09011178, 41.03520929, 40.98025093, 40.92523878, 40.8701335 ,
        40.81495712, 40.75964831, 40.70424404, 40.64867786, 40.59231096,
        40.53669564, 40.48122253, 40.42573661, 40.37025859, 40.3147968 ,
        40.25933992, 40.20390091, 40.14855343, 40.09324461, 40.03792292,
        39.9819591 , 39.92697957, 39.87232199, 39.81798237, 39.76396783,
        39.71034692, 39.65717852, 39.60426832, 39.5524955 , 39.50190498,
        39.45249063, 39.40442993, 39.3586216 , 39.31558034, 39.27710215,
        39.24567635, 39.22587362, 39.22726338, 39.27725408, 39.50370923,
        39.09733386, 38.74655191, 38.57255319, 38.44705157, 38.34310515,
        38.25105032, 38.16635085, 38.08677558, 38.01071036, 37.9373112 ,
        37.86588965, 37.79589981, 37.72683063, 37.65861404, 37.59107759,
        37.52412061, 37.45766774, 37.39163601, 37.32592062, 37.26044324,
        37.19515271, 37.12997636, 37.06488604, 36.99988098, 36.93494344,
        36.87023213, 36.80606739, 36.74205042, 36.6781405 , 36.61420619,
        36.55051465, 36.48724595, 36.42446269, 36.36218182, 36.30044509,
        36.23924656, 36.17852942, 36.11826222, 36.05841856, 35.99896506,
        35.93980135, 35.88095442, 35.82237329, 35.76403133, 35.70587185,
        35.64787396, 35.58996723, 35.53226619, 35.47467227, 35.41713345,
        35.3596699 , 35.30230479, 35.24490918, 35.18753369, 35.13013518,
        35.07268942, 35.01524795, 34.95783442, 34.90027603, 34.84265453,
        34.78499744, 34.72733819, 34.66965039, 34.61196318, 34.55422145,
        34.49647229, 34.43872409, 34.38097552, 34.32321541, 34.26552409,
        34.20795515, 34.15057745, 34.09348835, 34.03675827, 33.98039354,
        33.92448231, 33.8690986 , 33.81424684, 33.75998662, 33.70641612,
        33.65348467, 33.60131243, 33.54996675, 33.49961028, 33.44985833,
        33.40086474, 33.35307128, 33.30641346, 33.26099616, 33.21691958,
        33.17437671, 33.13360089, 33.09477915, 33.0582182 , 33.02430126,
        32.99344602, 32.96622889, 32.94346917, 32.9256208 , 32.91362342,
        32.90895555, 32.91383502, 32.93166404, 32.96816452, 33.03493443,
        33.14796197, 33.36364413, 33.94286637]]), 'max_oct': np.float64(448.9568020102493)}"
35,36,35,36,74.7,1,1,74.7,"{'P_opt': np.float64(-14.440000000000003), 'gsnr': array([[31.39696953, 31.3810588 , 31.37223369, 31.365554  , 31.35976089,
        31.35477057, 31.35022079, 31.34597109, 31.3419368 , 31.3380663 ,
        31.33432144, 31.33067372, 31.32709267, 31.3235683 , 31.32009017,
        31.3166455 , 31.31322687, 31.30982859, 31.30644196, 31.30306498,
        31.2996947 , 31.29632684, 31.29295729, 31.28958582, 31.28620632,
        31.28281422, 31.27940806, 31.27598403, 31.27253574, 31.26906318,
        31.26555961, 31.26201894, 31.25842778, 31.25468002, 31.25102365,
        31.2473589 , 31.24367454, 31.23996972, 31.23624947, 31.23251762,
        31.22877624, 31.22503035, 31.22127692, 31.21751639, 31.21374885,
        31.20997402, 31.20619021, 31.20239585, 31.19858817, 31.1947649 ,
        31.19092431, 31.18705917, 31.18309185, 31.17918796, 31.1752775 ,
        31.17134792, 31.16739542, 31.16342013, 31.15941724, 31.15538716,
        31.1513272 , 31.14723343, 31.14310459, 31.13894189, 31.13474309,
        31.13050993, 31.12624262, 31.12194214, 31.11761113, 31.1132618 ,
        31.10888954, 31.1045023 , 31.1001049 , 31.09561218, 31.09138389,
        31.08742403, 31.08394839, 31.08143982, 31.08119212, 31.08913081,
        31.50061536, 31.47716359, 31.46325863, 31.45200337, 31.44189552,
        31.43237305, 31.42316561, 31.41413784, 31.4051916 , 31.39626946,
        31.38733053, 31.37834226, 31.36926778, 31.36010238, 31.3508347 ,
        31.34145301, 31.33195104, 31.32232628, 31.31256702, 31.3026744 ,
        31.29264411, 31.28246492, 31.27213683, 31.26166184, 31.25102467,
        31.24023013, 31.22927559, 31.21815508, 31.20686996, 31.19542748,
        31.1838154 , 31.17203955, 31.1601038 , 31.14800411, 31.13573154,
        31.12329087, 31.11064055, 31.09761073, 31.08463286, 31.07153982,
        31.05828727, 31.04487368, 31.03128748, 31.01752396, 31.00357204,
        30.98943259, 30.97509134, 30.96055455, 30.94582257, 30.93089578,
        30.91577333, 30.90046985, 30.88496576, 30.86926491, 30.85336818,
        30.8372704 , 30.82097078, 30.80448193, 30.78777382, 30.77077793,
        30.75370441, 30.73647808, 30.7190877 , 30.70154723, 30.68385947,
        30.66604227, 30.6481186 , 30.63010901, 30.6120467 , 30.59399413,
        30.57587473, 30.55801895, 30.54048357, 30.52345505, 30.50725353,
        30.49258334, 30.48062899, 30.47384916, 30.47880453, 30.52597174,
        29.25860602, 29.1798053 , 29.13542056, 29.10051353, 29.06981276,
        29.04130123, 29.0140307 , 28.98753216, 28.96150876, 28.935771  ,
        28.91014758, 28.88453375, 28.85875954, 28.83280401, 28.80666425,
        28.78029796, 28.75368549, 28.72679891, 28.69962755, 28.67215418,
        28.6443578 , 28.61620533, 28.58767512, 28.55876556, 28.5294612 ,
        28.49980726, 28.46982931, 28.43953475, 28.40895431, 28.37813662,
        28.34706805, 28.31580284, 28.2843596 , 28.25275605, 28.22101436,
        28.18913226, 28.1570788 , 28.1248402 , 28.09240927, 28.0597726 ,
        28.02688594, 27.99376639, 27.96039659, 27.92676804, 27.8928635 ,
        27.85869401, 27.82428973, 27.79003423, 27.75573732, 27.72065081,
        27.68468414, 27.64818909, 27.61116106, 27.57364578, 27.53563277,
        27.49711145, 27.45811905, 27.41867124, 27.37865279, 27.33809934,
        27.29703749, 27.25549136, 27.21343742, 27.17088606, 27.127798  ,
        27.08420119, 27.04010387, 26.99550033, 26.95037735, 26.90478647,
        26.85876749, 26.8123703 , 26.76566185, 26.71869153, 26.67146371,
        26.62404506, 26.57650183, 26.52884515, 26.4811307 , 26.43343842,
        26.38573785, 26.3381184 , 26.29064235, 26.24342666, 26.1962478 ,
        26.14925279, 26.10273331, 26.05667051, 26.01116483, 25.96631618,
        25.92229687, 25.87931202, 25.8375302 , 25.79720918, 25.75867821,
        25.72229355, 25.68856394, 25.65812785, 25.63123122, 25.60845331,
        25.59084774, 25.58001432, 25.57838438, 25.58985933, 25.62141454,
        25.68747769, 25.82602501, 26.21167436]]), 'osnr': array([[31.64023063, 31.6384556 , 31.63668641, 31.63491949, 31.63315393,
        31.63138967, 31.62962643, 31.62786413, 31.6261027 , 31.62434209,
        31.62258229, 31.62082327, 31.61906501, 31.61730749, 31.61555072,
        31.61379468, 31.61203937, 31.61028478, 31.6085309 , 31.60677773,
        31.60502528, 31.60327352, 31.60152248, 31.59977213, 31.59802248,
        31.59627352, 31.59452525, 31.59277767, 31.59103077, 31.58928455,
        31.587539  , 31.58579413, 31.58404992, 31.58230628, 31.58056342,
        31.57882124, 31.57707974, 31.57533892, 31.57359878, 31.57185932,
        31.57012056, 31.56838248, 31.56664508, 31.56490838, 31.56317235,
        31.56143702, 31.55970236, 31.55796839, 31.55623509, 31.55450247,
        31.55277052, 31.55103924, 31.54930857, 31.54757863, 31.54584938,
        31.54412079, 31.54239287, 31.54066561, 31.53893901, 31.53721308,
        31.5354878 , 31.53376318, 31.53203922, 31.5303159 , 31.52859324,
        31.52687123, 31.52514987, 31.52342916, 31.5217091 , 31.51998971,
        31.51827097, 31.5165529 , 31.51483549, 31.51311869, 31.51140276,
        31.50968771, 31.50797372, 31.50626115, 31.50455101, 31.50284792,
        31.99257704, 31.99085571, 31.98914177, 31.98743038, 31.98572045,
        31.98401159, 31.98230361, 31.98059642, 31.97888994, 31.97718412,
        31.97547895, 31.9737744 , 31.97207043, 31.97036704, 31.96866423,
        31.96696199, 31.9652603 , 31.96355917, 31.96185859, 31.96015855,
        31.95845906, 31.95676009, 31.95506166, 31.95336375, 31.95166637,
        31.9499695 , 31.94827316, 31.94657732, 31.94488199, 31.94318718,
        31.94149287, 31.93979906, 31.93810577, 31.93641298, 31.93472068,
        31.93302887, 31.93133753, 31.92964652, 31.92795617, 31.92626635,
        31.92457703, 31.92288819, 31.92119984, 31.91951196, 31.91782455,
        31.9161376 , 31.9144511 , 31.91276505, 31.91107945, 31.9093943 ,
        31.9077096 , 31.90602535, 31.90434153, 31.90265816, 31.90097522,
        31.89929271, 31.89761063, 31.89592898, 31.89424773, 31.89256684,
        31.89088646, 31.88920654, 31.88752706, 31.88584803, 31.88416945,
        31.88249134, 31.88081372, 31.87913659, 31.87745999, 31.87578396,
        31.87410845, 31.87243374, 31.87075988, 31.86908705, 31.86741552,
        31.86574594, 31.86407937, 31.86241805, 31.86076786, 31.85915585,
        30.34911183, 30.34736848, 30.34566614, 30.34397553, 30.34229042,
        30.34060838, 30.3389283 , 30.3372496 , 30.33557192, 30.33389503,
        30.33221872, 30.33054285, 30.3288672 , 30.32719174, 30.32551645,
        30.32384128, 30.32216619, 30.32049113, 30.31881609, 30.31714103,
        30.31546591, 30.31379068, 30.3121153 , 30.31043974, 30.30876399,
        30.30708807, 30.30541203, 30.30373586, 30.30205959, 30.30038328,
        30.2987069 , 30.29703052, 30.29535416, 30.29367783, 30.29200157,
        30.29032536, 30.28864914, 30.28697289, 30.28529658, 30.28362019,
        30.28194363, 30.28026692, 30.27859002, 30.27691291, 30.27523553,
        30.2735579 , 30.27188005, 30.27020261, 30.26852525, 30.26684672,
        30.26516681, 30.2634861 , 30.26180454, 30.2601222 , 30.25843901,
        30.25675494, 30.25507002, 30.25338425, 30.2516974 , 30.25000949,
        30.24832053, 30.24663055, 30.24493946, 30.24324725, 30.2415538 ,
        30.23985913, 30.23816321, 30.236466  , 30.23476744, 30.23306757,
        30.23136645, 30.22966413, 30.22796073, 30.22625631, 30.22455086,
        30.22284449, 30.22113731, 30.21942934, 30.21772067, 30.21601147,
        30.21430165, 30.21259142, 30.21088091, 30.20917039, 30.20745848,
        30.20574723, 30.20403651, 30.2023263 , 30.20061685, 30.19890847,
        30.19720162, 30.19549688, 30.19379477, 30.19209604, 30.19040166,
        30.18871269, 30.18703064, 30.1853574 , 30.18369383, 30.18204168,
        30.18040403, 30.17878547, 30.17719285, 30.17563695, 30.17413655,
        30.17272937, 30.17151068, 30.17088788]]), 'snr_nli': array([[44.03514889, 43.78093322, 43.65815181, 43.57396411, 43.50570892,
        43.45136762, 43.404666  , 43.36315481, 43.32536856, 43.29041481,
        43.25764117, 43.22656486, 43.19668704, 43.16783426, 43.13983104,
        43.11247071, 43.08563198, 43.05922229, 43.03310581, 43.00724927,
        42.9816057 , 42.95610988, 42.93070026, 42.9053728 , 42.88003855,
        42.85463286, 42.82913622, 42.80349666, 42.77762669, 42.75153012,
        42.72511706, 42.69830829, 42.6709255 , 42.64151933, 42.61351657,
        42.58553735, 42.55743013, 42.5291867 , 42.50087717, 42.47255447,
        42.44424698, 42.41602109, 42.38783684, 42.35969977, 42.33161117,
        42.30356749, 42.27554701, 42.24753019, 42.21948276, 42.1913773 ,
        42.16319414, 42.13484525, 42.10537498, 42.07683819, 42.0483646 ,
        42.01980145, 41.99110506, 41.96228022, 41.93327242, 41.90409053,
        41.87470651, 41.84507879, 41.8151977 , 41.78508276, 41.75471308,
        41.72411416, 41.69329354, 41.66226729, 41.63106995, 41.59984215,
        41.56853415, 41.5372364 , 41.50600246, 41.47390387, 41.44485604,
        41.41885111, 41.39816137, 41.38789921, 41.40190842, 41.50515563,
        41.20280481, 41.00229233, 40.89249784, 40.80780718, 40.73422297,
        40.66657027, 40.60238856, 40.54045057, 40.47989073, 40.42020937,
        40.36106025, 40.30217777, 40.24327503, 40.18432314, 40.12524437,
        40.06596196, 40.00644302, 39.94668375, 39.88661439, 39.82626013,
        39.76560697, 39.70459382, 39.64323971, 39.58157676, 39.51952012,
        39.4571222 , 39.39438464, 39.33128789, 39.26786038, 39.20416675,
        39.14014719, 39.0758565 , 39.01133532, 38.94657473, 38.88153748,
        38.81626894, 38.75054367, 38.68341186, 38.61737543, 38.55146755,
        38.48544586, 38.41931345, 38.35301906, 38.28655067, 38.21986343,
        38.15297701, 38.08583233, 38.01847773, 37.95092969, 37.88320432,
        37.81531099, 37.74733362, 37.67918878, 37.61090772, 37.54250648,
        37.47397254, 37.40531398, 37.33659885, 37.26770254, 37.19833749,
        37.12943876, 37.06067427, 36.99199827, 36.92347246, 36.85510952,
        36.78698299, 36.71918367, 36.65178844, 36.58492063, 36.51881239,
        36.45314786, 36.38918212, 36.32708145, 36.26749271, 36.21153631,
        36.16171274, 36.12221445, 36.10181954, 36.12435653, 36.30446665,
        35.79401886, 35.45555524, 35.27560806, 35.13893821, 35.02186938,
        34.91549493, 34.81567148, 34.72034152, 34.62821744, 34.5384812 ,
        34.45042831, 34.36362892, 34.27744991, 34.19180366, 34.10666807,
        34.02189033, 33.9374    , 33.85310325, 33.76896624, 33.68493591,
        33.60094994, 33.51691178, 33.43276444, 33.34851409, 33.26412535,
        33.17974262, 33.09544612, 33.01125997, 32.92727286, 32.8436191 ,
        32.76025441, 32.67732162, 32.59486062, 32.51290681, 32.43150559,
        32.35063649, 32.27020587, 32.19016782, 32.11049483, 32.03114494,
        31.95200172, 31.87310327, 31.79440267, 31.71587599, 31.63747949,
        31.55923728, 31.48121672, 31.40429384, 31.32800596, 31.25065124,
        31.17205992, 31.09304616, 31.01361343, 30.9338741 , 30.85381561,
        30.77342562, 30.69279277, 30.6119574 , 30.53068791, 30.4490699 ,
        30.36716741, 30.28503699, 30.20263829, 30.11999916, 30.03704937,
        29.95385114, 29.87042659, 29.78677045, 29.70286331, 29.61880724,
        29.53467888, 29.4505706 , 29.36660246, 29.28285871, 29.19934021,
        29.11615815, 29.03341937, 28.95113103, 28.86937723, 28.78828119,
        28.70777421, 28.62799265, 28.5490234 , 28.47104232, 28.39365695,
        28.317094  , 28.24181245, 28.16775467, 28.0950576 , 28.02385454,
        27.95439177, 27.88696279, 27.82179803, 27.75926449, 27.69983525,
        27.64401878, 27.59255393, 27.54637224, 27.50579435, 27.47165591,
        27.44551964, 27.4297851 , 27.42813535, 27.4465456 , 27.49583766,
        27.5987563 , 27.81654783, 28.44367189]]), 'max_oct': np.float64(395.8243530506303)}"
44,27,44,27,59.4,1,1,59.4,"{'P_opt': np.float64(-12.180000000000003), 'gsnr': array([[33.62292872, 33.60134317, 33.5897737 , 33.58126714, 33.57425945,
        33.56813726, 33.56259916, 33.55747412, 33.55265017, 33.54805698,
        33.54364272, 33.53936839, 33.53519315, 33.53110295, 33.52708293,
        33.5231163 , 33.51919265, 33.5153041 , 33.51143905, 33.50759447,
        33.50376618, 33.4999484 , 33.49613565, 33.49232747, 33.48851559,
        33.48469391, 33.48085937, 33.47700383, 33.47310295, 33.46897991,
        33.46502949, 33.46107173, 33.45709014, 33.45308125, 33.4490406 ,
        33.44497437, 33.44088387, 33.43677103, 33.43264227, 33.42850254,
        33.42435404, 33.42020303, 33.41604562, 33.4118824 , 33.40771355,
        33.40353888, 33.39935577, 33.39516209, 33.39095255, 33.38671427,
        33.38233048, 33.37807086, 33.37381027, 33.36953657, 33.36524796,
        33.36093942, 33.35660864, 33.35225728, 33.34788013, 33.34347847,
        33.33904978, 33.33458994, 33.33009815, 33.32557713, 33.32102519,
        33.31644587, 33.31184107, 33.30721387, 33.30256899, 33.29792267,
        33.29325386, 33.28837986, 33.28379982, 33.27937457, 33.27518194,
        33.27141123, 33.26840947, 33.26690669, 33.26884769, 33.28314306,
        33.68213902, 33.65002349, 33.63218442, 33.61834031, 33.60625563,
        33.59509514, 33.58445952, 33.57414815, 33.56401831, 33.55398656,
        33.54399408, 33.53399499, 33.52393902, 33.51381921, 33.50361982,
        33.49332576, 33.48292889, 33.47242561, 33.46180195, 33.4510594 ,
        33.44019285, 33.42918978, 33.41805031, 33.40677748, 33.39535423,
        33.38378718, 33.37207427, 33.36020936, 33.34819392, 33.33603609,
        33.32371907, 33.31124361, 33.29858144, 33.28547758, 33.27253383,
        33.25950844, 33.2463592 , 33.23308035, 33.21965894, 33.20610025,
        33.19239296, 33.17854478, 33.16454633, 33.15039572, 33.13608255,
        33.1216099 , 33.10696317, 33.09215142, 33.0771746 , 33.0620337 ,
        33.04672845, 33.0312713 , 33.01562387, 32.99968895, 32.98372997,
        32.96763761, 32.95139664, 32.93502273, 32.91850471, 32.90184764,
        32.88506224, 32.86814519, 32.85110308, 32.83393353, 32.8165242 ,
        32.79921181, 32.78190245, 32.76460023, 32.74734629, 32.73024233,
        32.71330174, 32.69660821, 32.68027303, 32.66469803, 32.65020295,
        32.63755002, 32.62817748, 32.62489098, 32.63524074, 32.69435937,
        31.45667103, 31.3706321 , 31.32417658, 31.28877416, 31.25823587,
        31.2303267 , 31.2039516 , 31.17859436, 31.15390371, 31.12962784,
        31.10560699, 31.08171973, 31.05779279, 31.03382329, 31.00976397,
        30.98559799, 30.96130422, 30.9368627 , 30.91224254, 30.8874239 ,
        30.86239341, 30.83712754, 30.81161747, 30.78585886, 30.75983255,
        30.73357506, 30.70710931, 30.68044771, 30.65362513, 30.62668338,
        30.59961957, 30.57248881, 30.54532437, 30.51817017, 30.49121915,
        30.46437787, 30.43726342, 30.40981224, 30.38220067, 30.35445678,
        30.3265554 , 30.29851784, 30.27032889, 30.24197986, 30.21344775,
        30.18472343, 30.1557758 , 30.12665889, 30.09732755, 30.0677542 ,
        30.03794829, 30.0079216 , 29.97761041, 29.94703543, 29.91617563,
        29.88501727, 29.85358676, 29.82189533, 29.78985023, 29.75748752,
        29.72482418, 29.69187821, 29.65863325, 29.62510182, 29.59125285,
        29.5571105 , 29.52268014, 29.48795933, 29.45294013, 29.41766698,
        29.38217206, 29.34649676, 29.31069871, 29.27482112, 29.23887053,
        29.20290268, 29.16696878, 29.13107756, 29.09527218, 29.05961814,
        29.02409139, 28.98876933, 28.95370156, 28.91899059, 28.88442623,
        28.8501177 , 28.81632871, 28.78303529, 28.7503158 , 28.71824683,
        28.68696483, 28.65663344, 28.62738727, 28.59943739, 28.5730488 ,
        28.54850967, 28.52621968, 28.50671997, 28.49027924, 28.47746589,
        28.46920948, 28.46689847, 28.47263019, 28.48976152, 28.5242795 ,
        28.58853689, 28.71503162, 29.0514793 ]]), 'osnr': array([[33.91099873, 33.90922536, 33.90745706, 33.90569079, 33.90392589,
        33.9021621 , 33.90039926, 33.89863733, 33.89687623, 33.89511595,
        33.89335646, 33.89159774, 33.88983977, 33.88808255, 33.88632606,
        33.88457031, 33.88281528, 33.88106098, 33.87930739, 33.87755452,
        33.87580236, 33.87405091, 33.87230017, 33.87055013, 33.86880079,
        33.86705215, 33.8653042 , 33.86355695, 33.86181037, 33.8600644 ,
        33.8583192 , 33.8565747 , 33.85483088, 33.85308775, 33.8513453 ,
        33.84960354, 33.84786246, 33.84612207, 33.84438236, 33.84264335,
        33.84090502, 33.83916738, 33.83743044, 33.83569418, 33.83395861,
        33.83222373, 33.83048953, 33.82875602, 33.82702319, 33.82529104,
        33.82355951, 33.82182872, 33.82009861, 33.81836919, 33.81664045,
        33.81491238, 33.81318498, 33.81145826, 33.80973221, 33.80800684,
        33.80628213, 33.80455809, 33.80283471, 33.801112  , 33.79938996,
        33.79766859, 33.79594788, 33.79422783, 33.79250846, 33.79078977,
        33.78907174, 33.78735429, 33.78563765, 33.78392176, 33.78220665,
        33.78049242, 33.77877922, 33.7770674 , 33.77535788, 33.77365484,
        34.26339086, 34.26167192, 34.25995975, 34.25824995, 34.25654156,
        34.25483423, 34.25312779, 34.25142214, 34.24971723, 34.24801302,
        34.24630948, 34.24460659, 34.24290433, 34.2412027 , 34.23950169,
        34.23780128, 34.23610148, 34.23440228, 34.23270368, 34.23100568,
        34.22930826, 34.22761144, 34.22591519, 34.22421953, 34.22252445,
        34.22082995, 34.21913602, 34.21744266, 34.21574988, 34.21405767,
        34.21236603, 34.21067495, 34.20898442, 34.20729432, 34.20560493,
        34.20391613, 34.20222791, 34.20054026, 34.19885318, 34.19716666,
        34.1954807 , 34.1937953 , 34.19211046, 34.19042617, 34.18874243,
        34.18705923, 34.18537657, 34.18369446, 34.18201288, 34.18033185,
        34.17865135, 34.17697139, 34.17529196, 34.173613  , 34.17193463,
        34.17025682, 34.16857954, 34.16690281, 34.16522661, 34.16355095,
        34.16187583, 34.16020124, 34.1585272 , 34.1568537 , 34.15518068,
        34.1535083 , 34.15183653, 34.15016536, 34.14849482, 34.14682496,
        34.14515579, 34.14348735, 34.1418197 , 34.14015306, 34.13848761,
        34.13682377, 34.13516234, 34.13350485, 34.13185543, 34.13023299,
        32.62024339, 32.61853153, 32.61684836, 32.61517366, 32.61350302,
        32.61183482, 32.61016827, 32.608503  , 32.60683875, 32.60517534,
        32.60351265, 32.60185058, 32.600189  , 32.59852791, 32.59686726,
        32.59520704, 32.59354723, 32.59188782, 32.59022877, 32.58857006,
        32.58691169, 32.58525362, 32.58359584, 32.58193835, 32.58028113,
        32.57862419, 32.57696756, 32.57531124, 32.57365526, 32.57199965,
        32.5703444 , 32.56868956, 32.56703516, 32.56538122, 32.56372793,
        32.56207521, 32.56042269, 32.55877033, 32.55711828, 32.55546655,
        32.55381512, 32.55216401, 32.5505132 , 32.54886267, 32.5472124 ,
        32.54556237, 32.54391256, 32.542263  , 32.54061365, 32.53896447,
        32.53731547, 32.53566665, 32.53401794, 32.53236936, 32.53072087,
        32.52907246, 32.52742414, 32.52577591, 32.52412767, 32.52247945,
        32.52083126, 32.5191831 , 32.51753495, 32.51588682, 32.51423865,
        32.51259047, 32.51094226, 32.50929403, 32.50764574, 32.50599744,
        32.50434915, 32.50270091, 32.50105279, 32.49940482, 32.49775701,
        32.49610941, 32.4944621 , 32.49281507, 32.49116838, 32.4895221 ,
        32.48787621, 32.48623081, 32.48458597, 32.4829418 , 32.48129721,
        32.47965405, 32.4780118 , 32.47637044, 32.47473011, 32.4730909 ,
        32.47145303, 32.46981674, 32.46818223, 32.46654983, 32.46491993,
        32.46329297, 32.46166956, 32.4600505 , 32.45843623, 32.4568276 ,
        32.45522598, 32.45363337, 32.45205277, 32.45048888, 32.44894992,
        32.44745239, 32.44603829, 32.4448871 ]]), 'snr_nli': array([[45.54903023, 45.2483722 , 45.10554568, 45.0091872 , 44.93514577,
        44.8741348 , 44.82164986, 44.77516039, 44.73303202, 44.69424125,
        44.65804255, 44.62388059, 44.59119477, 44.55977937, 44.52942475,
        44.4999025 , 44.47106952, 44.44281715, 44.41499388, 44.38755619,
        44.36044774, 44.33359388, 44.30692523, 44.2804341 , 44.25401975,
        44.22760912, 44.20116672, 44.17459817, 44.14762199, 44.11819208,
        44.09090775, 44.06366826, 44.03628513, 44.00872216, 43.98093231,
        43.95298947, 43.92491161, 43.8967231 , 43.86849745, 43.84029038,
        43.81212643, 43.78407362, 43.75608886, 43.72817811, 43.70034266,
        43.67258008, 43.64486228, 43.61716663, 43.58943821, 43.56154429,
        43.53227968, 43.5044432 , 43.47673135, 43.44901925, 43.42128941,
        43.39349204, 43.36560605, 43.33764996, 43.30957395, 43.2813933 ,
        43.25308578, 43.224614  , 43.19597374, 43.16719465, 43.13826357,
        43.10921761, 43.08007751, 43.0508745 , 43.02165483, 42.99257079,
        42.96342579, 42.93253884, 42.90451198, 42.8780313 , 42.85378001,
        42.83343831, 42.82008948, 42.82026331, 42.85160292, 42.99743952,
        42.70372373, 42.46508341, 42.34209233, 42.2510238 , 42.17414181,
        42.10491053, 42.04024078, 41.97858438, 41.91886621, 41.86046238,
        41.80294175, 41.74597729, 41.68922721, 41.63264476, 41.5761287 ,
        41.51958626, 41.46297216, 41.40627132, 41.34940554, 41.29239406,
        41.23521578, 41.17780634, 41.12017879, 41.06236283, 41.00427111,
        40.94595524, 40.88741584, 40.82863086, 40.76962141, 40.71044429,
        40.65101932, 40.59136363, 40.53134036, 40.46963366, 40.40941551,
        40.34940656, 40.28939175, 40.22934744, 40.16921554, 40.10902964,
        40.04874156, 39.98839646, 39.92795658, 39.86742085, 39.80674896,
        39.74596405, 39.68500825, 39.62393238, 39.56274482, 39.50145818,
        39.44007906, 39.37866879, 39.3170692 , 39.25488053, 39.19322608,
        39.13164194, 39.07006809, 39.00857201, 38.94711087, 38.8857079 ,
        38.82440761, 38.76319807, 38.70210594, 38.64112248, 38.57982507,
        38.51948313, 38.45972537, 38.40055338, 38.3421029 , 38.2847221 ,
        38.22843226, 38.17350203, 38.12028776, 38.07014288, 38.02409824,
        37.98467618, 37.9566577 , 37.94944662, 37.98882299, 38.19921461,
        37.74538466, 37.3956989 , 37.217453  , 37.08620739, 36.97585576,
        36.87709391, 36.78542538, 36.69871011, 36.61551788, 36.53484415,
        36.45605312, 36.37867109, 36.3020742 , 36.22623117, 36.15096708,
        36.07621316, 36.0018899 , 35.92792491, 35.85421486, 35.78069484,
        35.70732253, 35.63402661, 35.56078269, 35.48758055, 35.41436706,
        35.34125206, 35.26830181, 35.19554997, 35.12309147, 35.05103639,
        34.97936778, 34.90822648, 34.83768905, 34.76785723, 34.6992213 ,
        34.6315059 , 34.56369789, 34.49563922, 34.42778629, 34.36020604,
        34.29283029, 34.2257079 , 34.15879668, 34.09207155, 34.02547391,
        33.95898016, 33.89251551, 33.82620712, 33.75994736, 33.69367267,
        33.62740612, 33.5611752 , 33.49483688, 33.42844084, 33.36194287,
        33.29531613, 33.22862188, 33.16188664, 33.09491357, 33.02778544,
        32.96054214, 32.89322444, 32.82580053, 32.758299  , 32.69065847,
        32.62293128, 32.55513033, 32.48725251, 32.41928389, 32.35131371,
        32.28340468, 32.21563538, 32.14811319, 32.08091496, 32.01404578,
        31.94760319, 31.88167355, 31.81626207, 31.75143736, 31.6873072 ,
        31.62381376, 31.56108423, 31.49919281, 31.43830657, 31.37803456,
        31.31855681, 31.26032237, 31.20326805, 31.14751008, 31.09315977,
        31.04042955, 30.98957497, 30.94079838, 30.89442936, 30.8508846 ,
        30.81061539, 30.77425638, 30.74267451, 30.71627833, 30.69597897,
        30.68329163, 30.68050295, 30.6911027 , 30.72074225, 30.77964041,
        30.88924543, 31.10737585, 31.70974428]]), 'max_oct': np.float64(426.2871979213801)}"
6,7,6,7,39.2,1,1,39.2,"{'P_opt': np.float64(-8.84), 'gsnr': array([[36.79921144, 36.76036434, 36.74028575, 36.72592694, 36.71436219,
        36.70444803, 36.69562259, 36.68756768, 36.68007768, 36.67302188,
        36.66630535, 36.65985705, 36.65360634, 36.64752528, 36.64158558,
        36.63575797, 36.63002296, 36.6243655 , 36.61876532, 36.61321496,
        36.60770482, 36.60222144, 36.59674662, 36.59123846, 36.58507415,
        36.57957851, 36.5741434 , 36.56872176, 36.56329327, 36.55785616,
        36.55239716, 36.54690984, 36.54139358, 36.53584779, 36.5302669 ,
        36.52466023, 36.51902878, 36.51337452, 36.50770505, 36.50202624,
        36.49633917, 36.49065038, 36.48494787, 36.47920564, 36.47303136,
        36.46728673, 36.46157761, 36.45587618, 36.45017286, 36.44446391,
        36.43875011, 36.43303554, 36.42730742, 36.42156522, 36.41581061,
        36.41003834, 36.40424647, 36.39843877, 36.39260845, 36.38675791,
        36.38088347, 36.37497723, 36.36902996, 36.36300221, 36.35623721,
        36.35019094, 36.34421688, 36.33828078, 36.3323892 , 36.3265791 ,
        36.32085954, 36.31527631, 36.30990429, 36.30486975, 36.30036858,
        36.29677393, 36.29475779, 36.29573051, 36.30345085, 36.3351984 ,
        36.68781202, 36.63170595, 36.60285337, 36.58167121, 36.56391697,
        36.54800828, 36.53319298, 36.51908784, 36.50543073, 36.49206657,
        36.47888758, 36.46581211, 36.45275702, 36.43970488, 36.42662694,
        36.41349764, 36.40030161, 36.38702961, 36.37365878, 36.36018442,
        36.34658493, 36.33278149, 36.3179602 , 36.30394702, 36.28989389,
        36.27574648, 36.26148922, 36.24711025, 36.23260976, 36.21799867,
        36.20325804, 36.18839811, 36.17342649, 36.15834183, 36.14313607,
        36.12782811, 36.11240832, 36.09687946, 36.08123013, 36.0654692 ,
        36.04958386, 36.03358469, 36.01745941, 36.00120267, 35.98477772,
        35.96788442, 35.95120173, 35.93442964, 35.9175415 , 35.90053449,
        35.88340962, 35.86618413, 35.84883324, 35.83136461, 35.81377561,
        35.79603236, 35.77779249, 35.75988   , 35.74192724, 35.72391277,
        35.70584473, 35.68772137, 35.66955509, 35.6513591 , 35.63298963,
        35.61484083, 35.59678174, 35.57875477, 35.56101218, 35.54358584,
        35.52639478, 35.5098469 , 35.49404692, 35.47931559, 35.46603029,
        35.45559127, 35.44965369, 35.45193504, 35.47277601, 35.55951947,
        34.42784944, 34.31741564, 34.26111683, 34.21998123, 34.18565691,
        34.15501507, 34.12661092, 34.09973549, 34.07386712, 34.04871542,
        34.02406297, 33.99974478, 33.97559969, 33.95159344, 33.92765876,
        33.903753  , 33.87984691, 33.85591939, 33.83193884, 33.8078792 ,
        33.78372334, 33.75944828, 33.73505176, 33.71058279, 33.68570644,
        33.66081943, 33.63573423, 33.61053204, 33.58526141, 33.55996756,
        33.53464841, 33.50935261, 33.48410042, 33.45889876, 33.43376565,
        33.40870218, 33.38368987, 33.35871944, 33.33378293, 33.30886964,
        33.28394212, 33.25901252, 33.23406221, 33.20908222, 33.18405117,
        33.15896179, 33.13378691, 33.10857398, 33.083284  , 33.05789694,
        33.03242189, 33.00686842, 32.9811832 , 32.95538818, 32.92946476,
        32.90340259, 32.87722349, 32.85093716, 32.82447002, 32.79785825,
        32.77111319, 32.74424916, 32.71725597, 32.69014727, 32.66289939,
        32.63553371, 32.60805446, 32.58046203, 32.55275314, 32.52496649,
        32.4971293 , 32.4692768 , 32.44145916, 32.41371442, 32.38605132,
        32.35851706, 32.33115194, 32.30396427, 32.27698891, 32.25027985,
        32.22382115, 32.19767991, 32.17189882, 32.14657891, 32.12150583,
        32.09676367, 32.07261554, 32.0490305 , 32.02607296, 32.0038078 ,
        31.98234932, 31.961835  , 31.9423828 , 31.92417569, 31.90743998,
        31.89242553, 31.87947038, 31.86904785, 31.86146919, 31.85731154,
        31.85745102, 31.86318298, 31.87647394, 31.900592  , 31.94276868,
        32.01047976, 32.13501131, 32.45139475]]), 'osnr': array([[37.28175482, 37.2799823 , 37.27821442, 37.27644845, 37.27468377,
        37.27292016, 37.27115749, 37.2693957 , 37.26763474, 37.26587458,
        37.26411521, 37.2623566 , 37.26059874, 37.25884163, 37.25708526,
        37.25532962, 37.2535747 , 37.25182051, 37.25006704, 37.24831428,
        37.24656224, 37.24481091, 37.24306028, 37.24131035, 37.23956098,
        37.23781246, 37.23606465, 37.23431754, 37.23257114, 37.23082543,
        37.22908041, 37.22733609, 37.22559246, 37.22384952, 37.22210727,
        37.22036571, 37.21862485, 37.21688467, 37.21514518, 37.21340638,
        37.21166828, 37.20993087, 37.20819415, 37.20645811, 37.20472266,
        37.202988  , 37.20125404, 37.19952077, 37.19778819, 37.1960563 ,
        37.1943251 , 37.19259458, 37.19086474, 37.18913559, 37.18740712,
        37.18567933, 37.18395222, 37.1822258 , 37.18050005, 37.17877497,
        37.17705058, 37.17532686, 37.17360381, 37.17188143, 37.17015955,
        37.16843852, 37.16671818, 37.16499853, 37.16327957, 37.16156131,
        37.15984374, 37.15812689, 37.15641076, 37.15469538, 37.1529808 ,
        37.15126711, 37.14955447, 37.1478432 , 37.14613419, 37.14443145,
        37.63417207, 37.63245449, 37.63074339, 37.62903461, 37.62732723,
        37.62562091, 37.62391548, 37.62221088, 37.62050702, 37.61880389,
        37.61710146, 37.61539971, 37.61369862, 37.61199818, 37.61029839,
        37.60859925, 37.60690074, 37.60520287, 37.60350562, 37.60180901,
        37.60011301, 37.59841762, 37.59672264, 37.5950285 , 37.59333499,
        37.59164211, 37.58994985, 37.58825821, 37.58656718, 37.58487678,
        37.58318698, 37.5814978 , 37.57980923, 37.57812127, 37.57643393,
        37.5747472 , 37.57306109, 37.57137558, 37.56969068, 37.5680064 ,
        37.56632271, 37.56463964, 37.56295717, 37.56127529, 37.55959401,
        37.55791324, 37.55623316, 37.55455368, 37.55287481, 37.55119653,
        37.54951885, 37.54784177, 37.54616528, 37.54448939, 37.54281409,
        37.54113938, 37.53946516, 37.53779164, 37.53611874, 37.53444644,
        37.53277475, 37.53110366, 37.52943318, 37.52776331, 37.52609401,
        37.52442539, 37.5227574 , 37.52109005, 37.51942338, 37.51775743,
        37.51609215, 37.51442767, 37.51276402, 37.51110128, 37.50943958,
        37.50777931, 37.50612095, 37.50446556, 37.50281608, 37.50118565,
        35.99123007, 35.98953949, 35.9878689 , 35.98620441, 35.98454301,
        35.98288354, 35.98122547, 35.97956856, 35.9779126 , 35.97625748,
        35.97460313, 35.97294947, 35.97129646, 35.96964407, 35.96799228,
        35.96634106, 35.96469041, 35.96304032, 35.96139078, 35.95974176,
        35.95809327, 35.95644529, 35.95479782, 35.95315088, 35.95150432,
        35.94985831, 35.94821277, 35.94656774, 35.94492322, 35.94327925,
        35.94163581, 35.93999293, 35.93835062, 35.93670887, 35.93506771,
        35.93342712, 35.9317871 , 35.93014765, 35.92850875, 35.92687041,
        35.92523261, 35.92359534, 35.92195861, 35.92032241, 35.91868671,
        35.91705153, 35.91541684, 35.91378267, 35.912149  , 35.91051581,
        35.90888311, 35.9072509 , 35.90561915, 35.90398788, 35.90235706,
        35.9007267 , 35.8990968 , 35.89746736, 35.89583835, 35.89420978,
        35.89258165, 35.89095398, 35.88932674, 35.88769995, 35.8860736 ,
        35.88444769, 35.88282221, 35.88119718, 35.87957259, 35.87794844,
        35.87632477, 35.87470158, 35.87307891, 35.87145677, 35.86983517,
        35.86821414, 35.8665937 , 35.86497386, 35.86335463, 35.86173606,
        35.86011813, 35.85850088, 35.85688435, 35.8552686 , 35.85365265,
        35.85203825, 35.85042472, 35.84881206, 35.84720029, 35.84558947,
        35.84397968, 35.842371  , 35.84076353, 35.83915739, 35.83755274,
        35.83594974, 35.83434863, 35.83274972, 35.83115323, 35.82955955,
        35.82796925, 35.82638317, 35.82480258, 35.82322953, 35.82166855,
        35.82012399, 35.81861431, 35.81721451]]), 'snr_nli': array([[46.5807289 , 46.23858474, 46.07707046, 45.96838056, 45.88498082,
        45.81633544, 45.75733902, 45.70513112, 45.6578872 , 45.61445178,
        45.57399453, 45.53590053, 45.49957884, 45.46478168, 45.43126625,
        45.39878934, 45.36718729, 45.33633365, 45.30606662, 45.27632214,
        45.24702217, 45.2180624 , 45.18930631, 45.16045002, 45.12704269,
        45.09857978, 45.07068119, 45.0430076 , 45.01541402, 44.98788741,
        44.96033534, 44.93271448, 44.90502222, 44.87725603, 44.84938   ,
        44.82145917, 44.79350165, 44.76552173, 44.7375708 , 44.7096879 ,
        44.68187972, 44.65418844, 44.62653465, 44.59874989, 44.56830603,
        44.54077378, 44.51359325, 44.48658302, 44.45968054, 44.43286119,
        44.40612916, 44.3795091 , 44.35292061, 44.32636047, 44.29983898,
        44.27332397, 44.24680398, 44.22030244, 44.19377856, 44.16724751,
        44.14068799, 44.11405379, 44.087292  , 44.06017271, 44.02885785,
        44.00188892, 43.97545614, 43.94935491, 43.92361869, 43.89845421,
        43.87390579, 43.85022532, 43.82782511, 43.80740075, 43.79003011,
        43.77777465, 43.77436305, 43.78769562, 43.83918078, 44.03064096,
        43.76968211, 43.49706946, 43.36504299, 43.27170277, 43.19561277,
        43.12889555, 43.06784674, 43.01058432, 42.95584344, 42.90287829,
        42.8511765 , 42.8003566 , 42.75004409, 42.70015492, 42.65056027,
        42.60114894, 42.55185532, 42.50264094, 42.45341338, 42.40415626,
        42.35478633, 42.30499671, 42.25160851, 42.20181378, 42.15225564,
        42.10272266, 42.05315719, 42.00351738, 41.95380782, 41.90407255,
        41.85424461, 41.80436551, 41.75446596, 41.70454349, 41.65457188,
        41.60462086, 41.55465814, 41.50469537, 41.4546951 , 41.40469034,
        41.35463947, 41.30458094, 41.25447561, 41.20430859, 41.15396219,
        41.10246326, 41.05203758, 41.00169863, 40.95136102, 40.90101748,
        40.85067277, 40.80038218, 40.75006936, 40.69975982, 40.64944687,
        40.59902967, 40.54748528, 40.49729277, 40.44733736, 40.39755231,
        40.34795885, 40.298549  , 40.24935561, 40.20041292, 40.15130983,
        40.10315845, 40.05557467, 40.00838834, 39.96228721, 39.91733834,
        39.87330049, 39.8312606 , 39.79146604, 39.75473863, 39.72203768,
        39.69702646, 39.68401396, 39.69280331, 39.75112689, 39.99033966,
        39.62331134, 39.27184424, 39.10146723, 38.98059203, 38.88190425,
        38.7953353 , 38.71627483, 38.64245168, 38.572233  , 38.50470316,
        38.43918658, 38.3751779 , 38.3122012 , 38.25013909, 38.18879032,
        38.12802568, 38.06775549, 38.00791419, 37.94841125, 37.8891732 ,
        37.83015163, 37.77128481, 37.71256468, 37.65411051, 37.59509347,
        37.53649592, 37.47785516, 37.41936827, 37.36114858, 37.30329803,
        37.24580436, 37.18877405, 37.13224471, 37.07622227, 37.02073781,
        36.96578328, 36.91130678, 36.85727837, 36.803672  , 36.75045613,
        36.69754146, 36.64494907, 36.59263284, 36.54056857, 36.48870615,
        36.43702666, 36.38546957, 36.33413255, 36.28293043, 36.23181936,
        36.18081668, 36.1299402 , 36.07907907, 36.02827762, 35.97749739,
        35.92671729, 35.87598085, 35.82530661, 35.77454842, 35.72377859,
        35.6730194 , 35.62229838, 35.57159515, 35.52093557, 35.47027363,
        35.41964982, 35.36907137, 35.31853817, 35.26804319, 35.21765758,
        35.16742976, 35.11742191, 35.06772233, 35.01839538, 34.96945118,
        34.92096904, 34.87301437, 34.82559438, 34.77876334, 34.73260858,
        34.68709275, 34.642325  , 34.59837016, 34.55539371, 34.51301255,
        34.47136331, 34.4308907 , 34.39152823, 34.35337373, 34.31652489,
        34.28116247, 34.24750477, 34.21573526, 34.18614581, 34.15909922,
        34.13499599, 34.11438303, 34.09803243, 34.08644615, 34.08057363,
        34.08186986, 34.09250407, 34.11579993, 34.15733759, 34.22957208,
        34.34593995, 34.56251766, 35.13308893]]), 'max_oct': np.float64(466.53825361297066)}"
6,36,6,36,66.1,1,1,66.1,"{'P_opt': np.float64(-13.120000000000001), 'gsnr': array([[32.69092521, 32.67151339, 32.6607362 , 32.65290524, 32.64643366,
        32.64075594, 32.63560012, 32.63081257, 32.62629254, 32.62197714,
        32.61781979, 32.61378545, 32.60983712, 32.60596232, 32.60214792,
        32.59837858, 32.59464502, 32.59094021, 32.5872536 , 32.58358258,
        32.57992347, 32.57627107, 32.57262042, 32.5689712 , 32.56531603,
        32.56164952, 32.55796976, 32.55427191, 32.55054753, 32.54679393,
        32.5429887 , 32.53898415, 32.535112  , 32.53122979, 32.52731936,
        32.52338383, 32.51942382, 32.51544093, 32.51144143, 32.50743005,
        32.50340911, 32.49938451, 32.4953527 , 32.49131422, 32.48726924,
        32.48321756, 32.479157  , 32.47508579, 32.47100035, 32.46689678,
        32.46276504, 32.45851191, 32.45434997, 32.45018356, 32.44600257,
        32.44180066, 32.43757501, 32.4333266 , 32.42905024, 32.42474679,
        32.42041349, 32.41604613, 32.4116436 , 32.4072079 , 32.40273695,
        32.39823347, 32.39369853, 32.38913429, 32.3845448 , 32.37994577,
        32.37533087, 32.37069733, 32.3659077 , 32.3614021 , 32.35709883,
        32.35314574, 32.34983958, 32.3478096 , 32.3487343 , 32.36030221,
        32.76247043, 32.73370936, 32.71729503, 32.70432364, 32.69285791,
        32.68217368, 32.6719239 , 32.66193448, 32.65208058, 32.64228916,
        32.63250853, 32.62269798, 32.61281228, 32.60284544, 32.59278347,
        32.58261249, 32.57232509, 32.56191816, 32.55137843, 32.54070731,
        32.52989996, 32.51894411, 32.50783986, 32.49658989, 32.48517747,
        32.47360858, 32.46188086, 32.4499881 , 32.43793185, 32.42572022,
        32.41333843, 32.4007911 , 32.38807628, 32.37515603, 32.36180719,
        32.34858187, 32.33525345, 32.32178752, 32.30816614, 32.29439244,
        32.2804545 , 32.26635889, 32.25209601, 32.237663  , 32.22304911,
        32.20825663, 32.19327084, 32.17809991, 32.16274426, 32.147205  ,
        32.13148228, 32.11559182, 32.09951228, 32.08324783, 32.06679649,
        32.05013492, 32.03317727, 32.01617564, 31.99903063, 31.98172716,
        31.96427241, 31.94666241, 31.92890689, 31.91102571, 31.89302316,
        31.87491549, 31.85670275, 31.83831057, 31.82006882, 31.80197538,
        31.78401425, 31.76627083, 31.74890118, 31.73214636, 31.71635904,
        31.7022771 , 31.69135851, 31.68630863, 31.69445211, 31.74978984,
        30.5053041 , 30.41980784, 30.37279012, 30.33648914, 30.30489288,
        30.27579236, 30.24813755, 30.2214454 , 30.19532006, 30.16958521,
        30.14405544, 30.11859737, 30.09303569, 30.06738694, 30.04161099,
        30.01566489, 29.98952883, 29.96319598, 29.93663529, 29.90982303,
        29.8827395 , 29.85535741, 29.8276643 , 29.79965599, 29.77131942,
        29.74269846, 29.71381792, 29.68469309, 29.65536177, 29.62586506,
        29.59619   , 29.56638751, 29.53647795, 29.50647004, 29.47638656,
        29.4462305 , 29.41598445, 29.38564653, 29.35522909, 29.32477115,
        29.2944757 , 29.26425555, 29.23353464, 29.20223591, 29.17059009,
        29.13864028, 29.10637277, 29.07385602, 29.04104554, 29.00791151,
        28.97446585, 28.94072296, 28.90661291, 28.87215631, 28.837331  ,
        28.80212152, 28.76655815, 28.73065305, 28.69430129, 28.65753916,
        28.62038828, 28.5828695 , 28.54496324, 28.50668131, 28.46798866,
        28.42891161, 28.38945706, 28.34962122, 28.3093941 , 28.26882449,
        28.22794903, 28.18681418, 28.14548333, 28.10400371, 28.06238158,
        28.02067884, 27.97895435, 27.93721828, 27.8955202 , 27.85393294,
        27.81242965, 27.77109431, 27.72998294, 27.68920638, 27.64854354,
        27.60812168, 27.56822211, 27.52882207, 27.49001053, 27.45187534,
        27.41457064, 27.37828058, 27.34315675, 27.309434  , 27.27740958,
        27.247406  , 27.21987685, 27.1954144 , 27.17428525, 27.15707501,
        27.14478583, 27.13892538, 27.14177731, 27.15700117, 27.1911316 ,
        27.25766477, 27.39205835, 27.75685101]]), 'osnr': array([[32.96583176, 32.9640575 , 32.96228859, 32.96052197, 32.95875681,
        32.95699279, 32.95522976, 32.95346764, 32.95170638, 32.94994595,
        32.9481863 , 32.94642744, 32.94466933, 32.94291197, 32.94115535,
        32.93939947, 32.93764431, 32.93588987, 32.93413615, 32.93238314,
        32.93063084, 32.92887925, 32.92712837, 32.92537818, 32.9236287 ,
        32.92187992, 32.92013182, 32.91838442, 32.91663771, 32.91489167,
        32.91314631, 32.91140153, 32.90965753, 32.90791422, 32.90617159,
        32.90442964, 32.90268837, 32.90094778, 32.89920788, 32.89746867,
        32.89573014, 32.8939923 , 32.89225515, 32.89051869, 32.88878292,
        32.88704783, 32.88531343, 32.88357971, 32.88184667, 32.88011431,
        32.87838262, 32.87665155, 32.87492121, 32.87319156, 32.87146259,
        32.86973429, 32.86800666, 32.8662797 , 32.8645534 , 32.86282778,
        32.86110281, 32.85937851, 32.85765487, 32.85593189, 32.85420957,
        32.85248791, 32.85076691, 32.84904658, 32.8473269 , 32.84560789,
        32.84388955, 32.84217188, 32.84045479, 32.83873854, 32.83702308,
        32.8353085 , 32.83359496, 32.83188285, 32.83017313, 32.82847026,
        33.31820312, 33.31648287, 33.3147698 , 33.31305921, 33.31135008,
        33.30964203, 33.30793486, 33.30622848, 33.30452284, 33.30281788,
        33.30111358, 33.29940992, 33.29770687, 33.29600443, 33.29430259,
        33.29260133, 33.29090066, 33.28920057, 33.28750106, 33.28580212,
        33.28410375, 33.28240594, 33.28070869, 33.27901201, 33.27731587,
        33.27562029, 33.27392525, 33.27223076, 33.27053682, 33.26884342,
        33.26715056, 33.26545824, 33.26376646, 33.26207519, 33.2603843 ,
        33.25869411, 33.2570045 , 33.25531543, 33.25362689, 33.25193889,
        33.25025142, 33.24856448, 33.24687806, 33.24519216, 33.24350677,
        33.24182189, 33.24013751, 33.23845364, 33.23677026, 33.23508739,
        33.23340502, 33.23172315, 33.23004178, 33.2283609 , 33.2266805 ,
        33.22500059, 33.22332108, 33.22164215, 33.21996373, 33.21828581,
        33.21660839, 33.21493146, 33.21325504, 33.21157912, 33.20990372,
        33.20822884, 33.20655448, 33.20488059, 33.20320738, 33.20153486,
        33.19986301, 33.19819189, 33.1965216 , 33.19485232, 33.19318428,
        33.19151798, 33.18985443, 33.18819547, 33.18654608, 33.184929  ,
        31.67491592, 31.67318959, 31.67149779, 31.66981608, 31.66813909,
        31.66646486, 31.66479243, 31.66312138, 31.66145134, 31.65978214,
        31.65811362, 31.65644565, 31.65477806, 31.65311085, 31.65144399,
        31.64977744, 31.64811115, 31.64644514, 31.64477935, 31.64311376,
        31.64144834, 31.63978305, 31.63811788, 31.63645282, 31.63478784,
        31.63312298, 31.63145826, 31.62979369, 31.6281293 , 31.62646513,
        31.62480116, 31.62313744, 31.62147399, 31.61981081, 31.61814793,
        31.61648535, 31.61482303, 31.61316098, 31.61149921, 31.60983775,
        31.60817684, 31.60651638, 31.60485569, 31.60319465, 31.60153353,
        31.59987236, 31.59821113, 31.5965499 , 31.59488861, 31.59322722,
        31.59156571, 31.58990411, 31.58824231, 31.58658031, 31.58491809,
        31.5832556 , 31.58159286, 31.57992989, 31.57826651, 31.57660277,
        31.57493868, 31.57327423, 31.5716094 , 31.56994418, 31.5682785 ,
        31.56661238, 31.5649458 , 31.56327875, 31.56161119, 31.55994316,
        31.55827471, 31.55660588, 31.55493676, 31.5532674 , 31.5515978 ,
        31.54992805, 31.54825823, 31.54658834, 31.54491847, 31.54324872,
        31.54157905, 31.5399096 , 31.53824046, 31.53657183, 31.53490248,
        31.53323434, 31.53156704, 31.52990058, 31.52823513, 31.52657086,
        31.52490808, 31.52324716, 31.52158842, 31.51993234, 31.51827954,
        31.51663069, 31.51498671, 31.51334884, 31.51171766, 31.5100944 ,
        31.50848108, 31.50688068, 31.50529766, 31.50373901, 31.50221695,
        31.500756  , 31.49941818, 31.49846931]]), 'snr_nli': array([[44.81364569, 44.53289395, 44.39485541, 44.30354936, 44.2334607 ,
        44.17563329, 44.12580752, 44.08159942, 44.04146648, 44.00444739,
        43.96983887, 43.93711726, 43.90574851, 43.87554096, 43.84630006,
        43.81780664, 43.789927  , 43.76255942, 43.7355591 , 43.7088871 ,
        43.68249144, 43.65630167, 43.63025209, 43.60433714, 43.57846206,
        43.5525594 , 43.52660609, 43.50054337, 43.47426922, 43.44775448,
        43.4207293 , 43.39140595, 43.36383586, 43.33627724, 43.30851327,
        43.28058509, 43.25250354, 43.22429068, 43.19602296, 43.16775698,
        43.13952031, 43.11138108, 43.08329788, 43.0552767 , 43.02731914,
        42.99942259, 42.97156242, 42.94371911, 42.91585333, 42.88792327,
        42.85982069, 42.83053414, 42.80238611, 42.77432819, 42.74625157,
        42.71808961, 42.68981458, 42.66143952, 42.63291234, 42.60424525,
        42.57541288, 42.54637536, 42.51712562, 42.48768844, 42.45804678,
        42.42823237, 42.39825992, 42.36815428, 42.3379589 , 42.30783065,
        42.2777073 , 42.24756268, 42.21607091, 42.18748173, 42.16096761,
        42.13790337, 42.12105734, 42.11633059, 42.13966222, 42.26610898,
        41.96655788, 41.74468333, 41.62725555, 41.53869311, 41.46293559,
        41.39405602, 41.32924627, 41.26710179, 41.20664074, 41.14729448,
        41.08866961, 41.03046601, 40.97236585, 40.91433078, 40.85627053,
        40.79809962, 40.7397787 , 40.68129813, 40.62258357, 40.5636574 ,
        40.50450191, 40.44505413, 40.38533016, 40.32536114, 40.26506067,
        40.20448108, 40.14362379, 40.08246799, 40.02103856, 39.95939666,
        39.89747258, 39.83530758, 39.77290508, 39.710074  , 39.64564141,
        39.5825876 , 39.51968737, 39.45676376, 39.39373186, 39.33061705,
        39.26736848, 39.20402906, 39.14056064, 39.07695968, 39.01318509,
        38.94925921, 38.88512416, 38.82083042, 38.75639095, 38.69182124,
        38.62713205, 38.56240232, 38.49754589, 38.43259046, 38.36753642,
        38.30229396, 38.23651685, 38.17126779, 38.10612929, 38.04104217,
        37.97603848, 37.91110488, 37.84628202, 37.78164786, 37.71721756,
        37.65305069, 37.58914371, 37.52521746, 37.46248558, 37.40090827,
        37.3403975 , 37.28122978, 37.22392063, 37.16926484, 37.11841897,
        37.0738338 , 37.04037179, 37.02710351, 37.05904166, 37.25652008,
        36.77441888, 36.4284466 , 36.24870324, 36.11458656, 36.00080064,
        35.89818417, 35.80242999, 35.7115275 , 35.62389686, 35.53880552,
        35.45553095, 35.37356352, 35.29228083, 35.21171842, 35.13172701,
        35.05215542, 34.97293241, 34.89403033, 34.81534822, 34.73681199,
        34.65836291, 34.57992234, 34.50145867, 34.4229656 , 34.34441166,
        34.26592789, 34.18758596, 34.10942781, 34.03155509, 33.95407365,
        33.87693987, 33.8002811 , 33.72413898, 33.64852318, 33.57347887,
        33.49899907, 33.42502561, 33.35154126, 33.2785645 , 33.20617812,
        33.13485842, 33.06436847, 32.99331889, 32.92154541, 32.84960747,
        32.77761066, 32.70552669, 32.63351457, 32.5614736 , 32.48933932,
        32.4171416 , 32.34491467, 32.27250851, 32.19997296, 32.1272649 ,
        32.05435679, 31.98131778, 31.90817702, 31.8347214 , 31.76103336,
        31.68716276, 31.61315625, 31.53897828, 31.46465646, 31.39012561,
        31.3154418 , 31.24062182, 31.16566136, 31.09054448, 31.01536616,
        30.94019568, 30.86511819, 30.79024734, 30.71566369, 30.64137125,
        30.56747379, 30.49406665, 30.42115624, 30.34881807, 30.27716623,
        30.20613899, 30.1358673 , 30.06643095, 29.99800113, 29.93018461,
        29.86318149, 29.79744611, 29.73291717, 29.66971973, 29.60797475,
        29.54790954, 29.48979621, 29.43384987, 29.38041688, 29.32993908,
        29.28289344, 29.23996101, 29.20203729, 29.16949742, 29.14322343,
        29.1247559 , 29.11643674, 29.1218484 , 29.14679609, 29.20178208,
        29.30885278, 29.52728703, 30.14141494]]), 'max_oct': np.float64(413.00949062327675)}"
6,39,6,39,127.5,2,2,63.75,"{'P_opt': np.float64(-12.850000000000001), 'gsnr': array([[32.97153652, 32.95184372, 32.94128855, 32.933487  , 32.92702774,
        32.92136042, 32.91621516, 32.91143882, 32.90693098, 32.90262875,
        32.89848564, 32.89446667, 32.89053504, 32.88667822, 32.882883  ,
        32.87913416, 32.87542243, 32.87174074, 32.86807862, 32.86443341,
        32.86080141, 32.85717741, 32.85355649, 32.84993831, 32.84631549,
        32.84268267, 32.83903771, 32.83537524, 32.83168498, 32.82795269,
        32.82402568, 32.82023427, 32.81643387, 32.81260984, 32.80875617,
        32.80487794, 32.80097629, 32.79705295, 32.79311401, 32.78916408,
        32.78520534, 32.78124356, 32.77727524, 32.77330093, 32.76932084,
        32.76533481, 32.76134071, 32.75733689, 32.75331991, 32.74928606,
        32.74522573, 32.74104424, 32.7369564 , 32.73286515, 32.72876083,
        32.72463735, 32.72049205, 32.71632607, 32.71213443, 32.70791808,
        32.70367452, 32.69939975, 32.69509286, 32.69075607, 32.68638758,
        32.68199037, 32.6775659 , 32.67311676, 32.66864749, 32.66417449,
        32.65969231, 32.65519975, 32.65055883, 32.646213  , 32.64208089,
        32.63831454, 32.63521699, 32.63343021, 32.63466629, 32.64676754,
        33.05185396, 33.02292481, 33.00658766, 32.99376804, 32.98249185,
        32.97202125, 32.96200301, 32.95225982, 32.94266498, 32.93314437,
        32.92364567, 32.9141278 , 32.90454546, 32.89489251, 32.88515482,
        32.87531864, 32.86537656, 32.85532539, 32.84515214, 32.83485818,
        32.82443877, 32.81388205, 32.80318812, 32.79235969, 32.78138063,
        32.77025692, 32.75898647, 32.74756341, 32.7359893 , 32.72427214,
        32.71239755, 32.70037027, 32.68818878, 32.67581806, 32.66303777,
        32.65038708, 32.63764204, 32.62477089, 32.61175676, 32.59860292,
        32.58529795, 32.57184849, 32.55824533, 32.5444861 , 32.53056062,
        32.51647137, 32.50220429, 32.48776758, 32.47316146, 32.45838702,
        32.44344456, 32.42834883, 32.41307866, 32.39763621, 32.38200599,
        32.36609723, 32.35013887, 32.3340603 , 32.31783439, 32.30146235,
        32.28495366, 32.26830553, 32.25152758, 32.23463848, 32.21763985,
        32.2005284 , 32.18323074, 32.16604871, 32.14892282, 32.13192676,
        32.11506839, 32.09843383, 32.08216476, 32.06645456, 32.05179523,
        32.03889414, 32.02900382, 32.02488448, 32.03368269, 32.08844781,
        30.83606674, 30.75379246, 30.7088925 , 30.67440612, 30.64449511,
        30.61702749, 30.59097643, 30.56588736, 30.54137112, 30.51722598,
        30.49331882, 30.46949393, 30.44560782, 30.42164759, 30.39757183,
        30.37335865, 30.34898518, 30.32443997, 30.29969413, 30.27472079,
        30.24950729, 30.22402882, 30.19827402, 30.17224298, 30.14592431,
        30.11935812, 30.09256445, 30.06555006, 30.03834739, 30.01099599,
        29.98348947, 29.95587761, 29.92818181, 29.90041344, 29.87259965,
        29.84475682, 29.81690694, 29.78924104, 29.76166726, 29.73371735,
        29.70530152, 29.67664499, 29.64777414, 29.61869467, 29.58938995,
        29.5598537 , 29.53005624, 29.50005342, 29.46979991, 29.43926686,
        29.40846387, 29.37740321, 29.34601965, 29.31433299, 29.28232198,
        29.24997221, 29.21731093, 29.18434941, 29.1509914 , 29.11727189,
        29.08320936, 29.04882254, 29.01409373, 28.97903467, 28.94361299,
        28.90785311, 28.8717608 , 28.8353329 , 28.79856048, 28.76148876,
        28.72415107, 28.68659003, 28.64886445, 28.61101839, 28.57305798,
        28.53504056, 28.49701986, 28.45900507, 28.42104146, 28.38319678,
        28.34544614, 28.3078686 , 28.27051592, 28.23349256, 28.19658777,
        28.15991741, 28.12374819, 28.08805753, 28.05292764, 28.01843922,
        27.9847348 , 27.95198502, 27.92033037, 27.88998969, 27.86123884,
        27.83437753, 27.80982398, 27.78813526, 27.76957445, 27.75470908,
        27.7444871 , 27.74032882, 27.74438185, 27.76008372, 27.79356499,
        27.85746765, 27.98493619, 28.32737231]]), 'osnr': array([[33.23721008, 33.23543628, 33.23366779, 33.2319014 , 33.23013641,
        33.22837253, 33.22660963, 33.22484763, 33.22308648, 33.22132614,
        33.21956659, 33.21780782, 33.2160498 , 33.21429253, 33.212536  ,
        33.2107802 , 33.20902512, 33.20727077, 33.20551713, 33.20376421,
        33.202012  , 33.2002605 , 33.1985097 , 33.19675961, 33.19501022,
        33.19326152, 33.19151352, 33.18976621, 33.18801959, 33.18627364,
        33.1845283 , 33.18278372, 33.18103983, 33.17929663, 33.17755411,
        33.17581228, 33.17407112, 33.17233065, 33.17059087, 33.16885178,
        33.16711337, 33.16537566, 33.16363863, 33.16190229, 33.16016664,
        33.15843168, 33.1566974 , 33.15496381, 33.1532309 , 33.15149866,
        33.1497671 , 33.14803617, 33.14630597, 33.14457645, 33.14284762,
        33.14111945, 33.13939196, 33.13766515, 33.135939  , 33.13421352,
        33.13248871, 33.13076456, 33.12904108, 33.12731826, 33.1255961 ,
        33.12387461, 33.12215378, 33.12043361, 33.11871412, 33.11699529,
        33.11527714, 33.11355966, 33.11184277, 33.11012672, 33.10841146,
        33.10669707, 33.10498372, 33.10327175, 33.10156211, 33.09985906,
        33.58959375, 33.58787435, 33.58616183, 33.58445172, 33.58274304,
        33.58103541, 33.57932867, 33.57762272, 33.57591751, 33.57421298,
        33.57250912, 33.57080591, 33.56910332, 33.56740134, 33.56569998,
        33.56399921, 33.56229904, 33.56059947, 33.55890048, 33.55720207,
        33.55550425, 33.55380701, 33.55211033, 33.55041424, 33.5487187 ,
        33.54702373, 33.54532933, 33.54363549, 33.54194221, 33.54024949,
        33.53855732, 33.53686571, 33.53517466, 33.53348414, 33.53179402,
        33.53010462, 33.52841579, 33.52672753, 33.52503981, 33.52335265,
        33.52166604, 33.51997997, 33.51829444, 33.51660945, 33.514925  ,
        33.51324107, 33.51155767, 33.50987479, 33.50819243, 33.5065106 ,
        33.50482928, 33.5031485 , 33.50146823, 33.49978847, 33.49810921,
        33.49643041, 33.49475218, 33.49307449, 33.49139733, 33.48972068,
        33.48804455, 33.48636894, 33.48469386, 33.48301931, 33.4813453 ,
        33.47967182, 33.47799881, 33.47632648, 33.47465477, 33.47298374,
        33.47131339, 33.46964377, 33.46797497, 33.46630712, 33.46464051,
        33.46297561, 33.46131321, 33.45965504, 33.45800559, 33.45638532,
        31.94638543, 31.94466736, 31.94298046, 31.94130272, 31.93962931,
        31.93795847, 31.93628934, 31.93462154, 31.93295474, 31.93128878,
        31.92962353, 31.92795886, 31.92629464, 31.92463086, 31.92296748,
        31.92130446, 31.9196418 , 31.91797947, 31.91631745, 31.9146557 ,
        31.9129942 , 31.91133294, 31.90967189, 31.90801104, 31.90635039,
        31.90468995, 31.90302975, 31.90136979, 31.89971009, 31.89805069,
        31.89639158, 31.8947328 , 31.89307437, 31.8914163 , 31.88975861,
        31.88810132, 31.88644445, 31.8847882 , 31.88313248, 31.88147677,
        31.87982099, 31.87816536, 31.8765099 , 31.87485462, 31.87319948,
        31.87154448, 31.86988957, 31.86823481, 31.86658015, 31.86492553,
        31.86327096, 31.86161645, 31.85996192, 31.85830737, 31.85665277,
        31.8549981 , 31.85334336, 31.85168858, 31.85003361, 31.84837849,
        31.84672323, 31.84506784, 31.84341228, 31.84175655, 31.8401006 ,
        31.83844445, 31.83678809, 31.8351315 , 31.83347466, 31.8318176 ,
        31.83016036, 31.82850299, 31.82684555, 31.8251881 , 31.82353062,
        31.8218732 , 31.82021591, 31.81855874, 31.81690177, 31.81524509,
        31.81358866, 31.81193259, 31.81027698, 31.80862197, 31.8069664 ,
        31.80531216, 31.80365881, 31.80200633, 31.80035485, 31.79870454,
        31.79705562, 31.7954084 , 31.79376314, 31.79212023, 31.79048016,
        31.78884347, 31.7872109 , 31.78558346, 31.78396163, 31.78234645,
        31.78073956, 31.77914341, 31.77756163, 31.77599992, 31.77446826,
        31.77298668, 31.77160581, 31.77054302]]), 'snr_nli': array([[45.23805588, 44.94376326, 44.80503589, 44.71148525, 44.63956013,
        44.58025027, 44.52919144, 44.48393192, 44.44288552, 44.40506105,
        44.36973475, 44.33636749, 44.30441213, 44.27367016, 44.24393971,
        44.214997  , 44.18670374, 44.15895482, 44.1316021 , 44.10460446,
        44.07790782, 44.05143973, 44.02513277, 43.99898055, 43.97288574,
        43.94677899, 43.92063366, 43.89438245, 43.86789715, 43.84100251,
        43.81178914, 43.78441869, 43.75706701, 43.72955378, 43.70180854,
        43.67389791, 43.64583901, 43.61765621, 43.58942526, 43.56120281,
        43.5330153 , 43.50493113, 43.47690825, 43.44895288, 43.42106682,
        43.39324815, 43.36547168, 43.33771893, 43.30995091, 43.2821268 ,
        43.25414005, 43.22493632, 43.19692336, 43.16900982, 43.14108866,
        43.11309401, 43.08499898, 43.0568183 , 43.0285004 , 43.00005872,
        42.97146922, 42.94269305, 42.91372449, 42.88459075, 42.85527679,
        42.82581729, 42.79623058, 42.76654613, 42.73681265, 42.70719725,
        42.67764412, 42.6481411 , 42.61731931, 42.58957619, 42.56406424,
        42.54223748, 42.52700386, 42.52456219, 42.55166621, 42.68732772,
        42.39007138, 42.16008444, 42.03990533, 41.95005631, 41.87367406,
        41.80453965, 41.73971005, 41.67771185, 41.61751839, 41.55853452,
        41.50034877, 41.44264812, 41.38510322, 41.32767183, 41.27025851,
        41.21277435, 41.15517726, 41.09745513, 41.0395318 , 40.9814283 ,
        40.92312538, 40.86455948, 40.80574538, 40.74671371, 40.6873777 ,
        40.6277896 , 40.56795076, 40.50784024, 40.44748202, 40.38693682,
        40.32613372, 40.26511417, 40.20388266, 40.14225687, 40.07904092,
        40.0172341 , 39.95558787, 39.89393352, 39.83218805, 39.77037733,
        39.70845037, 39.64645045, 39.58433927, 39.52211425, 39.45973458,
        39.39722301, 39.33452169, 39.27168144, 39.2087134 , 39.1456324 ,
        39.08244897, 39.01923912, 38.9559137 , 38.89249143, 38.82891243,
        38.76479114, 38.70113836, 38.63764269, 38.57418968, 38.51078792,
        38.44747994, 38.38425613, 38.32115744, 38.25825941, 38.19556659,
        38.13306422, 38.07046617, 38.00893805, 37.94822549, 37.88858538,
        37.83001943, 37.77281835, 37.71746584, 37.66461676, 37.6159807 ,
        37.5739901 , 37.54296865, 37.53255613, 37.56815659, 37.7716589 ,
        37.30277144, 36.95481392, 36.7757167 , 36.64289795, 36.53067661,
        36.42980735, 36.33589271, 36.24694738, 36.16134979, 36.0782463 ,
        35.9970741 , 35.91722092, 35.83814813, 35.75978978, 35.68198677,
        35.60465265, 35.52770156, 35.4510888 , 35.37471549, 35.2984936 ,
        35.22238365, 35.14631022, 35.07024245, 34.99418557, 34.91811006,
        34.84214028, 34.76633615, 34.69071634, 34.61537208, 34.54041076,
        34.46580605, 34.39168852, 34.31810517, 34.24507363, 34.17265319,
        34.10087202, 34.02977186, 33.95983402, 33.89079   , 33.82141733,
        33.75149972, 33.68162071, 33.61184703, 33.54219179, 33.47261303,
        33.40309523, 33.33356727, 33.26416382, 33.19477634, 33.12533847,
        33.05587517, 32.98641657, 32.91681548, 32.84712135, 32.77729027,
        32.70729481, 32.63720002, 32.56703382, 32.49659102, 32.42595426,
        32.3551683 , 32.28427691, 32.21324624, 32.14210452, 32.07078834,
        31.99935202, 31.92781034, 31.85615967, 31.78438493, 31.71257827,
        31.64080552, 31.56914847, 31.49771747, 31.42659122, 31.35577408,
        31.28536667, 31.21545984, 31.14605926, 31.07723692, 31.00910396,
        30.94160026, 30.87485509, 30.80894542, 30.74404034, 30.67974756,
        30.61625745, 30.5540216 , 30.49297771, 30.43324648, 30.37494392,
        30.3182898 , 30.263548  , 30.210927  , 30.16076471, 30.11349027,
        30.06956768, 30.0296541 , 29.99463222, 29.96489283, 29.9413335 ,
        29.92548231, 29.91965347, 29.92738267, 29.95439661, 30.01105066,
        30.11907059, 30.33683254, 30.94406295]]), 'max_oct': np.float64(417.81934238385)}"
7,15,7,15,47.4,1,1,47.4,"{'P_opt': np.float64(-10.38), 'gsnr': array([[35.38799664, 35.36113495, 35.3469566 , 35.3366511 , 35.32823933,
        35.32094636, 35.31439145, 35.30835889, 35.30270829, 35.29735107,
        35.29222242, 35.28727375, 35.28245482, 35.27774785, 35.27313384,
        35.26859234, 35.26411025, 35.25967768, 35.25528042, 35.2509144 ,
        35.24657421, 35.24225258, 35.23794254, 35.23364297, 35.22934253,
        35.22503018, 35.22068195, 35.21598158, 35.21160419, 35.20724271,
        35.20286631, 35.19846602, 35.19404011, 35.18958772, 35.18510435,
        35.18059743, 35.17606793, 35.17151768, 35.16695311, 35.16237944,
        35.15779839, 35.15321689, 35.14862991, 35.14403767, 35.13943931,
        35.13483186, 35.13019788, 35.1253347 , 35.12068413, 35.11604452,
        35.11140257, 35.10675871, 35.10210175, 35.09743078, 35.09274679,
        35.08804537, 35.0833248 , 35.07858802, 35.07382962, 35.06905188,
        35.06425278, 35.0594284 , 35.05457864, 35.04970775, 35.04481468,
        35.03990443, 35.03497952, 35.03004119, 35.02507344, 35.01976116,
        35.01486939, 35.01008599, 35.00543455, 35.00099461, 34.99689565,
        34.99339272, 34.99094484, 34.99051501, 34.99466755, 35.01516339,
        35.40267715, 35.3626448 , 35.34134744, 35.32531742, 35.31163008,
        35.29919361, 35.2874876 , 35.27624968, 35.26529579, 35.25451836,
        35.24384203, 35.23320904, 35.22255762, 35.21187816, 35.20115051,
        35.19035644, 35.17948578, 35.16853354, 35.15748371, 35.14633753,
        35.1350889 , 35.12372408, 35.11224259, 35.10064733, 35.08891871,
        35.07706172, 35.06506685, 35.05289111, 35.04012101, 35.02771358,
        35.01523085, 35.00264398, 34.98995127, 34.97714825, 34.96422635,
        34.95120096, 34.93806318, 34.9248151 , 34.9114464 , 34.89796469,
        34.88435882, 34.87063839, 34.85679401, 34.84282521, 34.82872171,
        34.81448748, 34.80010669, 34.78558681, 34.77091052, 34.75591663,
        34.74098785, 34.72597352, 34.71083506, 34.69557712, 34.68020123,
        34.66470391, 34.64908798, 34.63337238, 34.6175431 , 34.6015867 ,
        34.58532949, 34.56921445, 34.5530629 , 34.53687617, 34.52065821,
        34.50443051, 34.48821271, 34.47195096, 34.4559022 , 34.44008188,
        34.42445859, 34.40924964, 34.39457952, 34.38065869, 34.3680561 ,
        34.3575513 , 34.35051725, 34.35022211, 34.36476296, 34.43188951,
        33.21989631, 33.13053463, 33.08375081, 33.04890573, 33.0194014 ,
        32.99276867, 32.96787526, 32.94413143, 32.92115671, 32.89870732,
        32.8766034 , 32.85471155, 32.83288466, 32.81110706, 32.7893373 ,
        32.76754616, 32.74570424, 32.72379223, 32.70178193, 32.67965052,
        32.65738292, 32.63495653, 32.61236322, 32.58960555, 32.56668744,
        32.54372598, 32.52057831, 32.49726815, 32.47372845, 32.4500881 ,
        32.42636097, 32.40259939, 32.37882476, 32.3550451 , 32.33127885,
        32.30752775, 32.28377461, 32.26001125, 32.23623098, 32.21242435,
        32.18855539, 32.16463684, 32.14065096, 32.11658928, 32.09243094,
        32.06816899, 32.0437759 , 32.01929903, 31.99469933, 31.9699562 ,
        31.94507829, 31.92007573, 31.89489457, 31.86955622, 31.84404197,
        31.81834094, 31.79247478, 31.76645376, 31.74020184, 31.71375433,
        31.6871224 , 31.66032054, 31.63333676, 31.60618424, 31.57883755,
        31.551318  , 31.52362923, 31.49577072, 31.46773724, 31.43956694,
        31.41128598, 31.38292861, 31.35454394, 31.3261691 , 31.2978107 ,
        31.26951576, 31.24132512, 31.21324584, 31.18531268, 31.15758079,
        31.13003063, 31.10272977, 31.07571961, 31.04909272, 31.02265356,
        30.99648817, 30.97083814, 30.94567811, 30.92107258, 30.89708442,
        30.87382689, 30.8514365 , 30.83002654, 30.80977639, 30.79090856,
        30.77366647, 30.75838135, 30.74552111, 30.7353588 , 30.72843557,
        30.72558931, 30.72807446, 30.73789664, 30.75902643, 30.79420687,
        30.85516134, 30.97007203, 31.2660753 ]]), 'osnr': array([[35.72463092, 35.72285891, 35.72109128, 35.71932549, 35.71756095,
        35.71579746, 35.71403489, 35.71227319, 35.71051232, 35.70875224,
        35.70699293, 35.70523439, 35.7034766 , 35.70171955, 35.69996324,
        35.69820766, 35.6964528 , 35.69469866, 35.69294524, 35.69119253,
        35.68944054, 35.68768925, 35.68593868, 35.68418881, 35.68243964,
        35.68069117, 35.6789434 , 35.67719621, 35.67544983, 35.67370415,
        35.67195916, 35.67021487, 35.66847127, 35.66672836, 35.66498613,
        35.66324459, 35.66150375, 35.65976359, 35.65802412, 35.65628535,
        35.65454726, 35.65280987, 35.65107317, 35.64933716, 35.64760184,
        35.64586721, 35.64413326, 35.64239993, 35.64066735, 35.63893546,
        35.63720427, 35.63547376, 35.63374393, 35.63201478, 35.63028632,
        35.62855854, 35.62683143, 35.62510501, 35.62337926, 35.62165419,
        35.61992979, 35.61820607, 35.61648302, 35.61476065, 35.61303895,
        35.61131792, 35.60959757, 35.60787789, 35.60615888, 35.60444044,
        35.60272281, 35.60100589, 35.59928969, 35.59757423, 35.59585955,
        35.59414574, 35.59243294, 35.59072145, 35.58901208, 35.58730855,
        36.0770487 , 36.07533176, 36.07362087, 36.07191216, 36.07020479,
        36.06849845, 36.06679298, 36.06508831, 36.06338437, 36.06168115,
        36.05997862, 36.05827676, 36.05657555, 36.05487499, 36.05317506,
        36.05147578, 36.04977712, 36.04807909, 36.04638169, 36.0446849 ,
        36.04298874, 36.0412932 , 36.03959827, 36.03790395, 36.03621024,
        36.03451714, 36.03282464, 36.03113273, 36.02944128, 36.02775059,
        36.02606052, 36.02437106, 36.02268221, 36.02099397, 36.01930633,
        36.01761929, 36.01593286, 36.01424704, 36.01256181, 36.01087719,
        36.00919316, 36.00750973, 36.00582689, 36.00414465, 36.00246299,
        36.00078193, 35.99910145, 35.99742155, 35.99574223, 35.99406344,
        35.99238529, 35.99070774, 35.98903078, 35.9873544 , 35.98567861,
        35.9840034 , 35.98232878, 35.98065474, 35.97898128, 35.9773084 ,
        35.97563604, 35.97396434, 35.97229325, 35.97062277, 35.96895289,
        35.96728362, 35.96561497, 35.96394693, 35.96227957, 35.96061291,
        35.95894694, 35.95728173, 35.95561733, 35.95395382, 35.95229141,
        35.95063039, 35.94897126, 35.94731524, 35.94566529, 35.94403502,
        34.43407341, 34.43238034, 34.43070803, 34.42904202, 34.42737917,
        34.42571828, 34.42405881, 34.42240048, 34.4207431 , 34.41908655,
        34.41743074, 34.41577561, 34.41412107, 34.41246713, 34.41081376,
        34.40916093, 34.40750865, 34.40585688, 34.40420563, 34.40255487,
        34.40090459, 34.39925479, 34.39760544, 34.39595656, 34.39430814,
        34.39266025, 34.3910128 , 34.38936581, 34.38771923, 34.38607313,
        34.38442753, 34.38278245, 34.3811379 , 34.37949388, 34.37785041,
        34.37620748, 34.37456508, 34.37292322, 34.37128187, 34.36964105,
        34.36800071, 34.36636088, 34.36472153, 34.36308266, 34.36144427,
        34.35980633, 34.35816883, 34.35653179, 34.35489521, 34.35325904,
        34.35162331, 34.34998801, 34.34835311, 34.34671861, 34.3450845 ,
        34.34345078, 34.34181745, 34.34018452, 34.33855193, 34.3369197 ,
        34.33528784, 34.33365636, 34.33202523, 34.33039447, 34.32876406,
        34.32713401, 34.32550432, 34.32387497, 34.32224598, 34.32061735,
        34.31898911, 34.31736127, 34.31573388, 34.31410695, 34.31248049,
        34.31085453, 34.30922911, 34.30760423, 34.30597992, 34.30435621,
        34.30273311, 34.30111065, 34.29948887, 34.29786786, 34.2962466 ,
        34.29462688, 34.29300803, 34.29139004, 34.28977298, 34.28815689,
        34.28654187, 34.28492805, 34.28331554, 34.28170448, 34.28009509,
        34.27848757, 34.27688222, 34.27527945, 34.27367951, 34.27208286,
        34.27049025, 34.26890272, 34.26732196, 34.26575126, 34.26419277,
        34.26265584, 34.26116217, 34.25980471]]), 'snr_nli': array([[46.66148637, 46.33481191, 46.1802445 , 46.07613264, 45.99620389,
        45.93038581, 45.87379716, 45.82370165, 45.77834285, 45.73661587,
        45.69772168, 45.66106738, 45.62606267, 45.59248369, 45.56010063,
        45.52867491, 45.49805172, 45.46811379, 45.43870194, 45.40976581,
        45.38124235, 45.35305087, 45.32511567, 45.29742179, 45.26985177,
        45.24229342, 45.21450794, 45.18336057, 45.15557134, 45.1280717 ,
        45.10055668, 45.07294008, 45.04520751, 45.01735314, 44.98933658,
        44.96123179, 44.93305018, 44.90481072, 44.8765754 , 44.84839313,
        44.82027986, 44.79229886, 44.76440261, 44.73659257, 44.70886009,
        44.681178  , 44.65338977, 44.62369239, 44.59603176, 44.56859906,
        44.54127458, 44.514061  , 44.48686029, 44.45966482, 44.43248373,
        44.40527967, 44.37803904, 44.35078775, 44.32348121, 44.29613989,
        44.26874809, 44.24127472, 44.21372094, 44.18612342, 44.1584749 ,
        44.13081727, 44.10317166, 44.07554851, 44.04782027, 44.01748764,
        43.99063373, 43.96475329, 43.94001704, 43.91702932, 43.8967728 ,
        43.88119073, 43.87379115, 43.88199918, 43.92591163, 44.10087666,
        43.82435134, 43.56297133, 43.43345112, 43.34026221, 43.26325756,
        43.1950279 , 43.13208158, 43.072662  , 43.01556303, 42.96008266,
        42.90573637, 42.85216097, 42.79898438, 42.74614443, 42.69352222,
        42.64101386, 42.58856373, 42.53614661, 42.4836786 , 42.43117136,
        42.37859715, 42.32588926, 42.2730525 , 42.22010892, 42.16696509,
        42.11365537, 42.06014041, 42.00621642, 41.94986894, 41.89582388,
        41.84191037, 41.78799068, 41.73406035, 41.68010223, 41.62608077,
        41.5720718 , 41.51803784, 41.46399226, 41.4098926 , 41.35577733,
        41.30160127, 41.24741091, 41.19316953, 41.1388796 , 41.08450221,
        41.03005948, 40.97549072, 40.92083309, 40.86602161, 40.81041385,
        40.75556313, 40.70085561, 40.64613904, 40.59143468, 40.53675085,
        40.48207662, 40.4274251 , 40.37286945, 40.31835778, 40.26384203,
        40.20869107, 40.15452665, 40.10068488, 40.04716453, 39.99397374,
        39.94118156, 39.8888483 , 39.83677957, 39.78584729, 39.73607853,
        39.68734258, 39.64034216, 39.59545316, 39.55332541, 39.51576732,
        39.48523896, 39.46610004, 39.46886512, 39.52005517, 39.74795394,
        39.34787292, 38.99745748, 38.82414191, 38.69933794, 38.59627267,
        38.50509523, 38.42132396, 38.34262863, 38.26752469, 38.19506611,
        38.12456644, 38.05552451, 37.98741613, 37.92016538, 37.85361674,
        37.78765973, 37.72218772, 37.65712968, 37.59238978, 37.52789227,
        37.46358762, 37.39940565, 37.33532162, 37.27134306, 37.20748117,
        37.14407289, 37.08070015, 37.01743155, 36.95407859, 36.89100407,
        36.82824093, 36.7659259 , 36.70410713, 36.64279521, 36.58202803,
        36.52179814, 36.46204883, 36.40274859, 36.34387081, 36.28538255,
        36.22718482, 36.16930408, 36.11168987, 36.05431628, 35.99712763,
        35.94010385, 35.88317561, 35.82645547, 35.76984663, 35.71329876,
        35.65683163, 35.60046794, 35.54408122, 35.48772194, 35.4313474 ,
        35.37493391, 35.31853164, 35.26216387, 35.20566161, 35.14910598,
        35.09252299, 35.03594518, 34.97934696, 34.92275735, 34.86612237,
        34.80948833, 34.75286316, 34.69624585, 34.6396256 , 34.58308132,
        34.52666527, 34.4704448 , 34.4145156 , 34.35894691, 34.30374521,
        34.24899716, 34.19477509, 34.14108348, 34.08798075, 34.03556362,
        33.98378277, 33.93275709, 33.88255318, 33.83333357, 33.78471439,
        33.73684651, 33.6901711 , 33.64462356, 33.60030749, 33.55732204,
        33.51585779, 33.4761453 , 33.43837007, 33.40283602, 33.3699223 ,
        33.34004288, 33.31376769, 33.29191005, 33.27493239, 33.26378154,
        33.25994164, 33.2656567 , 33.28455114, 33.32386967, 33.38885353,
        33.50156869, 33.71663887, 34.29300927]]), 'max_oct': np.float64(450.54820866528564)}"
7,16,7,16,28.8,1,1,28.8,"{'P_opt': np.float64(-6.760000000000001), 'gsnr': array([[38.54699328, 38.47845531, 38.44389284, 38.41963981, 38.4004122 ,
        38.38415213, 38.3698487 , 38.35692952, 38.3450294 , 38.33391319,
        38.32341192, 38.31340018, 38.3037638 , 38.29444498, 38.28539166,
        38.27655268, 38.26789085, 38.25937405, 38.25096093, 38.24261129,
        38.23419593, 38.22402246, 38.21574591, 38.20769557, 38.19974044,
        38.19184197, 38.18398428, 38.17615196, 38.1683265 , 38.16050527,
        38.15267171, 38.14481561, 38.13693334, 38.12902023, 38.12106286,
        38.11305513, 38.1049253 , 38.09561958, 38.08746865, 38.07942642,
        38.07142288, 38.06345155, 38.05549892, 38.04756245, 38.03964065,
        38.03173202, 38.02383171, 38.01593672, 38.00804133, 38.00014172,
        37.99223731, 37.98432821, 37.97638994, 37.96839489, 37.96022442,
        37.95015857, 37.94197007, 37.93395528, 37.92598809, 37.91804707,
        37.91012157, 37.90220444, 37.89429736, 37.8864103 , 37.87854832,
        37.87072783, 37.86296581, 37.8552857 , 37.84772072, 37.84033454,
        37.83316497, 37.82629963, 37.81987541, 37.81411358, 37.80936159,
        37.80625215, 37.80593672, 37.81083911, 37.82743825, 37.88568214,
        38.1678114 , 38.07706342, 38.03258405, 38.00109969, 37.97542629,
        37.95285603, 37.93195125, 37.90965851, 37.89088864, 37.8729471 ,
        37.85547833, 37.83831075, 37.82130968, 37.80442563, 37.78760808,
        37.77081496, 37.75401939, 37.7372042 , 37.72034113, 37.70342526,
        37.68644394, 37.66937618, 37.65221885, 37.63497391, 37.61761738,
        37.60015777, 37.58259286, 37.5649151 , 37.54712717, 37.52924132,
        37.51123815, 37.49312801, 37.47491849, 37.45660602, 37.43817771,
        37.41964007, 37.40092263, 37.381217  , 37.36233494, 37.34345317,
        37.32449632, 37.30546183, 37.28633426, 37.26711076, 37.24777898,
        37.22834299, 37.20878578, 37.18911853, 37.16933679, 37.14943   ,
        37.12933586, 37.10821349, 37.08798778, 37.06778207, 37.04753149,
        37.0272194 , 37.00684569, 36.98642714, 36.96592458, 36.9449643 ,
        36.92444615, 36.90397182, 36.88351396, 36.86290074, 36.8426075 ,
        36.82246246, 36.80247723, 36.78243734, 36.76304287, 36.74416492,
        36.72583389, 36.70789151, 36.69143823, 36.67656726, 36.66379263,
        36.65487563, 36.65194847, 36.66017636, 36.69348651, 36.8156037 ,
        35.83356913, 35.68600569, 35.61375063, 35.56255099, 35.52083059,
        35.4842746 , 35.45093419, 35.41972496, 35.38997925, 35.361311  ,
        35.33343222, 35.30612829, 35.27916381, 35.25247179, 35.22597519,
        35.19961797, 35.17335899, 35.14716678, 35.12100197, 35.09483065,
        35.06862733, 35.04236035, 35.01601515, 34.98894503, 34.96215173,
        34.93525866, 34.90831721, 34.88134819, 34.85438872, 34.82747949,
        34.80061838, 34.77385216, 34.74720075, 34.72067075, 34.69427872,
        34.66802483, 34.64189021, 34.61586439, 34.58993823, 34.56409942,
        34.53831148, 34.51258393, 34.4868984 , 34.46124516, 34.43560346,
        34.40996537, 34.38430626, 34.35866923, 34.33301848, 34.30733525,
        34.28162816, 34.25590508, 34.23011758, 34.2042852 , 34.17839141,
        34.15242695, 34.12641215, 34.10035529, 34.0741912 , 34.0479531 ,
        34.0216529 , 33.99530403, 33.968899  , 33.942451  , 33.91594047,
        33.88938741, 33.86279714, 33.83617143, 33.80951007, 33.78285022,
        33.75621958, 33.72965341, 33.70320037, 33.67689809, 33.65075865,
        33.62482715, 33.59914235, 33.57371525, 33.54858026, 33.52378798,
        33.49933056, 33.4752716 , 33.45165641, 33.4286015 , 33.40586325,
        33.38352269, 33.36187943, 33.34089335, 33.32062934, 33.30115752,
        33.28259366, 33.26507685, 33.24873483, 33.2337561 , 33.22037342,
        33.20884952, 33.19953496, 33.19291174, 33.18935468, 33.18949843,
        33.19428753, 33.20510714, 33.22404788, 33.25447035, 33.30237188,
        33.3801231 , 33.52028604, 33.87450212]]), 'osnr': array([[39.3971982 , 39.39542406, 39.39365536, 39.39188883, 39.39012372,
        39.38835974, 39.38659675, 39.38483468, 39.38307346, 39.38131306,
        39.37955346, 39.37779464, 39.37603658, 39.37427928, 39.37252272,
        39.3707669 , 39.36901182, 39.36725746, 39.36550382, 39.3637509 ,
        39.36199867, 39.36024688, 39.35849608, 39.35674601, 39.35499666,
        39.35324802, 39.35150009, 39.34975286, 39.34800633, 39.3462605 ,
        39.34451537, 39.34277093, 39.34102719, 39.33928413, 39.33754177,
        39.3358001 , 39.3340591 , 39.33231861, 39.330579  , 39.3288401 ,
        39.32710189, 39.32536438, 39.32362757, 39.32189145, 39.32015603,
        39.31842129, 39.31668725, 39.3149539 , 39.31322123, 39.31148925,
        39.30975796, 39.30802736, 39.30629744, 39.30456819, 39.3028396 ,
        39.30111139, 39.29938417, 39.29765765, 39.29593183, 39.29420669,
        39.29248224, 39.29075847, 39.28903538, 39.28731298, 39.28559126,
        39.28387023, 39.28214988, 39.28043022, 39.27871127, 39.27699301,
        39.27527548, 39.27355866, 39.2718426 , 39.27012732, 39.26841288,
        39.2666994 , 39.26498704, 39.26327623, 39.26156803, 39.25986729,
        39.74960808, 39.7478885 , 39.74617662, 39.74446739, 39.74275973,
        39.7410532 , 39.73934759, 39.73764241, 39.73593845, 39.73423528,
        39.73253284, 39.7308311 , 39.72913004, 39.72742966, 39.72572993,
        39.72403087, 39.72233245, 39.72063469, 39.71893756, 39.71724108,
        39.71554523, 39.71385002, 39.71215544, 39.71046149, 39.70876817,
        39.70707548, 39.70538342, 39.70369198, 39.70200116, 39.70031097,
        39.6986214 , 39.69693245, 39.69524413, 39.69355642, 39.69186934,
        39.69018287, 39.68849701, 39.68681161, 39.68512699, 39.68344301,
        39.68175965, 39.68007691, 39.67839478, 39.67671327, 39.67503237,
        39.67335209, 39.67167241, 39.66999334, 39.66831488, 39.66663702,
        39.66495975, 39.66328291, 39.66160687, 39.65993146, 39.65825666,
        39.65658248, 39.6549089 , 39.65323594, 39.65156359, 39.64989176,
        39.64822065, 39.64655016, 39.6448803 , 39.64321102, 39.64154243,
        39.63987448, 39.63820719, 39.6365405 , 39.63487457, 39.63320936,
        39.63154489, 39.62988112, 39.62821829, 39.62655641, 39.62489562,
        39.62323628, 39.62157886, 39.61992448, 39.61827612, 39.61664701,
        38.10669765, 38.10500807, 38.10333862, 38.10167533, 38.10001515,
        38.09835695, 38.09670021, 38.09504463, 38.09339003, 38.09173631,
        38.09008339, 38.08843121, 38.0867797 , 38.08512885, 38.08347862,
        38.08182901, 38.08018001, 38.07853159, 38.07688376, 38.07523649,
        38.07358979, 38.07194363, 38.07029802, 38.06865274, 38.06700812,
        38.06536402, 38.06372048, 38.06207748, 38.06043505, 38.0587932 ,
        38.05715192, 38.05551123, 38.05387114, 38.05223165, 38.05059276,
        38.04895447, 38.04731679, 38.0456797 , 38.0440432 , 38.04240728,
        38.04077194, 38.03913718, 38.03750298, 38.03586935, 38.03423628,
        38.03260377, 38.03097179, 38.02934038, 38.02770951, 38.02607918,
        38.02444939, 38.02282014, 38.02119141, 38.01956321, 38.01793554,
        38.01630838, 38.01468174, 38.01305563, 38.01143001, 38.00980491,
        38.00818032, 38.00655625, 38.00493269, 38.00330964, 38.00168711,
        38.00006509, 37.99844359, 37.9968226 , 37.99520213, 37.99358219,
        37.99196278, 37.99034394, 37.98872566, 37.98710798, 37.98549089,
        37.98387442, 37.98225858, 37.98064338, 37.97902884, 37.97741498,
        37.97580179, 37.97418932, 37.97257758, 37.97096662, 37.96935549,
        37.96774593, 37.96613722, 37.96452936, 37.96292238, 37.96131631,
        37.95971122, 37.95810716, 37.95650422, 37.95490248, 37.95330206,
        37.95170309, 37.95010575, 37.94851028, 37.94691686, 37.94532579,
        37.94373753, 37.94215274, 37.94057238, 37.938998  , 37.93743228,
        37.93588064, 37.93435689, 37.93292157]]), 'snr_nli': array([[46.04776985, 45.68317344, 45.51181603, 45.39676707, 45.30863119,
        45.23619327, 45.17401872, 45.11906246, 45.06940361, 45.02381099,
        44.98140825, 44.94155039, 44.90366506, 44.86745268, 44.83264836,
        44.79899836, 44.76631779, 44.7344488 , 44.70319632, 44.67237458,
        44.64141272, 44.60295761, 44.57292966, 44.54401311, 44.51563158,
        44.48761384, 44.45988781, 44.43238491, 44.4050246 , 44.37779442,
        44.35062397, 44.32347041, 44.29631897, 44.2691507 , 44.24191131,
        44.21457716, 44.18685888, 44.15450844, 44.12695424, 44.09994741,
        44.07320236, 44.04669036, 44.0203554 , 43.99418557, 43.9681732 ,
        43.94231085, 43.91657812, 43.89096202, 43.86543941, 43.83999473,
        43.81462514, 43.78933039, 43.76401705, 43.73858135, 43.71257887,
        43.67958042, 43.65373321, 43.62862625, 43.60378497, 43.57912758,
        43.55461321, 43.53021425, 43.50593575, 43.48181268, 43.45786187,
        43.43414059, 43.41070754, 43.38764347, 43.36506305, 43.34318742,
        43.32214355, 43.30223272, 43.28392653, 43.26798858, 43.25561971,
        43.24901608, 43.25219727, 43.27370674, 43.33674716, 43.55206305,
        43.32106753, 43.03425874, 42.90001208, 42.8076161 , 42.73382555,
        42.67000835, 42.61166276, 42.54975816, 42.49856435, 42.45011108,
        42.40332909, 42.35770012, 42.31282375, 42.26854814, 42.22472246,
        42.18122298, 42.13797068, 42.09491494, 42.05197621, 42.00913983,
        41.96637068, 41.92361229, 41.88085675, 41.83810975, 41.79530896,
        41.75247801, 41.70961221, 41.66669327, 41.62372948, 41.58075327,
        41.53771633, 41.49464618, 41.45156283, 41.4084581 , 41.36530094,
        41.32210872, 41.27871034, 41.23314715, 41.18982992, 41.14674497,
        41.1037089 , 41.06071522, 41.0177271 , 40.97473813, 40.93171979,
        40.88868237, 40.84558716, 40.80246108, 40.75929478, 40.71606514,
        40.67263262, 40.62710998, 40.58383598, 40.54082483, 40.49792912,
        40.45511057, 40.41236799, 40.36973695, 40.32713105, 40.28374392,
        40.24151873, 40.19958769, 40.15788844, 40.11605436, 40.07508795,
        40.03461708, 39.99465918, 39.95476207, 39.91637175, 39.87920332,
        39.84330386, 39.80833487, 39.77652414, 39.74802737, 39.72385325,
        39.70752385, 39.70330245, 39.7216235 , 39.79101434, 40.04575562,
        39.73227545, 39.38099087, 39.2158102 , 39.10143718, 39.00980648,
        38.93060244, 38.85919299, 38.79301871, 38.73051453, 38.67077172,
        38.61311921, 38.55706117, 38.5020721 , 38.44799195, 38.39464412,
        38.34189974, 38.28966377, 38.23786316, 38.18641063, 38.13523191,
        38.08427135, 38.03346223, 37.98277317, 37.93092906, 37.87991018,
        37.82896967, 37.77820562, 37.72765515, 37.67738584, 37.62747058,
        37.57789964, 37.52875575, 37.48006956, 37.43184631, 37.38410972,
        37.33685284, 37.29003383, 37.24362715, 37.19761017, 37.15195504,
        37.10659072, 37.06153023, 37.01673646, 36.97218836, 36.92784568,
        36.8836916 , 36.83968011, 36.79588477, 36.75224013, 36.70871152,
        36.6653122 , 36.6220539 , 36.57885155, 36.53573764, 36.49268269,
        36.44967004, 36.40673331, 36.36388528, 36.32101533, 36.27817897,
        36.23539533, 36.19268583, 36.15003693, 36.10746941, 36.06494998,
        36.0225105 , 35.98015844, 35.93789543, 35.89571987, 35.85369035,
        35.8118495 , 35.77025143, 35.72897088, 35.68806411, 35.64754618,
        35.60748415, 35.56793429, 35.52890868, 35.49045595, 35.45264947,
        35.41547102, 35.37901344, 35.34334039, 35.30862474, 35.27448452,
        35.24103836, 35.20873959, 35.17751836, 35.14746578, 35.11868038,
        35.09132946, 35.06561477, 35.04171997, 35.01991989, 35.00055526,
        34.98401134, 34.97080534, 34.96165244, 34.95710858, 34.9581241 ,
        34.96612242, 34.98320453, 35.01256493, 35.05938298, 35.13299538,
        35.25290875, 35.47142316, 36.04109765]]), 'max_oct': np.float64(484.9059511376747)}"
7,36,7,36,30.3,1,1,30.3,"{'P_opt': np.float64(-7.0600000000000005), 'gsnr': array([[38.31382812, 38.25102163, 38.21924074, 38.19688177, 38.17911738,
        38.1640664 , 38.15080462, 38.13880874, 38.12774423, 38.11739607,
        38.10760953, 38.09826955, 38.08926978, 38.08055852, 38.07208827,
        38.06381198, 38.05569583, 38.04771089, 38.03981944, 38.03198684,
        38.02410255, 38.01471812, 38.0069556 , 37.999387  , 37.99189928,
        37.98445873, 37.97705172, 37.96966434, 37.96227926, 37.95489497,
        37.9474957 , 37.94007241, 37.93262275, 37.92514397, 37.91762662,
        37.91007569, 37.9024786 , 37.89477502, 37.88606746, 37.87835555,
        37.87073746, 37.86316081, 37.85560466, 37.84806437, 37.84053772,
        37.83302318, 37.82551595, 37.81801352, 37.81051087, 37.80300534,
        37.79549821, 37.78799328, 37.78047408, 37.77293584, 37.76537205,
        37.75775398, 37.74997602, 37.74056035, 37.73276387, 37.72511353,
        37.71750501, 37.70991259, 37.70233114, 37.69476717, 37.68722338,
        37.67971403, 37.67225395, 37.66486407, 37.65757428, 37.65044432,
        37.64350625, 37.63683994, 37.63057081, 37.62490273, 37.62015498,
        37.61691321, 37.61624111, 37.62037639, 37.6352971 , 37.6886081 ,
        37.98327728, 37.89876971, 37.8570706 , 37.82740862, 37.80314304,
        37.7817958 , 37.76218338, 37.74366536, 37.72569574, 37.70599498,
        37.68893906, 37.67233463, 37.65591726, 37.63961614, 37.62337502,
        37.60715057, 37.59091595, 37.57465446, 37.55833838, 37.54196344,
        37.52551748, 37.50898002, 37.49234831, 37.4756247 , 37.45878544,
        37.44183939, 37.4247845 , 37.40761342, 37.39032896, 37.37294372,
        37.35543835, 37.33782376, 37.32010814, 37.30228928, 37.28435716,
        37.26632746, 37.24817902, 37.22986154, 37.21066234, 37.19216766,
        37.17364576, 37.15505347, 37.13636845, 37.11758605, 37.09869314,
        37.07969394, 37.06057162, 37.04133878, 37.02199391, 37.00253615,
        36.98295768, 36.96321928, 36.94255402, 36.92265919, 36.90277244,
        36.8828316 , 36.86283012, 36.84278695, 36.82268699, 36.80251593,
        36.78195671, 36.7617771 , 36.74164855, 36.7215622 , 36.70135843,
        36.68146634, 36.66173537, 36.64196622, 36.62278641, 36.60409423,
        36.5859177 , 36.56812889, 36.55173127, 36.53685149, 36.52413475,
        36.51474123, 36.51125413, 36.51859157, 36.54967211, 36.66602641,
        35.65803298, 35.5167727 , 35.44718944, 35.39765669, 35.35714693,
        35.32155101, 35.28900889, 35.25849512, 35.22937912, 35.20125566,
        35.17388519, 35.14705221, 35.1205287 , 35.09425384, 35.06815378,
        35.04217531, 35.01627959, 34.99043725, 34.9646107 , 34.93876848,
        34.91289009, 34.88696792, 34.86055032, 34.83420558, 34.80768804,
        34.78108217, 34.75442201, 34.72772581, 34.70103002, 34.6743752 ,
        34.64775884, 34.62122789, 34.5948023 , 34.56848864, 34.54230367,
        34.51624772, 34.4903019 , 34.46445589, 34.43870068, 34.4130242 ,
        34.3873897 , 34.36180713, 34.33625804, 34.31073279, 34.28521053,
        34.25968345, 34.23412649, 34.20858351, 34.18301817, 34.15741155,
        34.13177239, 34.10610878, 34.08037151, 34.05458061, 34.02871914,
        34.00277771, 33.97677688, 33.9507251 , 33.92455594, 33.89830322,
        33.87197867, 33.84559583, 33.81914685, 33.79264503, 33.76607018,
        33.73944252, 33.71276716, 33.68604568, 33.65927741, 33.63249977,
        33.60574039, 33.5790345 , 33.55243107, 33.52596778, 33.49965621,
        33.47354179, 33.44766343, 33.42203164, 33.39668084, 33.37166206,
        33.34696617, 33.32265728, 33.29878014, 33.27544856, 33.2524238 ,
        33.22978707, 33.20783172, 33.18651908, 33.16591375, 33.14608476,
        33.12714734, 33.10923996, 33.09248839, 33.07707984, 33.06324542,
        33.05124502, 33.04142628, 33.03426833, 33.03013557, 33.02965226,
        33.03374946, 33.04379346, 33.06184554, 33.09121716, 33.13781618,
        33.21382512, 33.35129251, 33.69912086]]), 'osnr': array([[39.09096166, 39.08918786, 39.08741934, 39.08565292, 39.0838879 ,
        39.082124  , 39.08036108, 39.07859906, 39.07683789, 39.07507754,
        39.07331799, 39.07155921, 39.0698012 , 39.06804394, 39.06628742,
        39.06453164, 39.06277659, 39.06102226, 39.05926866, 39.05751577,
        39.05576357, 39.05401185, 39.05226108, 39.05051104, 39.04876172,
        39.04701311, 39.04526521, 39.04351801, 39.0417715 , 39.0400257 ,
        39.0382806 , 39.03653619, 39.03479247, 39.03304944, 39.03130711,
        39.02956546, 39.0278245 , 39.02608422, 39.02434448, 39.02260558,
        39.0208674 , 39.01912991, 39.01739312, 39.01565702, 39.01392161,
        39.0121869 , 39.01045288, 39.00871955, 39.00698691, 39.00525495,
        39.00352368, 39.0017931 , 39.00006321, 38.99833399, 38.99660546,
        38.9948776 , 38.9931504 , 38.99142361, 38.98969777, 38.98797264,
        38.9862482 , 38.98452444, 38.98280136, 38.98107897, 38.97935726,
        38.97763624, 38.9759159 , 38.97419625, 38.9724773 , 38.97075906,
        38.96904152, 38.9673247 , 38.96560863, 38.96389334, 38.96217889,
        38.96046537, 38.95875297, 38.95704208, 38.95533372, 38.95363259,
        39.44337342, 39.44165427, 39.43994256, 39.43823345, 39.43652586,
        39.43481941, 39.43311389, 39.43140922, 39.42970529, 39.42800171,
        39.42629924, 39.42459751, 39.42289645, 39.42119607, 39.41949635,
        39.41779729, 39.41609888, 39.41440112, 39.41270399, 39.41100751,
        39.40931166, 39.40761645, 39.40592186, 39.40422791, 39.40253458,
        39.40084189, 39.39914981, 39.39745836, 39.39576753, 39.39407733,
        39.39238775, 39.39069879, 39.38901045, 39.38732274, 39.38563564,
        39.38394916, 39.3822633 , 39.38057804, 39.37889325, 39.37720924,
        39.37552585, 39.37384308, 39.37216093, 39.37047939, 39.36879846,
        39.36711815, 39.36543844, 39.36375934, 39.36208084, 39.36040296,
        39.35872567, 39.35704898, 39.35537273, 39.35369726, 39.35202242,
        39.35034819, 39.34867457, 39.34700156, 39.34532916, 39.34365737,
        39.34198612, 39.34031557, 39.33864565, 39.33697636, 39.33530766,
        39.33363965, 39.33197229, 39.33030553, 39.32863953, 39.32697424,
        39.32530969, 39.32364584, 39.32198292, 39.32032095, 39.31866009,
        39.31700059, 39.31534304, 39.31368854, 39.31203994, 39.31041047,
        37.80046044, 37.79877104, 37.79710159, 37.79543824, 37.79377799,
        37.79211969, 37.79046284, 37.78880715, 37.78715243, 37.78549858,
        37.78384553, 37.78219321, 37.78054156, 37.77889056, 37.77724018,
        37.77559042, 37.77394125, 37.77229267, 37.77064467, 37.76899723,
        37.76735035, 37.76570403, 37.76405811, 37.76241278, 37.76076795,
        37.75912366, 37.75747992, 37.75583672, 37.75419408, 37.75255202,
        37.75091052, 37.74926961, 37.7476293 , 37.74598958, 37.74435047,
        37.74271196, 37.74107404, 37.73943671, 37.73779997, 37.73616382,
        37.73452823, 37.73289322, 37.73125877, 37.72962488, 37.72799155,
        37.72635877, 37.72472652, 37.72309484, 37.72146369, 37.71983307,
        37.71820299, 37.71657344, 37.71494441, 37.71331591, 37.71168792,
        37.71006043, 37.70843347, 37.70680702, 37.70518107, 37.70355562,
        37.70193067, 37.70030624, 37.69868231, 37.69705889, 37.69543597,
        37.69381356, 37.69219166, 37.69057026, 37.68894938, 37.68732901,
        37.68570918, 37.68408989, 37.68247117, 37.68085304, 37.67923549,
        37.67761856, 37.67600226, 37.67438659, 37.67277158, 37.67115724,
        37.66954357, 37.66793062, 37.66631839, 37.66470695, 37.66309533,
        37.66148528, 37.65987609, 37.65826774, 37.65666027, 37.65505372,
        37.65344814, 37.65184362, 37.65024021, 37.64863802, 37.64703716,
        37.64543777, 37.64384004, 37.6422442 , 37.64065045, 37.63905909,
        37.63747059, 37.63588563, 37.63430519, 37.63273086, 37.63116539,
        37.62961433, 37.62809182, 37.62665979]]), 'snr_nli': array([[46.16948879, 45.8079083 , 45.63785342, 45.52363509, 45.43611035,
        45.36415582, 45.30238139, 45.24776709, 45.19840471, 45.15307336,
        45.11090281, 45.07125174, 45.03354319, 44.99748599, 44.9628181 ,
        44.92928697, 44.89671024, 44.86493376, 44.83376486, 44.80302974,
        44.7721995 , 44.73446708, 44.70454112, 44.67565745, 44.64727803,
        44.61924082, 44.59147886, 44.5639253 , 44.53649896, 44.50919153,
        44.4819309 , 44.45467628, 44.42741753, 44.40014281, 44.37281097,
        44.34544515, 44.31799112, 44.29018733, 44.25814567, 44.23055998,
        44.20349279, 44.17671353, 44.15012948, 44.12371879, 44.09747013,
        44.07137535, 44.04541266, 44.0195703 , 43.99382615, 43.96816828,
        43.94260125, 43.91713971, 43.89171543, 43.86630887, 43.84089366,
        43.8153543 , 43.78926839, 43.75673562, 43.73080255, 43.70554714,
        43.68054975, 43.65570638, 43.63099536, 43.60644084, 43.58205169,
        43.55788136, 43.53398485, 43.51043964, 43.48735639, 43.46495822,
        43.44335994, 43.42285624, 43.40391074, 43.38727818, 43.37414198,
        43.36668227, 43.36888078, 43.3891963 , 43.4505939 , 43.66263167,
        43.42691967, 43.14190607, 43.00788051, 42.91531512, 42.84123136,
        42.77717596, 42.71915401, 42.66502073, 42.61300113, 42.55608071,
        42.50764312, 42.46089847, 42.41502196, 42.36978675, 42.32501501,
        42.28057154, 42.23637268, 42.19236624, 42.14846964, 42.10466941,
        42.06092997, 42.01719317, 41.97345192, 41.92971367, 41.88591321,
        41.84207688, 41.7982004 , 41.75426519, 41.71028064, 41.66628214,
        41.62221899, 41.57812189, 41.53401376, 41.4898896 , 41.4457242 ,
        41.40155949, 41.35734162, 41.31294326, 41.26655486, 41.2222246 ,
        41.17807664, 41.13400042, 41.08993967, 41.0458831 , 41.00179889,
        40.95769825, 40.91354105, 40.86935913, 40.82514972, 40.78091162,
        40.73662718, 40.692205  , 40.64584858, 40.60155041, 40.55750783,
        40.5135735 , 40.46973097, 40.42602225, 40.38241118, 40.3388642 ,
        40.29466868, 40.25154978, 40.20876087, 40.16627746, 40.1237441 ,
        40.08210046, 40.04100566, 40.00002002, 39.96049515, 39.92219246,
        39.88515547, 39.84909562, 39.81612805, 39.78648526, 39.76149291,
        39.74355119, 39.73804663, 39.75531682, 39.8229198 , 40.07593298,
        39.75408062, 39.40261473, 39.23662153, 39.12127395, 39.02859466,
        38.94830662, 38.87578604, 38.80850023, 38.74490222, 38.68400246,
        38.62521096, 38.56800928, 38.51186714, 38.45663157, 38.40212589,
        38.34822231, 38.29482703, 38.24186865, 38.18926032, 38.13693009,
        38.08483059, 38.03294212, 37.98033479, 37.92818   , 37.87597202,
        37.823882  , 37.77197611, 37.72028756, 37.66888481, 37.61784287,
        37.56715074, 37.5168941 , 37.46710443, 37.41778682, 37.3689659 ,
        37.32063446, 37.27274911, 37.22528351, 37.17821441, 37.13151328,
        37.08510631, 37.03900759, 36.99317859, 36.94759775, 36.90222336,
        36.85703824, 36.81199432, 36.76716854, 36.72249259, 36.67793056,
        36.63349627, 36.58920221, 36.54495956, 36.50080263, 36.45670049,
        36.41263584, 36.36864366, 36.32473738, 36.28080142, 36.23689382,
        36.19303401, 36.14924413, 36.10550978, 36.06185244, 36.01823701,
        35.97469655, 35.93123839, 35.88786389, 35.84457073, 35.80141929,
        35.75845302, 35.71572718, 35.67331858, 35.63128467, 35.58963986,
        35.54845299, 35.50778154, 35.46763684, 35.42806828, 35.38915115,
        35.3508645 , 35.31330356, 35.27653204, 35.24072161, 35.20549007,
        35.17095834, 35.13757838, 35.10528082, 35.07415756, 35.0443068 ,
        35.01589764, 34.98913398, 34.96419923, 34.94137051, 34.92099142,
        34.90344893, 34.88926405, 34.87915926, 34.87368323, 34.873786  ,
        34.88089406, 34.897115  , 34.92565298, 34.97170168, 35.04462459,
        35.16398795, 35.38225741, 35.95252974]]), 'max_oct': np.float64(482.6550573830283)}"
36,11,36,11,79.2,1,1,79.2,"{'P_opt': np.float64(-15.440000000000003), 'gsnr': array([[30.45160579, 30.4390833 , 30.43194917, 30.42644792, 30.42163368,
        30.41741833, 30.41353785, 30.40988565, 30.40639734, 30.40303363,
        30.39976549, 30.39657122, 30.39342765, 30.39032715, 30.38726177,
        30.38422174, 30.38120142, 30.37819647, 30.37520025, 30.37221124,
        30.36922718, 30.36624479, 30.36326094, 30.36027545, 30.35728365,
        30.35428207, 30.35126959, 30.34824336, 30.34519857, 30.34213539,
        30.33904914, 30.33593657, 30.33279544, 30.32961609, 30.3263238 ,
        30.3230967 , 30.31986395, 30.31661737, 30.31335954, 30.31009298,
        30.30681915, 30.3035418 , 30.3002586 , 30.29696985, 30.29367563,
        30.29037575, 30.28706896, 30.28375413, 30.28042934, 30.27709325,
        30.27374575, 30.27038759, 30.26701217, 30.26361179, 30.26013736,
        30.2567031 , 30.25325897, 30.24979897, 30.24631821, 30.24281658,
        30.23929182, 30.23574083, 30.23216256, 30.22855789, 30.22492508,
        30.22126543, 30.21757911, 30.2138669 , 30.21013095, 30.20638087,
        30.20261396, 30.19883867, 30.19507051, 30.19133878, 30.18768915,
        30.18420669, 30.18098101, 30.17859088, 30.17793571, 30.18351061,
        30.61265606, 30.59426369, 30.58315807, 30.57407395, 30.56586367,
        30.55809767, 30.55056912, 30.54317434, 30.53583819, 30.5285166 ,
        30.52117816, 30.51379785, 30.50634734, 30.49882284, 30.4912155 ,
        30.48351615, 30.47571983, 30.46782451, 30.45982097, 30.45170995,
        30.44348799, 30.43514622, 30.42668448, 30.41810415, 30.4093932 ,
        30.40055516, 30.39158775, 30.38248616, 30.3732513 , 30.36388865,
        30.35438867, 30.34475587, 30.33499342, 30.32509859, 30.31506587,
        30.30490345, 30.29460355, 30.28416077, 30.27354022, 30.26262674,
        30.25172703, 30.24072585, 30.22958938, 30.21830898, 30.20687406,
        30.19528428, 30.18352774, 30.17160878, 30.15952729, 30.14728318,
        30.1348753 , 30.1223149 , 30.10958628, 30.09669213, 30.08363293,
        30.07040449, 30.05700644, 30.04345047, 30.02972521, 30.01581604,
        30.00168035, 29.98746132, 29.97311499, 29.95863969, 29.94403541,
        29.92931571, 29.91449885, 29.89960191, 29.88465432, 29.86972506,
        29.85479535, 29.83987104, 29.82525041, 29.81104874, 29.79750616,
        29.7851884 , 29.77505248, 29.76909332, 29.772616  , 29.81000174,
        28.49500348, 28.43168609, 28.39571333, 28.36728252, 28.34210939,
        28.31867461, 28.29622016, 28.27436568, 28.25286905, 28.23155558,
        28.21031168, 28.18905201, 28.16763676, 28.14604937, 28.12428369,
        28.10230664, 28.0801003 , 28.05764297, 28.03492349, 28.01192711,
        27.98863629, 27.96502268, 27.94106862, 27.91677094, 27.89211555,
        27.86713795, 27.84185732, 27.81627652, 27.79042413, 27.76433523,
        27.73800475, 27.7114709 , 27.68475182, 27.65785552, 27.63079984,
        27.60358385, 27.5761817 , 27.5485815 , 27.52077694, 27.49275647,
        27.46448231, 27.43596842, 27.40719956, 27.3781679 , 27.34885807,
        27.31927867, 27.28945331, 27.2597032 , 27.22989056, 27.19934475,
        27.16800758, 27.13617284, 27.10383396, 27.07102825, 27.03774526,
        27.0039743 , 26.96974576, 26.93507239, 26.89985277, 26.86411591,
        26.82788318, 26.7911744 , 26.75396712, 26.71626912, 26.67804442,
        26.63931607, 26.60008979, 26.56035933, 26.52011108, 26.47938858,
        26.43822498, 26.39666255, 26.35475842, 26.312555  , 26.27005481,
        26.22731589, 26.18439673, 26.14130676, 26.09809521, 26.05483396,
        26.0114954 , 25.96815985, 25.92488367, 25.88177242, 25.83862747,
        25.79558272, 25.75290049, 25.71056589, 25.66867167, 25.62731008,
        25.58663896, 25.54684685, 25.50808916, 25.47060279, 25.43469022,
        25.40067953, 25.36903691, 25.34035233, 25.31485045, 25.29306407,
        25.27595752, 25.26499252, 25.26238751, 25.27169606, 25.29925743,
        25.35814682, 25.48264874, 25.82934851]]), 'osnr': array([[30.63701479, 30.63524033, 30.63347143, 30.63170472, 30.62993934,
        30.62817521, 30.6264121 , 30.6246499 , 30.62288857, 30.62112806,
        30.61936834, 30.61760941, 30.61585123, 30.61409379, 30.6123371 ,
        30.61058113, 30.60882589, 30.60707137, 30.60531757, 30.60356448,
        30.60181209, 30.60006041, 30.59830943, 30.59655916, 30.59480958,
        30.59306069, 30.5913125 , 30.58956499, 30.58781816, 30.58607202,
        30.58432656, 30.58258177, 30.58083764, 30.57909419, 30.57735132,
        30.57560921, 30.57386779, 30.57212705, 30.57038699, 30.56864762,
        30.56690894, 30.56517094, 30.56343363, 30.56169701, 30.55996107,
        30.55822582, 30.55649125, 30.55475736, 30.55302415, 30.55129162,
        30.54955976, 30.54782858, 30.54609807, 30.54436822, 30.54263899,
        30.54091048, 30.53918265, 30.53745548, 30.53572897, 30.53400313,
        30.53227795, 30.53055342, 30.52882955, 30.52710633, 30.52538377,
        30.52366186, 30.5219406 , 30.52021999, 30.51850004, 30.51678075,
        30.51506212, 30.51334416, 30.51162688, 30.50991031, 30.50819449,
        30.5064795 , 30.50476543, 30.50305284, 30.50134258, 30.49963897,
        30.98936915, 30.98764874, 30.9859353 , 30.98422428, 30.98251467,
        30.98080611, 30.97909842, 30.9773915 , 30.97568528, 30.97397974,
        30.97227483, 30.97057054, 30.96886684, 30.96716373, 30.9654612 ,
        30.96375923, 30.96205783, 30.96035699, 30.9586567 , 30.95695696,
        30.95525777, 30.95355911, 30.95186099, 30.95016341, 30.94846635,
        30.94676982, 30.94507381, 30.94337832, 30.94168334, 30.93998889,
        30.93829494, 30.93660151, 30.93490859, 30.93321619, 30.93152429,
        30.92983289, 30.928142  , 30.92645161, 30.92476167, 30.92307209,
        30.92138314, 30.91969473, 30.9180068 , 30.91631936, 30.9146324 ,
        30.9129459 , 30.91125987, 30.90957429, 30.90788917, 30.90620451,
        30.9045203 , 30.90283656, 30.90115326, 30.8994704 , 30.89778799,
        30.89610602, 30.89442448, 30.89274339, 30.89106272, 30.88938248,
        30.8877026 , 30.88602323, 30.88434433, 30.88266589, 30.88098791,
        30.87931039, 30.87763337, 30.87595685, 30.87428086, 30.87260548,
        30.87093067, 30.86925646, 30.86758314, 30.86591084, 30.86423981,
        30.86257066, 30.8609044 , 30.85924316, 30.85759252, 30.85597799,
        29.34593913, 29.34420032, 29.34250043, 29.34081173, 29.33912814,
        29.33744753, 29.3357688 , 29.33409142, 29.33241504, 29.33073939,
        29.32906432, 29.32738968, 29.32571528, 29.32404108, 29.32236705,
        29.32069316, 29.31901936, 29.3173456 , 29.31567188, 29.31399815,
        29.31232439, 29.31065052, 29.30897653, 29.30730238, 29.30562806,
        29.30395359, 29.30227902, 29.30060432, 29.29892954, 29.29725472,
        29.29557984, 29.29390497, 29.29223013, 29.29055531, 29.28888055,
        29.28720583, 29.2855311 , 29.28385634, 29.28218151, 29.2805066 ,
        29.27883152, 29.2771563 , 29.27548088, 29.27380524, 29.27212935,
        29.2704532 , 29.26877683, 29.26710082, 29.26542493, 29.26374785,
        29.26206946, 29.26039028, 29.25871027, 29.25702949, 29.25534788,
        29.2536654 , 29.25198208, 29.25029793, 29.24861271, 29.24692644,
        29.24523915, 29.24355083, 29.24186142, 29.24017089, 29.23847914,
        29.23678618, 29.23509198, 29.2333965 , 29.23169966, 29.23000153,
        29.22830214, 29.22660156, 29.22489987, 29.22319714, 29.22149336,
        29.21978862, 29.21808305, 29.21637664, 29.21466949, 29.21296176,
        29.21125336, 29.20954449, 29.20783526, 29.20612596, 29.2044152 ,
        29.20270504, 29.20099532, 29.199286  , 29.19757736, 29.19586967,
        29.1941634 , 29.19245911, 29.1907573 , 29.18905871, 29.18736428,
        29.18567506, 29.18399252, 29.18231853, 29.18065391, 29.17900038,
        29.17736098, 29.17574019, 29.17414473, 29.17258518, 29.17107999,
        29.16966615, 29.16843713, 29.16779265]]), 'snr_nli': array([[44.24051554, 43.98859713, 43.86693346, 43.78353982, 43.71620261,
        43.6623962 , 43.61615203, 43.57504846, 43.53763327, 43.503022  ,
        43.47056754, 43.43979156, 43.41019983, 43.38161978, 43.3538776 ,
        43.32676772, 43.30017005, 43.2739927 , 43.24810097, 43.22246175,
        43.19702831, 43.17173595, 43.14652358, 43.12138692, 43.09623811,
        43.07101302, 43.0456926 , 43.02022601, 42.99452809, 42.96860565,
        42.94237817, 42.9157921 , 42.8888135 , 42.86127693, 42.83186286,
        42.80375533, 42.77568724, 42.74751543, 42.71928741, 42.69104874,
        42.66282526, 42.63468165, 42.60657787, 42.57851922, 42.55050701,
        42.52253794, 42.49459158, 42.46664968, 42.43868121, 42.41066557,
        42.38260275, 42.35450647, 42.32627198, 42.29777971, 42.26825603,
        42.23952146, 42.21077847, 42.18193443, 42.15291632, 42.12372639,
        42.09433387, 42.06469602, 42.03480247, 42.00467203, 41.97428372,
        41.94366286, 41.91281718, 41.88176344, 41.85053799, 41.81928415,
        41.78796482, 41.7567033 , 41.72571989, 41.69542448, 41.66644677,
        41.63995316, 41.61715112, 41.60601719, 41.61898642, 41.71982459,
        41.41738726, 41.21913627, 41.1101844 , 41.02594781, 40.95264261,
        40.88517159, 40.82110996, 40.75924751, 40.69873161, 40.63906987,
        40.57992125, 40.52102448, 40.46209747, 40.40311141, 40.34398985,
        40.28465711, 40.22508091, 40.16525796, 40.10511934, 40.04469023,
        39.98395717, 39.92285968, 39.86141705, 39.79966121, 39.7375082 ,
        39.67501005, 39.61216831, 39.54896378, 39.48542535, 39.42161761,
        39.3574829 , 39.29307716, 39.22844327, 39.16357743, 39.09845497,
        39.03315518, 38.96763596, 38.90187481, 38.83563911, 38.76813964,
        38.70157832, 38.63513276, 38.56857683, 38.50186506, 38.43494158,
        38.36782076, 38.30044165, 38.23285036, 38.16506294, 38.09709492,
        38.02895475, 37.96072599, 37.89232642, 37.82378712, 37.7551247 ,
        37.68632834, 37.61740947, 37.54844701, 37.47938789, 37.410164  ,
        37.34055919, 37.27136167, 37.20233239, 37.13346444, 37.06475983,
        36.99628925, 36.92814359, 36.86040328, 36.79320533, 36.72687168,
        36.66128894, 36.59646524, 36.53377754, 36.47369556, 36.41724431,
        36.36689378, 36.32680922, 36.30575352, 36.3274559 , 36.50512321,
        35.9924024 , 35.65540398, 35.47582983, 35.33931129, 35.22189578,
        35.11517714, 35.0150264 , 34.91936779, 34.8268983 , 34.73670192,
        34.64818898, 34.5609278 , 34.47427958, 34.38816078, 34.30253544,
        34.21725939, 34.1322574 , 34.04744326, 33.96277662, 33.87820535,
        33.79366952, 33.70907176, 33.62435969, 33.5395365 , 33.45456607,
        33.36959001, 33.28468516, 33.19986785, 33.1152409 , 33.03092337,
        32.94689467, 32.86327676, 32.78012008, 32.69744014, 32.61528218,
        32.53363078, 32.45239438, 32.37152812, 32.29100569, 32.2107864 ,
        32.13075454, 32.05094922, 31.97132414, 31.89185586, 31.81250086,
        31.73328355, 31.65426814, 31.57631883, 31.49903678, 31.42063332,
        31.34099668, 31.26092949, 31.18043266, 31.09961795, 31.01847301,
        30.93698537, 30.85524353, 30.77328949, 30.69089042, 30.60813192,
        30.52507805, 30.44178655, 30.35821585, 30.27439451, 30.19025172,
        30.10585052, 30.02121322, 29.93633505, 29.85119557, 29.76589668,
        29.68051414, 29.59513956, 29.50989146, 29.42485345, 29.34002492,
        29.25551655, 29.17143559, 29.08778858, 29.00465943, 28.92217272,
        28.840258  , 28.75905225, 28.6786427 , 28.59920563, 28.52034902,
        28.44230244, 28.36552454, 28.28995789, 28.21574062, 28.14300635,
        28.07200175, 28.00302147, 27.9362957 , 27.87219174, 27.81118316,
        27.75377937, 27.70071846, 27.65293967, 27.61075407, 27.57499725,
        27.547232  , 27.52985871, 27.52656274, 27.54332395, 27.59097281,
        27.69227211, 27.9085193 , 28.5345659 ]]), 'max_oct': np.float64(386.24840602245575)}"
36,39,36,39,117.0,2,2,58.5,"{'P_opt': np.float64(-12.100000000000003), 'gsnr': array([[33.71440564, 33.69328335, 33.6819448 , 33.67359801, 33.66671528,
        33.66069752, 33.65525037, 33.65020681, 33.64545757, 33.64093399,
        33.63658552, 33.63237411, 33.62825996, 33.62422937, 33.62026782,
        33.61635897, 33.61249267, 33.60866123, 33.60485335, 33.60106606,
        33.5972953 , 33.59353542, 33.58978111, 33.58603195, 33.58227991,
        33.57851911, 33.57474663, 33.57095466, 33.56711982, 33.56306749,
        33.55918628, 33.55529849, 33.55138836, 33.54745257, 33.54348673,
        33.53949682, 33.53548403, 33.53145017, 33.52740133, 33.52334226,
        33.51927498, 33.51520556, 33.5111302 , 33.50704946, 33.50296353,
        33.49887226, 33.49477311, 33.49066408, 33.48654009, 33.48238889,
        33.47809533, 33.47392443, 33.46975289, 33.46556918, 33.46137166,
        33.45715551, 33.45291859, 33.44866261, 33.44438257, 33.44007981,
        33.435752  , 33.43139526, 33.42700894, 33.42259585, 33.41815455,
        33.41368875, 33.40920068, 33.40469394, 33.40017429, 33.3956607 ,
        33.39114862, 33.38663884, 33.381966  , 33.37764849, 33.37358383,
        33.3699436 , 33.36706718, 33.36567308, 33.36767712, 33.38185768,
        33.7842161 , 33.75270978, 33.73527219, 33.72177471, 33.71001492,
        33.69916998, 33.68884659, 33.67884719, 33.66903131, 33.65931691,
        33.64964617, 33.63997409, 33.63025142, 33.62047135, 33.61061837,
        33.60067775, 33.59064152, 33.58050613, 33.57025799, 33.55989852,
        33.54942278, 33.53881865, 33.52808624, 33.51722854, 33.50622907,
        33.49509432, 33.48382236, 33.4724073 , 33.46085055, 33.44916007,
        33.43731958, 33.42533006, 33.41316516, 33.40057626, 33.38814669,
        33.37564049, 33.36301777, 33.35027323, 33.33739449, 33.32438676,
        33.31123909, 33.29795907, 33.28453766, 33.27097321, 33.25725578,
        33.24338846, 33.22935724, 33.215171  , 33.20082957, 33.18633398,
        33.17168405, 33.15689192, 33.14192118, 33.12667761, 33.11141478,
        33.09602665, 33.08049923, 33.06484782, 33.04906169, 33.03314605,
        33.01711133, 33.00095451, 32.98468227, 32.96829347, 32.95167943,
        32.93516288, 32.91865283, 32.90215434, 32.88570693, 32.86940761,
        32.85326055, 32.83730639, 32.8218484 , 32.80707283, 32.79331008,
        32.78141135, 32.77265638, 32.76975551, 32.78016906, 32.83774021,
        31.5911677 , 31.50847809, 31.46397132, 31.43009214, 31.40095694,
        31.37432765, 31.34919152, 31.32506508, 31.30155233, 31.27845577,
        31.25561412, 31.23290137, 31.21016872, 31.18740958, 31.16457616,
        31.14163823, 31.11857536, 31.09537764, 31.07201977, 31.04848054,
        31.02474896, 31.00080192, 30.97662447, 30.95220907, 30.92753998,
        30.9026546 , 30.87757576, 30.85231646, 30.82691171, 30.80140507,
        30.77580253, 30.75018265, 30.7247176 , 30.69933558, 30.6737201 ,
        30.64783326, 30.62181826, 30.59570088, 30.56948798, 30.54317535,
        30.51672811, 30.49016182, 30.46345933, 30.43661116, 30.40959467,
        30.38240098, 30.35499997, 30.32744297, 30.2996868 , 30.27170571,
        30.24350858, 30.21510659, 30.18643911, 30.15752646, 30.12834836,
        30.09889175, 30.06918139, 30.03922813, 30.00894404, 29.97836419,
        29.94750383, 29.91637986, 29.88497676, 29.85330689, 29.82134058,
        29.78910089, 29.75659255, 29.72381338, 29.69075581, 29.65746204,
        29.6239622 , 29.5902953 , 29.55651596, 29.52266535, 29.48874957,
        29.45482162, 29.4209298 , 29.38708218, 29.35331947, 29.31970431,
        29.2862135 , 29.25292145, 29.21987528, 29.18717322, 29.15461302,
        29.12229782, 29.09048103, 29.05913941, 29.02834759, 28.99817816,
        28.96876095, 28.94025191, 28.9127791 , 28.88654413, 28.86179957,
        28.83882018, 28.81798547, 28.79981513, 28.78457147, 28.77280719,
        28.76541612, 28.76373119, 28.76976481, 28.78673861, 28.82040701,
        28.8827602 , 29.00517351, 29.32588561]]), 'osnr': array([[33.99149739, 33.98972441, 33.98795629, 33.98619016, 33.98442537,
        33.98266166, 33.9808989 , 33.97913703, 33.977376  , 33.97561578,
        33.97385634, 33.97209768, 33.97033976, 33.96858259, 33.96682616,
        33.96507045, 33.96331548, 33.96156122, 33.95980768, 33.95805486,
        33.95630275, 33.95455135, 33.95280065, 33.95105066, 33.94930137,
        33.94755278, 33.94580488, 33.94405768, 33.94231116, 33.94056524,
        33.9388201 , 33.93707565, 33.9353319 , 33.93358882, 33.93184644,
        33.93010473, 33.92836372, 33.92662338, 33.92488374, 33.92314479,
        33.92140652, 33.91966895, 33.91793207, 33.91619587, 33.91446037,
        33.91272555, 33.91099142, 33.90925798, 33.90752522, 33.90579313,
        33.90406167, 33.90233095, 33.90060092, 33.89887156, 33.89714289,
        33.89541489, 33.89368757, 33.89196093, 33.89023495, 33.88850965,
        33.88678502, 33.88506106, 33.88333777, 33.88161514, 33.87989318,
        33.87817189, 33.87645127, 33.87473132, 33.87301204, 33.87129344,
        33.86957551, 33.86785827, 33.86614162, 33.86442581, 33.8627108 ,
        33.86099665, 33.85928353, 33.85757177, 33.85586224, 33.85415898,
        34.34389595, 34.34217758, 34.34046574, 34.33875622, 34.33704808,
        34.33534099, 34.33363478, 34.33192936, 34.33022468, 34.3285207 ,
        34.32681739, 34.32511474, 34.32341272, 34.32171134, 34.32001057,
        34.31831042, 34.31661088, 34.31491195, 34.31321362, 34.31151589,
        34.30981876, 34.30812222, 34.30642627, 34.30473091, 34.30303614,
        34.30134195, 34.29964834, 34.29795531, 34.29626287, 34.294571  ,
        34.29287971, 34.29118899, 34.28949882, 34.28780911, 34.2861201 ,
        34.28443169, 34.28274387, 34.28105662, 34.27936995, 34.27768385,
        34.27599831, 34.27431335, 34.27262895, 34.27094511, 34.26926182,
        34.2675791 , 34.26589692, 34.26421529, 34.26253421, 34.26085368,
        34.2591737 , 34.25749427, 34.25581538, 34.25413697, 34.25245917,
        34.25078192, 34.24910522, 34.24742907, 34.24575347, 34.24407842,
        34.24240392, 34.24072997, 34.23905657, 34.23738372, 34.23571136,
        34.23403966, 34.23236856, 34.23069808, 34.22902823, 34.22735905,
        34.22569056, 34.22402278, 34.22235585, 34.22068989, 34.21902507,
        34.21736184, 34.21570089, 34.21404365, 34.21239407, 34.21076976,
        32.70078619, 32.69907858, 32.69739784, 32.69572505, 32.69405613,
        32.69238952, 32.69072452, 32.68906077, 32.68739801, 32.68573608,
        32.68407488, 32.68241431, 32.68075425, 32.67909471, 32.67743564,
        32.67577702, 32.67411883, 32.67246106, 32.6708037 , 32.6691467 ,
        32.66749008, 32.6658338 , 32.66417785, 32.66252222, 32.66086689,
        32.65921189, 32.65755723, 32.65590292, 32.65424899, 32.65259546,
        32.65094234, 32.6492897 , 32.64763767, 32.6459862 , 32.64433501,
        32.64268408, 32.64103351, 32.63938333, 32.63773353, 32.63608413,
        32.63443507, 32.63278637, 32.63113801, 32.62948998, 32.62784226,
        32.62619483, 32.62454766, 32.62290079, 32.62125418, 32.6196078 ,
        32.61796165, 32.61631574, 32.61467   , 32.61302444, 32.61137905,
        32.6097338 , 32.60808871, 32.60644377, 32.60479891, 32.60315414,
        32.60150947, 32.59986491, 32.59822043, 32.59657605, 32.59493172,
        32.59328745, 32.59164325, 32.5899991 , 32.58835498, 32.58671094,
        32.58506699, 32.58342318, 32.58177955, 32.58013614, 32.57849296,
        32.57685006, 32.5752075 , 32.57356528, 32.57192345, 32.57028207,
        32.56864114, 32.56700072, 32.56536089, 32.56372176, 32.56208225,
        32.56044418, 32.55880702, 32.55717075, 32.55553548, 32.5539013 ,
        32.5522684 , 32.550637  , 32.54900727, 32.5473795 , 32.54575405,
        32.5441313 , 32.5425118 , 32.54089625, 32.53928506, 32.53767899,
        32.53607927, 32.53448769, 32.53290694, 32.53134122, 32.52979792,
        32.52829203, 32.52686151, 32.52566393]]), 'snr_nli': array([[45.80382207, 45.49912046, 45.35451791, 45.25701908, 45.18213499,
        45.12045323, 45.06740915, 45.02043928, 44.97788926, 44.93872259,
        44.902185  , 44.86771499, 44.83474598, 44.80307003, 44.7724744 ,
        44.74272878, 44.71368828, 44.68524303, 44.65724002, 44.62963506,
        44.60237103, 44.57537254, 44.54856967, 44.52195493, 44.49542686,
        44.4689126 , 44.442377  , 44.41572611, 44.38868012, 44.3591487 ,
        44.33181467, 44.30453244, 44.27711547, 44.24952763, 44.22172112,
        44.19376982, 44.16569051, 44.13750679, 44.10929086, 44.08109782,
        44.05295114, 44.02491885, 43.99695722, 43.96907235, 43.94126552,
        43.91353472, 43.88585158, 43.85819418, 43.83050804, 43.80266223,
        43.77342811, 43.74564941, 43.71799813, 43.69035153, 43.66269306,
        43.63497346, 43.60717217, 43.57930882, 43.55133391, 43.52326365,
        43.49507668, 43.46673645, 43.43823976, 43.40961801, 43.38085957,
        43.35200416, 43.32307605, 43.29411237, 43.26517009, 43.23643255,
        43.2078535 , 43.17943865, 43.1496189 , 43.12330377, 43.0994792 ,
        43.07971585, 43.0671339 , 43.06838773, 43.1014811 , 43.25152007,
        42.95949751, 42.71735271, 42.59325576, 42.50173559, 42.42469809,
        42.35547766, 42.29092502, 42.22946183, 42.16999271, 42.11188227,
        42.05469136, 41.99808748, 41.94172339, 41.88555097, 41.82946644,
        41.77337538, 41.71723121, 41.66101771, 41.60465564, 41.54816364,
        41.49151984, 41.4346595 , 41.37759502, 41.32035588, 41.26285432,
        41.20514201, 41.14721943, 41.08906433, 41.0306973 , 40.9721751 ,
        40.91341693, 40.85444083, 40.79511477, 40.73410998, 40.67460823,
        40.61531716, 40.55602625, 40.49671304, 40.43731979, 40.37788037,
        40.31834629, 40.25876309, 40.1990928 , 40.13933498, 40.07944942,
        40.01945966, 39.95930775, 39.89904488, 39.8386786 , 39.77822146,
        39.71768029, 39.65711646, 39.59637452, 39.5350526 , 39.47427054,
        39.41356204, 39.35287007, 39.2922626 , 39.23169686, 39.17119718,
        39.11080816, 39.05051845, 38.99035565, 38.93031546, 38.86997362,
        38.8105909 , 38.75179443, 38.69359008, 38.63611282, 38.5797066 ,
        38.52436049, 38.47019756, 38.41828921, 38.36925155, 38.32419943,
        38.28607043, 38.25926427, 38.25320965, 38.29434988, 38.50722737,
        38.06027687, 37.71036945, 37.53280878, 37.40231691, 37.29300072,
        37.19518876, 37.10453462, 37.01894103, 36.93675905, 36.85714898,
        36.7794453 , 36.70314061, 36.62767308, 36.55299654, 36.47892681,
        36.40534713, 36.33217846, 36.25937959, 36.18686117, 36.11455077,
        36.04241152, 35.97036992, 35.89838095, 35.82642419, 35.75445516,
        35.68259088, 35.61089991, 35.53941897, 35.46824717, 35.39750406,
        35.32719696, 35.25753763, 35.18899083, 35.12132819, 35.05365974,
        34.98588538, 34.91839569, 34.85125367, 34.78447004, 34.71802614,
        34.6518245 , 34.58590045, 34.52020486, 34.45470965, 34.38935464,
        34.32411589, 34.25891802, 34.19388644, 34.12891415, 34.0639394 ,
        33.99898461, 33.9340769 , 33.86907476, 33.8040287 , 33.73889435,
        33.67364516, 33.60834079, 33.5430078 , 33.47745238, 33.41175798,
        33.345962  , 33.28010417, 33.2141532 , 33.14813826, 33.0819985 ,
        33.01578577, 32.94951198, 32.88317441, 32.81675926, 32.75035449,
        32.68402098, 32.6178355 , 32.55190367, 32.48630132, 32.42103324,
        32.35619551, 32.29187241, 32.22806855, 32.16485085, 32.10232604,
        32.04043643, 31.97930872, 31.91901573, 31.85972325, 31.80104159,
        31.74314652, 31.68648506, 31.63099385, 31.57678724, 31.52397407,
        31.47276329, 31.42340672, 31.37610322, 31.33117835, 31.28904273,
        31.25014133, 31.21509725, 31.18477212, 31.15957937, 31.14043657,
        31.1288522 , 31.12709975, 31.13864845, 31.16912041, 31.22870206,
        31.338996  , 31.55800831, 32.15462952]]), 'max_oct': np.float64(428.31019678868864)}"
39,11,39,11,95.6,2,2,47.8,"{'P_opt': np.float64(-10.360000000000001), 'gsnr': array([[35.391067  , 35.36311212, 35.34839874, 35.33772835, 35.32903488,
        35.32150934, 35.31475426, 35.30854442, 35.30273322, 35.29722817,
        35.29196156, 35.2868826 , 35.28193882, 35.2771116 , 35.27238113,
        35.26772602, 35.26313259, 35.25859049, 35.25408488, 35.24961151,
        35.24516472, 35.24073692, 35.23632081, 35.23191516, 35.22750808,
        35.22308787, 35.21862902, 35.21380122, 35.20931074, 35.20483689,
        35.20034701, 35.19583159, 35.19128876, 35.18671763, 35.18211352,
        35.17748424, 35.17283089, 35.16815543, 35.16346474, 35.15876431,
        35.15405605, 35.14934723, 35.1446326 , 35.13991239, 35.13518565,
        35.1304492 , 35.1256845 , 35.12067962, 35.11589727, 35.11112661,
        35.1063534 , 35.10157795, 35.09678855, 35.09198413, 35.08716567,
        35.08232847, 35.07747068, 35.07259524, 35.06769644, 35.06277654,
        35.05783327, 35.05286234, 35.04786341, 35.04284055, 35.03779199,
        35.03272157, 35.02762791, 35.02249028, 35.01696026, 35.01186372,
        35.00684671, 35.0019125 , 34.99710612, 34.99251337, 34.98826935,
        34.98463872, 34.98209728, 34.98164299, 34.98593321, 35.00715789,
        35.38978994, 35.34828741, 35.32618882, 35.30954272, 35.29531995,
        35.28238981, 35.27021332, 35.2585188 , 35.24711554, 35.23589206,
        35.22477023, 35.21369013, 35.20258754, 35.19145256, 35.18026438,
        35.16900405, 35.15766104, 35.14623027, 35.13469503, 35.12305669,
        35.11130894, 35.09943736, 35.08744154, 35.07532449, 35.06306568,
        35.05067025, 35.03812805, 35.02539314, 35.01203131, 34.99905006,
        34.98598954, 34.97281867, 34.95953551, 34.94613534, 34.93260918,
        34.91897319, 34.90521812, 34.89134613, 34.87734637, 34.86322683,
        34.84897586, 34.83460345, 34.82009981, 34.80546432, 34.79068615,
        34.77576941, 34.76069744, 34.74547791, 34.73009226, 34.71437068,
        34.69871756, 34.68297417, 34.66709957, 34.6510984 , 34.63497224,
        34.61871738, 34.60233668, 34.58584998, 34.56924241, 34.5524989 ,
        34.53543589, 34.51852281, 34.5015708 , 34.48458033, 34.46755524,
        34.45051775, 34.43348787, 34.41640813, 34.39955148, 34.38293794,
        34.3665739 , 34.35052203, 34.33507576, 34.32041097, 34.30711946,
        34.29602224, 34.28861932, 34.28801568, 34.30295176, 34.37272954,
        33.17285629, 33.0792407 , 33.03019044, 32.99363751, 32.96266283,
        32.93468438, 32.90850853, 32.8835496 , 32.85937034, 32.83574663,
        32.81248973, 32.78944606, 32.76646557, 32.74353378, 32.72060663,
        32.6976518 , 32.67464913, 32.65157506, 32.62839732, 32.60509125,
        32.58164053, 32.55802073, 32.53422209, 32.51024417, 32.4860805 ,
        32.46178777, 32.4374825 , 32.41301501, 32.3883895 , 32.36355063,
        32.3385969 , 32.31359829, 32.28858231, 32.26355966, 32.23855095,
        32.21355859, 32.18856471, 32.16356084, 32.13854015, 32.1134926 ,
        32.08838036, 32.06321684, 32.03798342, 32.01267106, 31.98725768,
        31.96173577, 31.93607633, 31.91032932, 31.88445353, 31.85842691,
        31.8322586 , 31.8059593 , 31.77947201, 31.75281904, 31.72598076,
        31.69894567, 31.67173684, 31.64436505, 31.61674986, 31.58892815,
        31.56091219, 31.5327174 , 31.50433106, 31.47576687, 31.44699803,
        31.41804696, 31.38891768, 31.35960953, 31.33011696, 31.30048022,
        31.27072706, 31.24089374, 31.211032  , 31.18118092, 31.15134734,
        31.12158072, 31.09192416, 31.062385  , 31.03299981, 31.00382635,
        30.97484387, 30.94612286, 30.91770654, 30.88969093, 30.86187289,
        30.83434278, 30.80735134, 30.78087215, 30.75497254, 30.72971804,
        30.70522702, 30.68164201, 30.65908096, 30.63773084, 30.61782381,
        30.59961356, 30.58344608, 30.56980813, 30.55897839, 30.55151306,
        30.54827614, 30.55055104, 30.56028669, 30.58072372, 30.6183772 ,
        30.68186852, 30.80148466, 31.11044134]]), 'osnr': array([[35.74481179, 35.74303947, 35.74127168, 35.73950578, 35.73774116,
        35.7359776 , 35.73421497, 35.73245321, 35.73069229, 35.72893216,
        35.72717282, 35.72541424, 35.7236564 , 35.72189932, 35.72014297,
        35.71838735, 35.71663245, 35.71487828, 35.71312482, 35.71137208,
        35.70962005, 35.70786873, 35.70611812, 35.70436822, 35.70261902,
        35.70087052, 35.6991227 , 35.69737548, 35.69562906, 35.69388334,
        35.69213832, 35.69039399, 35.68865035, 35.6869074 , 35.68516513,
        35.68342355, 35.68168267, 35.67994247, 35.67820296, 35.67646414,
        35.67472601, 35.67298858, 35.67125184, 35.66951578, 35.66778042,
        35.66604575, 35.66431175, 35.66257837, 35.66084575, 35.65911382,
        35.65738258, 35.65565203, 35.65392216, 35.65219296, 35.65046446,
        35.64873663, 35.64700947, 35.645283  , 35.6435572 , 35.64183208,
        35.64010764, 35.63838387, 35.63666077, 35.63493834, 35.63321659,
        35.63149551, 35.6297751 , 35.62805535, 35.62633616, 35.62461779,
        35.62290011, 35.62118314, 35.61946688, 35.61775137, 35.61603664,
        35.61432278, 35.61260995, 35.61089845, 35.60918913, 35.60748583,
        36.09722538, 36.09550798, 36.09379683, 36.09208792, 36.09038038,
        36.08867387, 36.08696825, 36.08526342, 36.08355934, 36.08185597,
        36.08015329, 36.07845128, 36.07674991, 36.0750492 , 36.07334912,
        36.07164967, 36.06995085, 36.06825266, 36.06655509, 36.06485813,
        36.0631618 , 36.06146607, 36.05977096, 36.05807646, 36.05638256,
        36.05468927, 36.05299657, 36.05130446, 36.0496128 , 36.0479219 ,
        36.04623162, 36.04454195, 36.04285288, 36.04116441, 36.03947655,
        36.03778928, 36.03610262, 36.03441656, 36.03273109, 36.03104622,
        36.02936194, 36.02767826, 36.02599517, 36.02431266, 36.02263074,
        36.02094941, 36.01926865, 36.01758848, 36.01590887, 36.01422978,
        36.01255134, 36.01087349, 36.00919623, 36.00751954, 36.00584344,
        36.00416791, 36.00249296, 36.00081859, 35.9991448 , 35.99747158,
        35.99579887, 35.99412682, 35.99245538, 35.99078454, 35.9891143 ,
        35.98744467, 35.98577566, 35.98410724, 35.98243952, 35.98077249,
        35.97910617, 35.97744058, 35.97577582, 35.97411196, 35.97244923,
        35.97078793, 35.96912863, 35.96747249, 35.96582276, 35.9641938 ,
        34.45422901, 34.45253338, 34.45085966, 34.44919258, 34.44752879,
        34.44586704, 34.44420675, 34.44254762, 34.44088945, 34.43923212,
        34.43757554, 34.43591963, 34.43426432, 34.43260958, 34.43095541,
        34.42930177, 34.42764867, 34.42599608, 34.42434399, 34.42269238,
        34.42104124, 34.41939056, 34.41774032, 34.41609052, 34.41444117,
        34.41279228, 34.41114392, 34.40949601, 34.40784854, 34.40620148,
        34.40455489, 34.4029088 , 34.40126323, 34.39961818, 34.39797367,
        34.39632969, 34.39468624, 34.39304331, 34.39140088, 34.38975897,
        34.38811753, 34.38647658, 34.38483611, 34.3831961 , 34.38155655,
        34.37991744, 34.37827875, 34.37664051, 34.3750027 , 34.3733653 ,
        34.3717283 , 34.37009172, 34.36845552, 34.3668197 , 34.36518425,
        34.36354916, 34.36191444, 34.36028009, 34.35864606, 34.35701237,
        34.35537902, 34.35374601, 34.35211334, 34.35048102, 34.34884901,
        34.34721733, 34.34558598, 34.34395496, 34.34232425, 34.34069389,
        34.33906388, 34.33743426, 34.33580506, 34.33417631, 34.332548  ,
        34.33092019, 34.3292929 , 34.32766613, 34.32603992, 34.32441432,
        34.3227893 , 34.32116493, 34.31954125, 34.31791833, 34.31629516,
        34.31467353, 34.31305279, 34.31143293, 34.309814  , 34.30819608,
        34.30657928, 34.30496371, 34.3033495 , 34.30173682, 34.30012589,
        34.29851694, 34.29691029, 34.2953064 , 34.29370551, 34.29210815,
        34.29051508, 34.28892745, 34.28734696, 34.2857764 , 34.28422128,
        34.28268859, 34.28120262, 34.27986424]]), 'snr_nli': array([[46.4576815 , 46.13252863, 45.97867638, 45.87505629, 45.79551558,
        45.73002585, 45.67372688, 45.62389371, 45.5787765 , 45.5372747 ,
        45.49859206, 45.46213738, 45.42732207, 45.3939228 , 45.36171103,
        45.33044853, 45.29998107, 45.27019174, 45.24092172, 45.21212092,
        45.18372658, 45.15565816, 45.12783997, 45.10025679, 45.07279086,
        45.04532874, 45.01762732, 44.98655642, 44.95883795, 44.9314078 ,
        44.90395715, 44.87639855, 44.84871727, 44.82090756, 44.79292941,
        44.76485713, 44.73670299, 44.7084866 , 44.68027111, 44.65210609,
        44.62400831, 44.59604133, 44.56815779, 44.54035899, 44.51263609,
        44.48496109, 44.45717494, 44.42747358, 44.39981135, 44.37237848,
        44.34505242, 44.31783484, 44.29062737, 44.26342161, 44.23622618,
        44.20900316, 44.18173841, 44.15445709, 44.12711398, 44.09972873,
        44.07228449, 44.04474881, 44.01712108, 43.98943513, 43.96167882,
        43.93388356, 43.90603994, 43.87799008, 43.84707647, 43.81962019,
        43.79289239, 43.76690739, 43.7419921 , 43.71877191, 43.69822899,
        43.68229342, 43.67444515, 43.68204566, 43.72501398, 43.89782228,
        43.6196822 , 43.35989719, 43.23078937, 43.13769048, 43.06062894,
        42.99225892, 42.92911804, 42.86946477, 42.81210254, 42.75633484,
        42.70168089, 42.6477799 , 42.59426179, 42.54106552, 42.48807362,
        42.43518299, 42.38233885, 42.32951677, 42.27663322, 42.22370049,
        42.17069127, 42.11753879, 42.06424836, 42.01084234, 41.95722692,
        41.9034364 , 41.84943058, 41.79500065, 41.73811915, 41.68355518,
        41.62912383, 41.57468266, 41.52022669, 41.46573839, 41.41118223,
        41.35663453, 41.302058  , 41.24746602, 41.19281588, 41.13814623,
        41.08341184, 41.02865928, 40.97385174, 40.9189913 , 40.86403871,
        40.80901592, 40.75386176, 40.69861298, 40.64320275, 40.58698212,
        40.53152497, 40.47621118, 40.42088565, 40.36556894, 40.31026931,
        40.25497549, 40.19970044, 40.14451759, 40.08937416, 40.03421846,
        39.97841061, 39.92359945, 39.86911171, 39.81494306, 39.76110068,
        39.70765309, 39.65465911, 39.60191997, 39.55032483, 39.49991336,
        39.45068044, 39.40280167, 39.35718127, 39.3143291 , 39.27604997,
        39.24483097, 39.22524677, 39.22687154, 39.27714805, 39.50406345,
        39.09888975, 38.74802034, 38.57409188, 38.44866428, 38.34493363,
        38.25306146, 38.16853905, 38.08914283, 38.01325823, 37.94004208,
        37.86880514, 37.79900097, 37.73011784, 37.66208604, 37.59474795,
        37.52798782, 37.46173115, 37.39589614, 37.33037832, 37.26509943,
        37.20000824, 37.13503212, 37.0701428 , 37.00533917, 36.94060333,
        36.87609244, 36.81212161, 36.74827244, 36.68455508, 36.62082066,
        36.5573317 , 36.49426688, 36.43168839, 36.369613  , 36.30808224,
        36.24709013, 36.18658002, 36.1265205 , 36.06688516, 36.00764061,
        35.94868683, 35.89005055, 35.83168095, 35.77355143, 35.71560547,
        35.6578222 , 35.6001315 , 35.54264737, 35.48527163, 35.4279525 ,
        35.37071006, 35.31356727, 35.25639572, 35.19924583, 35.14207457,
        35.08485781, 35.02764684, 34.9704651 , 34.91314062, 34.85575484,
        34.79833514, 34.74091475, 34.6834675 , 34.62602238, 34.56852458,
        34.51102097, 34.45351989, 34.39602006, 34.33851042, 34.28107109,
        34.2237555 , 34.16663236, 34.10979884, 34.05332519, 33.99721791,
        33.9415649 , 33.88643994, 33.83184756, 33.77784719, 33.72453667,
        33.67186577, 33.61995432, 33.56886957, 33.51877426, 33.46928373,
        33.42055121, 33.37301861, 33.32662135, 33.2814641 , 33.23764696,
        33.19536258, 33.15484383, 33.11627767, 33.07997038, 33.0463046 ,
        33.01569753, 32.98872477, 32.96620407, 32.94859108, 32.93682577,
        32.93238604, 32.93748839, 32.95553279, 32.99223672, 33.05922989,
        33.17241616, 33.38819193, 33.96724305]]), 'max_oct': np.float64(449.75050292453847)}"
15,16,15,16,36.5,1,1,36.5,"{'P_opt': np.float64(-8.3), 'gsnr': array([[37.27561859, 37.23090594, 37.20795175, 37.19162264, 37.1785284 ,
        37.16734508, 37.15742209, 37.14839104, 37.14001461, 37.13214145,
        37.12466193, 37.11749415, 37.11055818, 37.10382066, 37.09724869,
        37.0908087 , 37.08447797, 37.07823863, 37.07206727, 37.06595373,
        37.05988426, 37.05383584, 37.0477459 , 37.0408293 , 37.03478353,
        37.02882176, 37.02288907, 37.01696644, 37.01103703, 37.00510014,
        36.99914197, 36.99315566, 36.98714045, 36.98109552, 36.97501479,
        36.9689079 , 36.96277558, 36.95661933, 36.95044618, 36.94426007,
        36.93805572, 36.93180828, 36.92500989, 36.91876078, 36.91256225,
        36.90638072, 36.90020507, 36.8940312 , 36.88785381, 36.88167056,
        36.875483  , 36.86929578, 36.86309546, 36.85688148, 36.85065557,
        36.84441198, 36.83814831, 36.83186783, 36.82556181, 36.81922915,
        36.8128553 , 36.80637796, 36.79896337, 36.79245582, 36.78602522,
        36.77962448, 36.77325087, 36.76691364, 36.76063047, 36.75444618,
        36.74837553, 36.74247305, 36.73682641, 36.73158162, 36.72696554,
        36.72340585, 36.72167424, 36.72339115, 36.73287777, 36.7700215 ,
        37.10727618, 37.04381578, 37.01158328, 36.98814051, 36.96863179,
        36.95124667, 36.93512545, 36.91982779, 36.90505596, 36.89063258,
        36.87643462, 36.86236905, 36.84834307, 36.83433336, 36.82030448,
        36.80622159, 36.79205057, 36.77770258, 36.76208673, 36.74758945,
        36.73311569, 36.71856689, 36.70392396, 36.6891837 , 36.67432058,
        36.65934228, 36.64424611, 36.62902468, 36.61368048, 36.59822596,
        36.58264223, 36.56694031, 36.55112847, 36.53520553, 36.51916334,
        36.50302145, 36.48676995, 36.47041144, 36.45393389, 36.43734558,
        36.42063147, 36.40379676, 36.38679972, 36.36925101, 36.35202055,
        36.33471489, 36.31728561, 36.29973937, 36.2820735 , 36.26428983,
        36.24639098, 36.22839461, 36.21027419, 36.19203263, 36.17363711,
        36.15465287, 36.13607583, 36.11748459, 36.09883124, 36.08011959,
        36.06136184, 36.04255571, 36.02370048, 36.00463175, 35.98581209,
        35.96706406, 35.94830766, 35.92982186, 35.91155307, 35.89348575,
        35.87600187, 35.85910094, 35.84299526, 35.82787745, 35.8147476 ,
        35.80453512, 35.79908806, 35.80272888, 35.82633571, 35.9211651 ,
        34.82327882, 34.70428488, 34.6442037 , 34.60060223, 34.56444094,
        34.53232055, 34.50265471, 34.47466576, 34.44778859, 34.42170683,
        34.39618206, 34.37105491, 34.34614522, 34.32140005, 34.29675366,
        34.27216169, 34.24759263, 34.22302344, 34.19842109, 34.17375851,
        34.14901865, 34.12418267, 34.09928347, 34.0739763 , 34.04863809,
        34.02310207, 33.99745458, 33.97172303, 33.94594702, 33.92016897,
        33.89438593, 33.86864611, 33.84296968, 33.81736341, 33.791845  ,
        33.76641534, 33.74105569, 33.71575636, 33.69050905, 33.66530256,
        33.64009938, 33.61491112, 33.58971905, 33.56451399, 33.53927459,
        33.51399339, 33.4886437 , 33.46327225, 33.43784057, 33.41232889,
        33.38674633, 33.36110203, 33.33534355, 33.30949253, 33.28353069,
        33.25744793, 33.23126583, 33.20499375, 33.17855984, 33.15199991,
        33.12532542, 33.09855047, 33.07166558, 33.04468438, 33.01758412,
        32.99038594, 32.96309429, 32.93570993, 32.90823033, 32.88069402,
        32.85312844, 32.82556895, 32.79806568, 32.77065668, 32.74335155,
        32.71619718, 32.6892335 , 32.66246941, 32.63593969, 32.60969757,
        32.58372892, 32.55810016, 32.53285454, 32.5080966 , 32.48360489,
        32.45946261, 32.43594144, 32.41300823, 32.39072735, 32.36916473,
        32.34843494, 32.3286757 , 32.31000703, 32.29261313, 32.27672163,
        32.26258499, 32.25054386, 32.24107294, 32.23449852, 32.2314108 ,
        32.23270026, 32.23967896, 32.25432754, 32.27983577, 32.32200647,
        32.39450595, 32.52298422, 32.84731579]]), 'osnr': array([[37.82936955, 37.82759674, 37.8258287 , 37.82406263, 37.82229787,
        37.82053419, 37.81877147, 37.81700962, 37.81524861, 37.81348841,
        37.81172899, 37.80997034, 37.80821245, 37.8064553 , 37.80469889,
        37.80294322, 37.80118827, 37.79943405, 37.79768055, 37.79592776,
        37.79417569, 37.79242433, 37.79067366, 37.78892353, 37.78717427,
        37.78542574, 37.78367791, 37.78193078, 37.78018435, 37.77843862,
        37.77669359, 37.77494925, 37.7732056 , 37.77146264, 37.76972037,
        37.76797879, 37.76623791, 37.76449771, 37.76275821, 37.76101939,
        37.75928127, 37.75754383, 37.75580697, 37.75407091, 37.75233555,
        37.75060089, 37.74886692, 37.74713364, 37.74540105, 37.74366914,
        37.74193793, 37.74020739, 37.73847755, 37.73674838, 37.7350199 ,
        37.7332921 , 37.73156498, 37.72983855, 37.72811279, 37.7263877 ,
        37.72466329, 37.72293954, 37.72121628, 37.71949388, 37.71777219,
        37.71605117, 37.71433084, 37.7126112 , 37.71089225, 37.709174  ,
        37.70745644, 37.7057396 , 37.70402349, 37.70230814, 37.7005936 ,
        37.69887995, 37.69716738, 37.6954562 , 37.69374736, 37.69204502,
        38.18178575, 38.18006779, 38.17835655, 38.1766477 , 38.17494028,
        38.17323394, 38.17152851, 38.1698239 , 38.16812006, 38.16641694,
        38.16471452, 38.16301279, 38.16131172, 38.15961131, 38.15791154,
        38.15621242, 38.15451394, 38.15281607, 38.15111858, 38.14942198,
        38.14772603, 38.14603072, 38.14433604, 38.14264198, 38.14094855,
        38.13925574, 38.13756355, 38.13587197, 38.13418102, 38.13249068,
        38.13080096, 38.12911185, 38.12742337, 38.12573549, 38.12404824,
        38.1223616 , 38.12067557, 38.11899016, 38.11730536, 38.11562117,
        38.11393758, 38.11225461, 38.11057223, 38.10889035, 38.10720919,
        38.10552863, 38.10384868, 38.10216934, 38.10049059, 38.09881244,
        38.0971349 , 38.09545796, 38.09378161, 38.09210586, 38.0904307 ,
        38.08875603, 38.08708207, 38.08540873, 38.083736  , 38.08206387,
        38.08039235, 38.07872145, 38.07705114, 38.07538141, 38.07371235,
        38.07204393, 38.07037612, 38.068709  , 38.06704254, 38.06537676,
        38.06371175, 38.0620475 , 38.06038407, 38.05872153, 38.05706012,
        38.0554001 , 38.05374197, 38.05208685, 38.0504376 , 38.0488073 ,
        36.53885358, 36.53716356, 36.53549341, 36.53382933, 36.53216833,
        36.53050926, 36.52885162, 36.52719512, 36.52553958, 36.52388489,
        36.52223097, 36.52057777, 36.51892521, 36.51727329, 36.51562197,
        36.51397124, 36.51232109, 36.5106715 , 36.50902247, 36.50737398,
        36.50572603, 36.50407861, 36.50243172, 36.50078523, 36.4991393 ,
        36.49749384, 36.49584889, 36.49420447, 36.49256058, 36.49091724,
        36.48927446, 36.48763224, 36.4859906 , 36.48434954, 36.48270906,
        36.48106917, 36.47942986, 36.47779112, 36.47615296, 36.47451536,
        36.4728783 , 36.4712418 , 36.46960584, 36.46797042, 36.46633553,
        36.46470116, 36.4630673 , 36.46143398, 36.45980116, 36.45816885,
        36.45653704, 36.45490573, 36.45327491, 36.45164458, 36.45001472,
        36.44838534, 36.44675645, 36.44512803, 36.44350006, 36.44187256,
        36.44024552, 36.43861895, 36.43699285, 36.43536721, 36.43374203,
        36.43211732, 36.43049307, 36.42886929, 36.42724596, 36.42562312,
        36.42400076, 36.42237891, 36.4207576 , 36.41913684, 36.41751664,
        36.41589702, 36.414278  , 36.4126596 , 36.41104183, 36.40942471,
        36.40780826, 36.4061925 , 36.40457746, 36.4029632 , 36.40134875,
        36.39973586, 36.39812384, 36.39651267, 36.3949024 , 36.39329306,
        36.39168473, 36.39007751, 36.38847145, 36.38686669, 36.38526336,
        36.38366162, 36.38206169, 36.38046385, 36.37886832, 36.37727545,
        36.37568578, 36.37410009, 36.37251954, 36.37094597, 36.36938266,
        36.36783723, 36.36632318, 36.36491152]]), 'snr_nli': array([[46.49425071, 46.14618574, 45.98205126, 45.87165574, 45.78697705,
        45.71730074, 45.65743491, 45.60447085, 45.55655825, 45.51252186,
        45.47151926, 45.43292725, 45.39615724, 45.36095002, 45.32705748,
        45.2942343 , 45.26231264, 45.23116091, 45.20061458, 45.17059864,
        45.14101673, 45.11171543, 45.08229293, 45.0477885 , 45.01895778,
        44.99078994, 44.96293366, 44.93526705, 44.90768419, 44.88018   ,
        44.85266969, 44.82511217, 44.79750413, 44.76984194, 44.74209054,
        44.71430907, 44.68650295, 44.65868178, 44.63088765, 44.60314357,
        44.57541867, 44.54756967, 44.51668191, 44.48908934, 44.46190754,
        44.43494101, 44.40812454, 44.38143349, 44.35483694, 44.32832097,
        44.30189353, 44.27557932, 44.24930364, 44.22306334, 44.1968677 ,
        44.17068549, 44.14450397, 44.11834111, 44.09215047, 44.0659271 ,
        44.03959491, 44.01282846, 43.9812754 , 43.95460025, 43.92843599,
        43.90253334, 43.87687511, 43.85150581, 43.82651187, 43.80211587,
        43.77838521, 43.75558608, 43.73414702, 43.71478221, 43.69860096,
        43.68770315, 43.68589595, 43.70125171, 43.75565684, 43.95330326,
        43.69919981, 43.42265867, 43.2898951 , 43.19667541, 43.12109312,
        43.05509963, 42.99491283, 42.93860198, 42.88488223, 42.83299074,
        42.78240402, 42.73273251, 42.68360036, 42.63490808, 42.58651342,
        42.53828098, 42.49008201, 42.44159029, 42.38882851, 42.34055012,
        42.29271366, 42.24495888, 42.19721806, 42.14948117, 42.10166074,
        42.05378675, 42.00585281, 41.95783656, 41.90974988, 41.86163768,
        41.81343904, 41.76519391, 41.71693194, 41.66865111, 41.62032695,
        41.57202463, 41.52371348, 41.4754033 , 41.42705762, 41.37870443,
        41.3302986 , 41.28185861, 41.23325909, 41.18332524, 41.13470368,
        41.0861926 , 41.03764726, 40.98908921, 40.94051209, 40.89192274,
        40.84333011, 40.79478588, 40.74621479, 40.69762666, 40.6489309 ,
        40.59892116, 40.55037747, 40.50211428, 40.45399627, 40.40603178,
        40.35825138, 40.31064617, 40.26321165, 40.21551181, 40.16876426,
        40.12248965, 40.0764728 , 40.03142675, 39.98719751, 39.94373158,
        39.90198126, 39.86191721, 39.82404389, 39.78880833, 39.75865343,
        39.73581712, 39.72479706, 39.73623084, 39.79732781, 40.04049871,
        39.68661211, 39.33504699, 39.16584725, 39.04643249, 38.94941389,
        38.86465341, 38.78746267, 38.71553596, 38.64723271, 38.58162863,
        38.51803724, 38.45599984, 38.39502138, 38.33494385, 38.2755826 ,
        38.21681185, 38.15854152, 38.10070489, 38.04321314, 37.98599434,
        37.92900267, 37.87218932, 37.81562864, 37.75851079, 37.7017225 ,
        37.64487352, 37.58816317, 37.53165133, 37.47542368, 37.41956979,
        37.36407596, 37.30904177, 37.2545027 , 37.2004641 , 37.14695495,
        37.09396731, 37.0414516 , 36.98937874, 36.93772326, 36.88645438,
        36.83548706, 36.78484025, 36.73446988, 36.68435244, 36.63444019,
        36.58471461, 36.53511885, 36.48574445, 36.43651111, 36.38737734,
        36.33835946, 36.28947356, 36.24061515, 36.19182576, 36.14306893,
        36.09432467, 36.04563395, 35.99701362, 35.94832655, 35.89964106,
        35.85097842, 35.80236439, 35.75378053, 35.70525133, 35.65673402,
        35.60826684, 35.55985696, 35.51150465, 35.46320433, 35.41502403,
        35.36701074, 35.31922462, 35.27175083, 35.22465175, 35.17793887,
        35.13168849, 35.08596359, 35.04077255, 34.99616818, 34.95223419,
        34.90893806, 34.86638493, 34.82463918, 34.78386794, 34.74368826,
        34.70423188, 34.66594544, 34.62876164, 34.59277638, 34.55808729,
        34.52487157, 34.49334312, 34.46368516, 34.43618513, 34.41119995,
        34.38912568, 34.37050122, 34.35608323, 34.34638784, 34.34236423,
        34.34545672, 34.35781033, 34.38269159, 34.42541493, 34.49576055,
        34.61704404, 34.83460653, 35.40342737]]), 'max_oct': np.float64(471.75022429745144)}"
15,17,15,17,86.7,2,2,43.35,"{'P_opt': np.float64(-9.57), 'gsnr': array([[36.13453003, 36.10192814, 36.08491908, 36.07266677, 36.06273927,
        36.05418516, 36.04653698, 36.03952996, 36.0329923 , 36.0268153 ,
        36.02091962, 36.01524588, 36.00973358, 36.00436036, 35.99910277,
        35.99393607, 35.98884409, 35.98381455, 35.97883023, 35.97388565,
        35.96897364, 35.96408451, 35.95920788, 35.95433652, 35.94942898,
        35.94403404, 35.93912104, 35.93424372, 35.92936202, 35.92447108,
        35.91955796, 35.91461658, 35.90964635, 35.9046468 , 35.89961294,
        35.89455342, 35.88946931, 35.88436261, 35.87924053, 35.87410883,
        35.86896912, 35.86382874, 35.85868052, 35.85352093, 35.84833029,
        35.84282189, 35.83762311, 35.83244758, 35.82727198, 35.82209051,
        35.81690313, 35.8117133 , 35.80650916, 35.80129013, 35.79605766,
        35.79080686, 35.78553592, 35.78024832, 35.77493795, 35.7696074 ,
        35.76425427, 35.75887372, 35.7534648 , 35.74803028, 35.74256238,
        35.73703358, 35.73096461, 35.72543514, 35.719975  , 35.7145841 ,
        35.70926101, 35.70404069, 35.69898353, 35.69419387, 35.68983363,
        35.68621557, 35.6839019 , 35.68407189, 35.68986674, 35.71570927,
        36.08522927, 36.03728344, 36.01220053, 35.99354881, 35.97776407,
        35.96351641, 35.95017272, 35.93741251, 35.92501326, 35.91284434,
        35.90081455, 35.88885438, 35.87689094, 35.86491141, 35.85289152,
        35.84080954, 35.82865306, 35.81641561, 35.80407846, 35.79164217,
        35.77909876, 35.76643111, 35.75363506, 35.74070414, 35.72756966,
        35.71364611, 35.70027186, 35.68683651, 35.67329334, 35.65964329,
        35.64586496, 35.63196657, 35.61795445, 35.60382674, 35.58957536,
        35.57521816, 35.56074577, 35.54616082, 35.53145224, 35.51662865,
        35.5016779 , 35.48661069, 35.47141661, 35.45609489, 35.44063316,
        35.42503224, 35.4092553 , 35.39308613, 35.37704945, 35.36091382,
        35.34466026, 35.32830217, 35.31181485, 35.2952067 , 35.27848011,
        35.26163052, 35.24465702, 35.22755579, 35.21005618, 35.19277601,
        35.17546122, 35.1580848 , 35.14065518, 35.12319483, 35.10570071,
        35.08808065, 35.07065478, 35.05333474, 35.03615639, 35.01917714,
        35.00257568, 34.98640211, 34.9707683 , 34.95619422, 34.94304993,
        34.9321763 , 34.92549731, 34.92635176, 34.94393388, 35.02124587,
        33.85156338, 33.75073305, 33.69862898, 33.66016745, 33.62781631,
        33.5987832 , 33.57174614, 33.54604768, 33.52125144, 33.49707329,
        33.47332382, 33.44984728, 33.42647982, 33.40320724, 33.37998068,
        33.35675428, 33.33349906, 33.31019572, 33.28681412, 33.26332961,
        33.239726  , 33.21597992, 33.19208473, 33.16805098, 33.1439381 ,
        33.11955534, 33.09506902, 33.07035171, 33.0455209 , 33.02063405,
        32.99569253, 32.97074684, 32.94581783, 32.92091294, 32.89605076,
        32.87123273, 32.84644057, 32.82166537, 32.79689969, 32.77213327,
        32.74732853, 32.72249835, 32.6976241 , 32.67269694, 32.64769527,
        32.6226119 , 32.59741877, 32.5721646 , 32.54680939, 32.52133237,
        32.49574269, 32.47005054, 32.4442009 , 32.41821617, 32.3920772 ,
        32.36577318, 32.3393264 , 32.31274719, 32.28595887, 32.25899815,
        32.23187653, 32.20460878, 32.1771835 , 32.14961449, 32.12187656,
        32.09399158, 32.06596354, 32.03779236, 32.00947361, 31.98104655,
        31.95253837, 31.92398446, 31.89543545, 31.86692963, 31.83847461,
        31.81011844, 31.78190237, 31.75383403, 31.72594874, 31.69830208,
        31.67087551, 31.64373755, 31.61693068, 31.59055229, 31.56439551,
        31.53854657, 31.51325994, 31.48850722, 31.4643536 , 31.44086341,
        31.41815181, 31.39635746, 31.37559686, 31.35605324, 31.33795351,
        31.32154672, 31.30717103, 31.29530264, 31.28623379, 31.28052719,
        31.27904495, 31.2830643 , 31.29452377, 31.31664371, 31.35622571,
        31.42124897, 31.5421785 , 31.85168511]]), 'osnr': array([[36.54287152, 36.54109926, 36.53933149, 36.53756561, 36.535801  ,
        36.53403745, 36.53227483, 36.53051308, 36.52875216, 36.52699204,
        36.5252327 , 36.52347412, 36.52171629, 36.51995921, 36.51820286,
        36.51644725, 36.51469236, 36.51293819, 36.51118474, 36.50943201,
        36.50767999, 36.50592868, 36.50417808, 36.50242818, 36.50067897,
        36.49893035, 36.49718254, 36.49543545, 36.49368906, 36.49194336,
        36.49019836, 36.48845405, 36.48671043, 36.4849675 , 36.48322526,
        36.4814837 , 36.47974284, 36.47800267, 36.47626319, 36.47452439,
        36.4727863 , 36.47104889, 36.46931217, 36.46757615, 36.4658408 ,
        36.46410607, 36.4623721 , 36.46063883, 36.45890625, 36.45717436,
        36.45544315, 36.45371263, 36.4519828 , 36.45025364, 36.44852517,
        36.44679738, 36.44507027, 36.44334383, 36.44161808, 36.439893  ,
        36.4381686 , 36.43644487, 36.43472182, 36.43299944, 36.43127773,
        36.42955669, 36.42783618, 36.42611649, 36.4243975 , 36.42267921,
        36.42096161, 36.41924471, 36.41752853, 36.41581311, 36.41409847,
        36.41238471, 36.41067197, 36.40896058, 36.40725139, 36.40554825,
        36.89528855, 36.89357125, 36.89186023, 36.89015146, 36.88844406,
        36.88673771, 36.88503224, 36.88332758, 36.88162367, 36.87992047,
        36.87821797, 36.87651614, 36.87481496, 36.87311444, 36.87141456,
        36.86971532, 36.86801671, 36.86631874, 36.86462139, 36.86292467,
        36.86122857, 36.85953308, 36.85783822, 36.85614396, 36.8544503 ,
        36.85275707, 36.85106464, 36.84937284, 36.84768165, 36.84599108,
        36.84430111, 36.84261176, 36.84092302, 36.83923488, 36.83754736,
        36.83586044, 36.83417413, 36.83248843, 36.83080333, 36.82911883,
        36.82743494, 36.82575164, 36.82406895, 36.82238685, 36.82070535,
        36.81902444, 36.8173441 , 36.81566429, 36.81398514, 36.81230659,
        36.81062864, 36.80895128, 36.80727451, 36.80559833, 36.80392274,
        36.80224773, 36.80057331, 36.79889948, 36.79722614, 36.7955535 ,
        36.79388146, 36.79221002, 36.79053918, 36.78886895, 36.78719933,
        36.78553028, 36.78386191, 36.78219419, 36.78052712, 36.77886074,
        36.77719508, 36.77553018, 36.77386607, 36.7722029 , 36.77054082,
        36.76888008, 36.76722132, 36.76556561, 36.7639159 , 36.76228572,
        35.25232667, 35.25063449, 35.24896285, 35.24729745, 35.24563518,
        35.24397489, 35.24231601, 35.24065827, 35.23900149, 35.23734554,
        35.23569036, 35.23403586, 35.23238197, 35.2307287 , 35.22907601,
        35.22742388, 35.2257723 , 35.22412127, 35.22247075, 35.22082075,
        35.21917126, 35.21752225, 35.21587372, 35.21422568, 35.21257816,
        35.21093106, 35.20928446, 35.20763829, 35.2059926 , 35.20434744,
        35.20270279, 35.20105868, 35.19941512, 35.19777211, 35.19612967,
        35.19448778, 35.19284645, 35.19120566, 35.18956541, 35.1879257 ,
        35.18628651, 35.18464783, 35.18300967, 35.181372  , 35.17973483,
        35.17809814, 35.17646192, 35.17482619, 35.17319093, 35.17155612,
        35.16992177, 35.16828789, 35.16665443, 35.16502141, 35.16338881,
        35.16175664, 35.16012488, 35.15849356, 35.15686262, 35.15523209,
        35.15360195, 35.15197223, 35.15034291, 35.14871399, 35.14708547,
        35.14545734, 35.14382961, 35.14220228, 35.14057534, 35.13894881,
        35.1373227 , 35.13569704, 35.13407186, 35.13244718, 35.13082301,
        35.12919937, 35.1275763 , 35.1259538 , 35.12433189, 35.12271062,
        35.12108997, 35.11946999, 35.11785071, 35.11623221, 35.11461348,
        35.11299631, 35.11138001, 35.10976457, 35.10815005, 35.1065365 ,
        35.10492401, 35.10331268, 35.10170261, 35.10009395, 35.09848687,
        35.09688156, 35.0952783 , 35.09367744, 35.09207923, 35.09048409,
        35.08889267, 35.08730593, 35.08572529, 35.08415308, 35.08259417,
        35.08105396, 35.07955305, 35.0781761 ]]), 'snr_nli': array([[46.60470914, 46.27116885, 46.11348564, 46.00730137, 45.9257883 ,
        45.85866985, 45.80096616, 45.74988645, 45.70364403, 45.6611119 ,
        45.62147722, 45.58413734, 45.54850053, 45.51433324, 45.48139992,
        45.44945984, 45.41835426, 45.38796205, 45.35812256, 45.32877989,
        45.2998651 , 45.27128925, 45.24295959, 45.21481178, 45.18649608,
        45.15425325, 45.12618678, 45.09854898, 45.07100513, 45.04351473,
        45.01597243, 44.98833061, 44.96058671, 44.93273911, 44.90475047,
        44.87669198, 44.84857384, 44.82041324, 44.7922677 , 44.76418217,
        44.73616878, 44.70828326, 44.68046954, 44.6527004 , 44.62482727,
        44.59470151, 44.56704103, 44.53968204, 44.51244833, 44.48529593,
        44.45822387, 44.43125669, 44.40430746, 44.37737235, 44.35046203,
        44.32354184, 44.29659953, 44.26966065, 44.24268263, 44.21568483,
        44.18865126, 44.16154954, 44.13437474, 44.10714736, 44.07981574,
        44.05219533, 44.02105785, 43.99370407, 43.96693749, 43.9407494 ,
        43.91512261, 43.89027988, 43.866607  , 43.84477073, 43.82580364,
        43.8117074 , 43.80609332, 43.8166059 , 43.86394499, 44.04642992,
        43.77664025, 43.51004045, 43.37930513, 43.28598316, 43.2093354 ,
        43.14173765, 43.0796004 , 43.0211107 , 42.9650345 , 42.91064983,
        42.85745929, 42.8050912 , 42.75317118, 42.7016283 , 42.65033932,
        42.59919744, 42.54814339, 42.49714758, 42.44612487, 42.39508138,
        42.34398425, 42.29276076, 42.24139845, 42.18987521, 42.13789758,
        42.08294247, 42.03084182, 41.97892384, 41.9269894 , 41.87504549,
        41.82300634, 41.77091084, 41.71878893, 41.66663634, 41.61442413,
        41.56222728, 41.51001104, 41.45778863, 41.40551995, 41.35324167,
        41.30091028, 41.24856986, 41.19618417, 41.14375376, 41.09123674,
        41.03864059, 40.98583663, 40.93205842, 40.87919538, 40.82641216,
        40.77364272, 40.72093531, 40.66820566, 40.61548509, 40.56278341,
        40.51008701, 40.45739464, 40.40469566, 40.35110818, 40.29865718,
        40.24650079, 40.1945476 , 40.14282123, 40.09138862, 40.04023505,
        39.98907089, 39.9388797 , 39.88937214, 39.84064289, 39.79284871,
        39.7465037 , 39.70172774, 39.65882023, 39.61926816, 39.58409177,
        39.55566268, 39.53946285, 39.54507383, 39.59936451, 39.83247882,
        39.44733197, 39.09633718, 38.92435135, 38.80131003, 38.70018785,
        38.61112013, 38.52948543, 38.45298036, 38.38009771, 38.30986315,
        38.24162994, 38.17487878, 38.10908772, 38.04419067, 37.98002415,
        37.9164394 , 37.8533409 , 37.79066364, 37.72831479, 37.66621986,
        37.60433   , 37.54257857, 37.48094611, 37.41945948, 37.3582735 ,
        37.29688329, 37.23572708, 37.17447284, 37.11342422, 37.05272301,
        36.99236553, 36.93247056, 36.87307976, 36.81420069, 36.75586779,
        36.6980731 , 36.64076164, 36.58390242, 36.52746883, 36.47142841,
        36.41568603, 36.36026584, 36.30511904, 36.25022044, 36.19551664,
        36.14098806, 36.08656903, 36.03236588, 35.97828664, 35.92428384,
        35.87037627, 35.81658441, 35.76278832, 35.70903608, 35.6552866 ,
        35.60151727, 35.54777536, 35.49408203, 35.44027805, 35.38644103,
        35.33259518, 35.27877072, 35.22494437, 35.17114387, 35.11731857,
        35.06351227, 35.00973247, 34.95597851, 34.90224124, 34.84859628,
        34.7950942 , 34.74180015, 34.68880677, 34.63618128, 34.58393177,
        34.53214178, 34.48088055, 34.43015363, 34.38001757, 34.330565  ,
        34.28175164, 34.2336923 , 34.1864526 , 34.14019602, 34.09453922,
        34.04962633, 34.00589965, 33.96329377, 33.92190951, 33.88184506,
        33.84328644, 33.80645854, 33.77154553, 33.7388457 , 33.70873052,
        33.68160722, 33.6580345 , 33.6388064 , 33.62440137, 33.61576472,
        33.61436022, 33.62237613, 33.64316615, 33.68236213, 33.75198098,
        33.86666205, 34.08250403, 34.65604757]]), 'max_oct': np.float64(458.8746202058615)}"
16,30,16,30,151.4,2,2,75.7,"{'P_opt': np.float64(-14.640000000000002), 'gsnr': array([[31.20735853, 31.19214197, 31.18366196, 31.17722197, 31.1716279 ,
        31.16679434, 31.16237962, 31.15825021, 31.15432558, 31.15055664,
        31.1469071 , 31.14334985, 31.1398559 , 31.13641574, 31.13301945,
        31.12965486, 31.12631491, 31.12299419, 31.1196844 , 31.11638367,
        31.11308916, 31.10979681, 31.1065027 , 31.10320661, 31.09990271,
        31.09658665, 31.09325702, 31.0899102 , 31.08654008, 31.08314665,
        31.07972351, 31.07626486, 31.07275801, 31.06910405, 31.06553469,
        31.06195705, 31.05836052, 31.05474432, 31.05111328, 31.04747107,
        31.04381968, 31.0401639 , 31.03650086, 31.03283098, 31.02915437,
        31.02547079, 31.02177866, 31.01807656, 31.01436201, 31.0106332 ,
        31.00688964, 31.00313112, 30.99934261, 30.99545639, 30.99162961,
        30.98779292, 30.98393604, 30.98005795, 30.97615368, 30.97222346,
        30.96826463, 30.96427341, 30.96024854, 30.95619118, 30.95209915,
        30.94797411, 30.94381628, 30.9396266 , 30.93540771, 30.93117143,
        30.926914  , 30.92264502, 30.9183811 , 30.91414454, 30.90987844,
        30.9059829 , 30.90256181, 30.90006169, 30.89970931, 30.90713125,
        31.32195982, 31.29954186, 31.28619659, 31.27536884, 31.26563057,
        31.25644745, 31.24756242, 31.23884673, 31.23020701, 31.22158861,
        31.21295258, 31.20426791, 31.19549948, 31.18664277, 31.17768691,
        31.16862068, 31.15943807, 31.15013667, 31.14070524, 31.13114483,
        31.1214513 , 31.11161386, 31.10163248, 31.09150901, 31.08122881,
        31.07079642, 31.06020925, 31.04946156, 31.03855465, 31.02749545,
        31.0162723 , 31.00489087, 30.99335513, 30.98166169, 30.96980334,
        30.95778901, 30.94560488, 30.93321826, 30.92046052, 30.90775062,
        30.89491868, 30.88193711, 30.86879031, 30.85547228, 30.84197171,
        30.82828905, 30.81441033, 30.80034138, 30.78608239, 30.77163363,
        30.75699411, 30.74217782, 30.72716586, 30.71196179, 30.69656637,
        30.68097453, 30.66518539, 30.64921096, 30.63302224, 30.61655437,
        30.60000708, 30.58330922, 30.5664499 , 30.54944252, 30.53228982,
        30.51500912, 30.49762296, 30.4801522 , 30.46263244, 30.44514669,
        30.42767135, 30.41020651, 30.39312405, 30.37655449, 30.36078335,
        30.3464859 , 30.33480281, 30.32810349, 30.33271093, 30.37798044,
        29.10188233, 29.02592246, 28.98304415, 28.94927462, 28.91954415,
        28.89191348, 28.86547095, 28.83977004, 28.8145239 , 28.78952107,
        28.76462592, 28.73973775, 28.71468819, 28.68945671, 28.66403973,
        28.63839693, 28.61250964, 28.58635641, 28.55992296, 28.53317265,
        28.50609268, 28.47866527, 28.45086874, 28.42269779, 28.39413845,
        28.3652299 , 28.33599524, 28.30644278, 28.27660618, 28.24653079,
        28.21620305, 28.18567853, 28.15496928, 28.12409006, 28.09306252,
        28.06188712, 28.03053819, 27.99899964, 27.96726388, 27.93531764,
        27.90311759, 27.87068037, 27.83798895, 27.80503496, 27.77180155,
        27.73829962, 27.70455904, 27.67095777, 27.63731385, 27.60287961,
        27.56756942, 27.53173006, 27.49535723, 27.45849555, 27.42113462,
        27.38326384, 27.34491946, 27.30611674, 27.26674223, 27.22683045,
        27.18640729, 27.14549627, 27.10407385, 27.06214995, 27.01968565,
        26.97670814, 26.93322531, 26.88923129, 26.84471265, 26.79971974,
        26.75429138, 26.70847638, 26.66234021, 26.61593123, 26.56925344,
        26.5223723 , 26.47535313, 26.42820682, 26.38098825, 26.33377639,
        26.28654109, 26.23937056, 26.19232641, 26.14552403, 26.09874378,
        26.05213136, 26.00597425, 25.96025441, 25.91507151, 25.87052475,
        25.82678485, 25.78405515, 25.7425028 , 25.70238317, 25.66402254,
        25.627774  , 25.59414168, 25.56375826, 25.53686551, 25.51403519,
        25.49630881, 25.48526787, 25.48331566, 25.4943077 , 25.52513527,
        25.59004662, 25.72652577, 26.10676469]]), 'osnr': array([[31.43952526, 31.43775031, 31.43598115, 31.43421426, 31.43244872,
        31.43068447, 31.42892125, 31.42715896, 31.42539753, 31.42363694,
        31.42187715, 31.42011814, 31.41835988, 31.41660237, 31.41484561,
        31.41308958, 31.41133427, 31.40957968, 31.40782581, 31.40607265,
        31.4043202 , 31.40256846, 31.40081741, 31.39906707, 31.39731743,
        31.39556847, 31.39382021, 31.39207263, 31.39032574, 31.38857953,
        31.38683399, 31.38508912, 31.38334491, 31.38160129, 31.37985842,
        31.37811625, 31.37637476, 31.37463394, 31.37289381, 31.37115436,
        31.3694156 , 31.36767752, 31.36594014, 31.36420343, 31.36246742,
        31.36073208, 31.35899743, 31.35726346, 31.35553017, 31.35379756,
        31.35206562, 31.35033436, 31.34860375, 31.34687376, 31.3451445 ,
        31.34341591, 31.34168799, 31.33996074, 31.33823415, 31.33650822,
        31.33478294, 31.33305833, 31.33133436, 31.32961105, 31.3278884 ,
        31.32616639, 31.32444503, 31.32272433, 31.32100428, 31.31928489,
        31.31756616, 31.31584809, 31.3141307 , 31.31241401, 31.31069797,
        31.3089829 , 31.30726889, 31.3055563 , 31.30384613, 31.30214294,
        31.7918721 , 31.79015089, 31.78843701, 31.78672565, 31.78501575,
        31.78330691, 31.78159896, 31.77989178, 31.77818531, 31.77647952,
        31.77477436, 31.77306981, 31.77136586, 31.76966249, 31.76795969,
        31.76625746, 31.76455578, 31.76285467, 31.76115409, 31.75945407,
        31.75775458, 31.75605563, 31.75435721, 31.75265932, 31.75096194,
        31.74926509, 31.74756875, 31.74587293, 31.74417761, 31.74248281,
        31.74078851, 31.73909472, 31.73740143, 31.73570865, 31.73401636,
        31.73232458, 31.73063329, 31.72894246, 31.72725195, 31.72556209,
        31.72387276, 31.72218393, 31.72049558, 31.7188077 , 31.71712029,
        31.71543335, 31.71374685, 31.7120608 , 31.7103752 , 31.70869005,
        31.70700535, 31.7053211 , 31.70363729, 31.70195391, 31.70027097,
        31.69858846, 31.69690637, 31.69522471, 31.69354346, 31.69186256,
        31.69018218, 31.68850224, 31.68682275, 31.68514372, 31.68346513,
        31.681787  , 31.68010936, 31.67843222, 31.67675561, 31.6750796 ,
        31.67340417, 31.67172932, 31.67005539, 31.66838251, 31.66671093,
        31.6650413 , 31.66337467, 31.66171326, 31.66006296, 31.65845069,
        30.14840643, 30.14666324, 30.14496093, 30.14327032, 30.14158518,
        30.13990311, 30.13822298, 30.13654423, 30.13486651, 30.13318954,
        30.13151314, 30.12983719, 30.12816146, 30.1264859 , 30.12481052,
        30.12313525, 30.12146006, 30.11978491, 30.11810977, 30.11643458,
        30.11475932, 30.11308394, 30.11140841, 30.10973271, 30.1080568 ,
        30.10638072, 30.10470451, 30.10302815, 30.1013517 , 30.09967519,
        30.09799861, 30.09632203, 30.09464545, 30.09296889, 30.09129238,
        30.0896159 , 30.08793942, 30.08626289, 30.08458629, 30.0829096 ,
        30.08123273, 30.07955569, 30.07787846, 30.07620099, 30.07452325,
        30.07284524, 30.07116701, 30.06948917, 30.06781142, 30.06613246,
        30.06445211, 30.06277092, 30.06108887, 30.05940601, 30.05772228,
        30.05603765, 30.05435215, 30.05266578, 30.0509783 , 30.04928974,
        30.04760011, 30.04590942, 30.0442176 , 30.04252462, 30.04083038,
        30.03913489, 30.03743813, 30.03574004, 30.03404055, 30.03233974,
        30.03063763, 30.0289343 , 30.02722984, 30.02552433, 30.02381775,
        30.02211021, 30.02040183, 30.01869261, 30.01698267, 30.01527215,
        30.01356098, 30.01184935, 30.01013741, 30.00842542, 30.006712  ,
        30.00499921, 30.00328692, 30.00157509, 29.99986401, 29.99815396,
        29.99644543, 29.994739  , 29.99303518, 29.99133473, 29.98963864,
        29.98794799, 29.9862643 , 29.98458948, 29.98292438, 29.9812708 ,
        29.97963182, 29.97801209, 29.97641854, 29.97486204, 29.9733616 ,
        29.97195533, 29.9707395 , 29.9701258 ]]), 'snr_nli': array([[44.0427679 , 43.78977946, 43.66755105, 43.58372666, 43.51580631,
        43.46168296, 43.41516145, 43.37380468, 43.33615387, 43.30132082,
        43.26865602, 43.23767895, 43.20789278, 43.17912486, 43.15120068,
        43.12391417, 43.09714467, 43.07080004, 43.04474495, 43.01894633,
        42.99335741, 42.96791322, 42.9425524 , 42.91727088, 42.89198003,
        42.86661529, 42.84115719, 42.81555385, 42.78971801, 42.76365344,
        42.73727073, 42.71049107, 42.68313768, 42.65379712, 42.62582012,
        42.59786263, 42.56977486, 42.54154908, 42.51325575, 42.48494792,
        42.4566542 , 42.42844101, 42.40026866, 42.37214283, 42.34406504,
        42.31603202, 42.28802276, 42.26001868, 42.2319876 , 42.20390695,
        42.17577206, 42.14758165, 42.11914326, 42.08959126, 42.06095423,
        42.03233595, 42.00360717, 41.9747577 , 41.94572834, 41.91652591,
        41.88712139, 41.8574727 , 41.8275699 , 41.7974322 , 41.76703864,
        41.73641467, 41.70556793, 41.67451489, 41.64329111, 41.61203923,
        41.5807169 , 41.54943747, 41.51839161, 41.4878305 , 41.45710137,
        41.43071751, 41.4097791 , 41.39922385, 41.41276974, 41.51488385,
        41.21247274, 41.01302506, 40.9036235 , 40.81914151, 40.7456829 ,
        40.67810965, 40.61397827, 40.55207   , 40.49152513, 40.43184741,
        40.37269295, 40.31379799, 40.25487742, 40.19590265, 40.13679655,
        40.07748281, 40.01792886, 39.95813114, 39.89802019, 39.83762128,
        39.77692062, 39.7158573 , 39.65445048, 39.59273231, 39.53061815,
        39.46816041, 39.40536076, 39.34219982, 39.27870633, 39.21494518,
        39.15085745, 39.08649886, 39.02191172, 38.95709063, 38.89200692,
        38.82673217, 38.76119749, 38.69522476, 38.62784348, 38.56155269,
        38.49534338, 38.42906337, 38.36263538, 38.29603892, 38.22922567,
        38.16221348, 38.09494245, 38.02746013, 37.95978283, 37.89192643,
        37.82389996, 37.75578732, 37.68750518, 37.61908462, 37.55054163,
        37.48186368, 37.41305873, 37.34419472, 37.27514715, 37.20563417,
        37.13657875, 37.06765506, 36.99881747, 36.93012782, 36.86159921,
        36.793306  , 36.72534081, 36.65778493, 36.59077624, 36.52463839,
        36.45925339, 36.39460221, 36.3321249 , 36.27226559, 36.2160494 ,
        36.16595551, 36.12615996, 36.10541391, 36.12747853, 36.30664458,
        35.79499265, 35.45704014, 35.27715061, 35.14041896, 35.02323165,
        34.91670929, 34.81672174, 34.72123498, 34.62895934, 34.53896933,
        34.45067515, 34.36364827, 34.27724071, 34.19136422, 34.10599434,
        34.02098086, 33.93625506, 33.85174226, 33.76739523, 33.6830959 ,
        33.5988092 , 33.51448579, 33.43006657, 33.34554624, 33.26089311,
        33.1762378 , 33.09165629, 33.00717696, 32.92290042, 32.83895578,
        32.75529833, 32.67207927, 32.58932168, 32.5070548 , 32.42532498,
        32.34411945, 32.26335678, 32.18298395, 32.10297223, 32.0232794 ,
        31.94378876, 31.86453872, 31.78548248, 31.70659629, 31.62783664,
        31.54922837, 31.47084028, 31.39355769, 31.3169256 , 31.23920114,
        31.1602227 , 31.08081363, 31.00097877, 30.92083118, 30.84035874,
        30.75954922, 30.67849171, 30.59722705, 30.51552269, 30.43346427,
        30.35111628, 30.26853576, 30.18568195, 30.10258283, 30.01916784,
        29.93549956, 29.85160029, 29.76746482, 29.68307342, 29.59852837,
        29.51390639, 29.42929997, 29.34482913, 29.26057811, 29.17654742,
        29.09284841, 29.00958837, 28.92677438, 28.8444908 , 28.76286139,
        28.6818169 , 28.60149399, 28.52197983, 28.4434505 , 28.3655137 ,
        28.28839749, 28.21256095, 28.1379466 , 28.064692  , 27.99293091,
        27.92291034, 27.85492469, 27.78920488, 27.72611865, 27.66614021,
        27.60977925, 27.55777646, 27.51106584, 27.46996442, 27.43530606,
        27.40865405, 27.39240982, 27.39025987, 27.4081854 , 27.45701944,
        27.55953128, 27.77703628, 28.40437056]]), 'max_oct': np.float64(393.8086850580981)}"
8,9,8,9,148.1,2,2,74.05,"{'P_opt': np.float64(-14.310000000000002), 'gsnr': array([[31.51873708, 31.50231464, 31.49323433, 31.48637683, 31.48043545,
        31.47532825, 31.47067758, 31.46633786, 31.46222133, 31.45827452,
        31.45445791, 31.45074196, 31.44709511, 31.44350702, 31.43996686,
        31.4364614 , 31.43298295, 31.42952563, 31.42608042, 31.42264525,
        31.41921706, 31.41579144, 31.41236411, 31.40893486, 31.40549734,
        31.40204684, 31.39858184, 31.39509839, 31.3915899 , 31.38805633,
        31.38449072, 31.38088673, 31.37723044, 31.37341022, 31.36968658,
        31.36595444, 31.3622021 , 31.35842868, 31.35463935, 31.35083809,
        31.34702702, 31.34321133, 31.3393879 , 31.33555717, 31.33171923,
        31.32787382, 31.32401915, 31.32015363, 31.31627438, 31.31237904,
        31.30846583, 31.3045272 , 31.30048165, 31.29650307, 31.29251786,
        31.28851297, 31.28448446, 31.28043248, 31.27635204, 31.27224358,
        31.26810431, 31.26393018, 31.25971989, 31.25547469, 31.25119228,
        31.24687446, 31.24252147, 31.23813434, 31.23371583, 31.22927858,
        31.22481783, 31.22034183, 31.2158555 , 31.21126882, 31.20695836,
        31.20292645, 31.19939655, 31.19686885, 31.19668365, 31.20498008,
        31.61385789, 31.58965185, 31.57533161, 31.56375535, 31.55336765,
        31.54358662, 31.53413243, 31.52486497, 31.51568266, 31.50652608,
        31.49735293, 31.48812952, 31.47881774, 31.46941275, 31.4599028 ,
        31.4502758 , 31.44052528, 31.43064869, 31.42063393, 31.41048221,
        31.4001891 , 31.38974305, 31.37914407, 31.36839427, 31.35747792,
        31.3464    , 31.33515785, 31.32374535, 31.31216396, 31.30042118,
        31.2885044 , 31.2764197 , 31.26417111, 31.2517545 , 31.23916068,
        31.22639461, 31.21341339, 31.20003939, 31.18672296, 31.17328924,
        31.15969244, 31.14593103, 31.13199309, 31.11787382, 31.10356185,
        31.08905816, 31.07434806, 31.05943809, 31.04432865, 31.0290202 ,
        31.01351194, 30.99781899, 30.98192122, 30.96582267, 30.94952431,
        30.93302088, 30.91631164, 30.89940963, 30.88228396, 30.86486317,
        30.84736582, 30.82971353, 30.81189476, 30.7939239 , 30.77580389,
        30.75755313, 30.7391953 , 30.72075154, 30.70225604, 30.68377296,
        30.66522229, 30.64694641, 30.62900225, 30.61158128, 30.59501229,
        30.58001872, 30.56781719, 30.56093305, 30.56610556, 30.61465632,
        29.3540231 , 29.27302252, 29.22745258, 29.19163978, 29.16015967,
        29.13093625, 29.10299386, 29.07584974, 29.04919896, 29.02284665,
        28.99661639, 28.97040093, 28.94402553, 28.91746845, 28.89072737,
        28.86375859, 28.83654229, 28.80904958, 28.78126996, 28.75318586,
        28.72477576, 28.69600601, 28.66685436, 28.63731946, 28.60738569,
        28.57709961, 28.54648765, 28.51555754, 28.48434097, 28.45288787,
        28.42118455, 28.3892866 , 28.35721325, 28.32498278, 28.29261794,
        28.26011645, 28.22744671, 28.19459469, 28.16155307, 28.12830819,
        28.09481494, 28.06109082, 28.02711819, 27.99288844, 27.9583841 ,
        27.92361649, 27.88861664, 27.85377616, 27.81889713, 27.78322309,
        27.74665854, 27.70956277, 27.67193144, 27.63381138, 27.59519212,
        27.5560631 , 27.51646245, 27.47640621, 27.4357774 , 27.39461252,
        27.35293888, 27.31078112, 27.26811561, 27.22495308, 27.18125385,
        27.13704648, 27.09233953, 27.0471274 , 27.0013969 , 26.95520061,
        26.90857918, 26.86158348, 26.8142817 , 26.76672409, 26.71891529,
        26.67092303, 26.62281449, 26.57460103, 26.52633909, 26.47810956,
        26.42988164, 26.38174584, 26.33376511, 26.28605783, 26.23839727,
        26.19093199, 26.14395736, 26.09745395, 26.05152308, 26.00626556,
        25.96185543, 25.91849978, 25.87636874, 25.83572258, 25.79689377,
        25.76024195, 25.72628102, 25.69565516, 25.66861314, 25.64573995,
        25.6281002 , 25.61731066, 25.61582885, 25.62759911, 25.65967544,
        25.72665326, 25.86696845, 26.25750005]]), 'osnr': array([[31.77070606, 31.76893095, 31.76716172, 31.76539478, 31.76362919,
        31.7618649 , 31.76010166, 31.75833934, 31.75657789, 31.75481727,
        31.75305746, 31.75129843, 31.74954015, 31.74778263, 31.74602585,
        31.7442698 , 31.74251447, 31.74075987, 31.73900598, 31.73725281,
        31.73550034, 31.73374858, 31.73199752, 31.73024716, 31.7284975 ,
        31.72674853, 31.72500025, 31.72325266, 31.72150575, 31.71975952,
        31.71801397, 31.71626909, 31.71452486, 31.71278122, 31.71103834,
        31.70929615, 31.70755463, 31.7058138 , 31.70407365, 31.70233419,
        31.70059541, 31.69885732, 31.69711992, 31.6953832 , 31.69364716,
        31.69191181, 31.69017715, 31.68844316, 31.68670985, 31.68497722,
        31.68324526, 31.68151397, 31.67978329, 31.67805334, 31.67632407,
        31.67459547, 31.67286753, 31.67114027, 31.66941366, 31.66768771,
        31.66596242, 31.66423779, 31.66251381, 31.66079048, 31.65906781,
        31.65734578, 31.65562441, 31.65390369, 31.65218362, 31.65046421,
        31.64874546, 31.64702738, 31.64530996, 31.64359313, 31.64187719,
        31.64016214, 31.63844814, 31.63673557, 31.63502545, 31.63332243,
        32.12305141, 32.12132995, 32.11961595, 32.1179045 , 32.11619453,
        32.11448563, 32.11277762, 32.11107038, 32.10936387, 32.10765802,
        32.10595281, 32.10424822, 32.10254422, 32.1008408 , 32.09913795,
        32.09743567, 32.09573394, 32.09403278, 32.09233215, 32.09063208,
        32.08893254, 32.08723354, 32.08553506, 32.08383712, 32.08213969,
        32.08044278, 32.07874639, 32.0770505 , 32.07535513, 32.07366027,
        32.07196591, 32.07027206, 32.06857872, 32.06688587, 32.06519352,
        32.06350167, 32.06181028, 32.06011921, 32.0584288 , 32.05673893,
        32.05504955, 32.05336066, 32.05167225, 32.04998431, 32.04829684,
        32.04660983, 32.04492327, 32.04323716, 32.0415515 , 32.03986628,
        32.03818151, 32.0364972 , 32.03481332, 32.03312988, 32.03144687,
        32.02976429, 32.02808214, 32.02640042, 32.0247191 , 32.02303813,
        32.02135768, 32.01967768, 32.01799813, 32.01631902, 32.01464037,
        32.01296219, 32.01128448, 32.00960728, 32.0079306 , 32.0062545 ,
        32.00457891, 32.00290412, 32.00123019, 31.99955729, 31.99788569,
        31.99621606, 31.99454946, 31.99288813, 31.99123801, 31.98962633,
        30.47958166, 30.47783771, 30.47613505, 30.47444421, 30.47275889,
        30.47107667, 30.46939641, 30.46771754, 30.4660397 , 30.46436265,
        30.46268618, 30.46101015, 30.45933434, 30.45765872, 30.45598327,
        30.45430794, 30.45263269, 30.45095747, 30.44928226, 30.44760704,
        30.44593175, 30.44425635, 30.44258079, 30.44090506, 30.43922912,
        30.43755303, 30.43587681, 30.43420045, 30.432524  , 30.4308475 ,
        30.42917093, 30.42749437, 30.42581782, 30.42414131, 30.42246487,
        30.42078847, 30.41911207, 30.41743564, 30.41575915, 30.41408258,
        30.41240585, 30.41072896, 30.40905188, 30.40737459, 30.40569703,
        30.40401923, 30.4023412 , 30.40066359, 30.39898606, 30.39730735,
        30.39562727, 30.39394638, 30.39226464, 30.39058211, 30.38889874,
        30.38721449, 30.38552939, 30.38384343, 30.38215639, 30.3804683 ,
        30.37877916, 30.37708899, 30.37539771, 30.3737053 , 30.37201166,
        30.37031681, 30.3686207 , 30.36692331, 30.36522455, 30.3635245 ,
        30.36182319, 30.36012069, 30.35841711, 30.35671252, 30.35500689,
        30.35330035, 30.35159301, 30.34988489, 30.34817607, 30.34646673,
        30.34475679, 30.34304643, 30.3413358 , 30.33962518, 30.33791318,
        30.33620186, 30.33449107, 30.33278079, 30.3310713 , 30.32936289,
        30.32765603, 30.3259513 , 30.32424921, 30.32255053, 30.32085621,
        30.31916733, 30.31748541, 30.31581232, 30.31414894, 30.31249702,
        30.31085965, 30.30924142, 30.3076492 , 30.30609378, 30.304594  ,
        30.30318765, 30.30197019, 30.30134988]]), 'snr_nli': array([[44.00848489, 43.75391674, 43.63096669, 43.54666072, 43.47826951,
        43.42385021, 43.37708262, 43.33551315, 43.29767427, 43.26267226,
        43.22985394, 43.19873584, 43.16881849, 43.13992824, 43.11188938,
        43.08449504, 43.05762378, 43.03118289, 43.00503644, 42.97915109,
        42.95347983, 42.92795739, 42.90252217, 42.87717015, 42.85181227,
        42.82638388, 42.80086544, 42.77520495, 42.74931484, 42.72319893,
        42.69676709, 42.66993984, 42.6425377 , 42.61308672, 42.58506626,
        42.55707187, 42.52895076, 42.50069444, 42.47237283, 42.44403881,
        42.41572067, 42.38748481, 42.35929121, 42.33114538, 42.30304862,
        42.27499738, 42.24696985, 42.21894654, 42.19089309, 42.16278206,
        42.13459366, 42.10623917, 42.07674818, 42.04820707, 42.01973091,
        41.99116619, 41.96246907, 41.93364434, 41.90463745, 41.87545728,
        41.84607578, 41.81645137, 41.78657439, 41.75646444, 41.72610067,
        41.69550868, 41.66469609, 41.63367914, 41.60249252, 41.57127722,
        41.53998348, 41.50870186, 41.4774854 , 41.44538449, 41.41636416,
        41.39039735, 41.36976074, 41.35957821, 41.37372556, 41.47732409,
        41.17498189, 40.97413458, 40.86421666, 40.77946058, 40.70583716,
        40.63815986, 40.57396281, 40.51201613, 40.45145237, 40.39177077,
        40.3326243 , 40.27374672, 40.21485052, 40.15590672, 40.09683739,
        40.03756564, 39.97805847, 39.91831198, 39.85825633, 39.7979167 ,
        39.73727899, 39.67628207, 39.6149449 , 39.55329966, 39.49126139,
        39.42888255, 39.36616485, 39.30308869, 39.23968251, 39.17601102,
        39.11201424, 39.04774704, 38.98325006, 38.91851441, 38.85350271,
        38.78826027, 38.72256086, 38.65544006, 38.58943156, 38.52355352,
        38.45756275, 38.39146222, 38.32520056, 38.25876574, 38.19211286,
        38.12526159, 38.05815279, 37.99083488, 37.92332427, 37.85563709,
        37.78778278, 37.71984529, 37.65174105, 37.58350137, 37.51514228,
        37.44665124, 37.37803638, 37.30936577, 37.24051449, 37.17119041,
        37.1023389 , 37.03362303, 36.96499679, 36.89652193, 36.82821113,
        36.76013792, 36.6923932 , 36.62505389, 36.55824341, 36.49219391,
        36.42658443, 36.36268128, 36.30064597, 36.2411257 , 36.18524196,
        36.1354977 , 36.0960897 , 36.07580488, 36.0984944 , 36.27892925,
        35.76881671, 35.4301512 , 35.25016787, 35.11350412, 34.99646372,
        34.89012939, 34.79035364, 34.69507616, 34.60300958, 34.51333511,
        34.42534632, 34.33861421, 34.25250426, 34.16692775, 34.08186452,
        33.99716036, 33.91274556, 33.82852511, 33.74446613, 33.66051542,
        33.57661029, 33.49265437, 33.40858995, 33.32442365, 33.24012015,
        33.15582412, 33.07161605, 32.98752011, 32.90362528, 32.82006598,
        32.73679839, 32.65396527, 32.57160683, 32.48975867, 32.40846626,
        32.32770901, 32.24739318, 32.16747277, 32.08792013, 32.00869315,
        31.92967535, 31.85090466, 31.77233408, 31.69393964, 31.61567755,
        31.53757182, 31.45969016, 31.38290943, 31.30675814, 31.22954862,
        31.15110303, 31.07223638, 30.99295243, 30.91336351, 30.83345707,
        30.75322074, 30.67274317, 30.59206444, 30.51095321, 30.42949503,
        30.34775393, 30.26578628, 30.18355191, 30.10107857, 30.01829614,
        29.93526668, 29.85201231, 29.7685277 , 29.68479358, 29.60091202,
        29.51695976, 29.43302924, 29.34924072, 29.2656785 , 29.18234366,
        29.09934744, 29.01679657, 28.93469833, 28.85313683, 28.77223505,
        28.6919246 , 28.6123417 , 28.53357321, 28.45579493, 28.37861435,
        28.30225774, 28.22718415, 28.15333592, 28.08084981, 28.00985908,
        27.94060991, 27.87339563, 27.80844668, 27.74613001, 27.68691856,
        27.63132065, 27.58007516, 27.53411249, 27.49375477, 27.45983777,
        27.43392422, 27.41841357, 27.41698852, 27.43562364, 27.48513952,
        27.58827835, 27.80627906, 28.43354635]]), 'max_oct': np.float64(397.02427869401885)}"
8,27,8,27,76.7,1,1,76.7,"{'P_opt': np.float64(-14.840000000000003), 'gsnr': array([[31.01727421, 31.0027179 , 30.99456622, 30.9883543 , 30.98294934,
        30.97826496, 30.9739788 , 30.96996391, 30.96614369, 30.96247147,
        30.95891271, 30.95544163, 30.95203065, 30.94867073, 30.94535244,
        30.94206417, 30.93879922, 30.93555244, 30.93231594, 30.92908792,
        30.92586568, 30.92264537, 30.91942325, 30.91619909, 30.91296734,
        30.90972386, 30.9064673 , 30.90319419, 30.89989872, 30.89658087,
        30.89323455, 30.88985425, 30.88642791, 30.88286333, 30.87937708,
        30.87588268, 30.87237008, 30.86883858, 30.86529279, 30.86173623,
        30.85817082, 30.85460111, 30.85102439, 30.84744104, 30.84385118,
        30.84025456, 30.83664969, 30.8330352 , 30.82940872, 30.82576852,
        30.82211414, 30.81844534, 30.81474788, 30.81095852, 30.80722424,
        30.80348025, 30.7997168 , 30.79593291, 30.79212382, 30.78828976,
        30.78442817, 30.78053542, 30.77661033, 30.77265394, 30.76866418,
        30.76464261, 30.76058938, 30.75650536, 30.75239302, 30.74826356,
        30.74411334, 30.73995144, 30.73579357, 30.73166091, 30.72750113,
        30.72369058, 30.72032969, 30.71784255, 30.71739423, 30.72432769,
        31.1423724 , 31.12094206, 31.10813284, 31.09771524, 31.08833196,
        31.07947513, 31.07090029, 31.06248502, 31.0541405 , 31.04581472,
        31.03747062, 31.02907867, 31.02060537, 31.01204639, 31.00339137,
        30.99462956, 30.98575519, 30.97676596, 30.96765107, 30.9584115 ,
        30.94904325, 30.93953596, 30.92988956, 30.92010578, 30.91017054,
        30.90008813, 30.88985601, 30.87946862, 30.86892715, 30.85823817,
        30.84739048, 30.83638946, 30.82523884, 30.81393531, 30.8024719 ,
        30.79085709, 30.77907761, 30.76710206, 30.7547713 , 30.74248158,
        30.73007266, 30.71751803, 30.70480268, 30.69192076, 30.67886134,
        30.66562475, 30.65219753, 30.63858513, 30.6247877 , 30.61080542,
        30.5966372 , 30.58229645, 30.56776492, 30.55304592, 30.5381401 ,
        30.52304249, 30.5077521 , 30.49228041, 30.47659939, 30.4606476 ,
        30.44461489, 30.42843385, 30.41209391, 30.39560786, 30.3789782 ,
        30.36222154, 30.34535948, 30.328412  , 30.31141327, 30.29444317,
        30.27747879, 30.26052138, 30.24392679, 30.22782196, 30.21248184,
        30.19855714, 30.18714694, 30.18053412, 30.18481017, 30.22823856,
        28.94364828, 28.87045953, 28.82907385, 28.79645891, 28.76763628,
        28.74084689, 28.71520981, 28.6902835 , 28.66579052, 28.64153356,
        28.61737891, 28.59319059, 28.56884474, 28.5443244 , 28.519619  ,
        28.49468894, 28.46951548, 28.44407822, 28.41836331, 28.39233969,
        28.36598815, 28.33928026, 28.31220601, 28.28476636, 28.2569433 ,
        28.22877386, 28.20028028, 28.17147077, 28.14238125, 28.11304638,
        28.0834573 , 28.05365978, 28.02367727, 27.99351783, 27.96320691,
        27.93274284, 27.90210029, 27.87126333, 27.84022452, 27.80897083,
        27.77745994, 27.745708  , 27.71369835, 27.68142274, 27.6488647 ,
        27.61603498, 27.58296309, 27.55002116, 27.51703491, 27.4832589 ,
        27.44861198, 27.41343566, 27.37772591, 27.34152621, 27.30482627,
        27.26761542, 27.22992894, 27.19178167, 27.15306197, 27.11380323,
        27.07403062, 27.03376704, 26.99298897, 26.95170584, 26.90987908,
        26.86753515, 26.82468155, 26.78131225, 26.73741361, 26.69303479,
        26.64821362, 26.60299777, 26.55745126, 26.51162138, 26.46551174,
        26.4191866 , 26.37271028, 26.32609341, 26.27939009, 26.23267824,
        26.18592804, 26.13922646, 26.09263439, 26.04626563, 25.99990446,
        25.95369519, 25.90792102, 25.86256468, 25.81772509, 25.77350063,
        25.73006043, 25.68760594, 25.64630284, 25.60640402, 25.56823268,
        25.53213866, 25.4986213 , 25.46830732, 25.44143432, 25.41856653,
        25.4007331 , 25.38949686, 25.38723252, 25.39774885, 25.4278515 ,
        25.49160614, 25.62599643, 26.00075268]]), 'osnr': array([[31.23885176, 31.23707687, 31.23530775, 31.23354088, 31.23177536,
        31.23001112, 31.22824792, 31.22648564, 31.22472422, 31.22296364,
        31.22120386, 31.21944485, 31.2176866 , 31.21592911, 31.21417235,
        31.21241632, 31.21066102, 31.20890644, 31.20715258, 31.20539942,
        31.20364698, 31.20189524, 31.2001442 , 31.19839387, 31.19664423,
        31.19489528, 31.19314702, 31.19139945, 31.18965256, 31.18790635,
        31.18616082, 31.18441596, 31.18267176, 31.18092814, 31.17918528,
        31.17744311, 31.17570162, 31.17396081, 31.17222069, 31.17048124,
        31.16874249, 31.16700442, 31.16526703, 31.16353034, 31.16179433,
        31.160059  , 31.15832435, 31.15659039, 31.1548571 , 31.15312449,
        31.15139256, 31.1496613 , 31.1479307 , 31.14620071, 31.14447145,
        31.14274287, 31.14101496, 31.13928771, 31.13756112, 31.1358352 ,
        31.13410993, 31.13238532, 31.13066136, 31.12893805, 31.1272154 ,
        31.12549339, 31.12377204, 31.12205134, 31.12033129, 31.1186119 ,
        31.11689318, 31.11517511, 31.11345773, 31.11174104, 31.110025  ,
        31.10830992, 31.10659591, 31.1048833 , 31.10317309, 31.10146981,
        31.59119902, 31.58947793, 31.5877641 , 31.58605277, 31.5843429 ,
        31.58263408, 31.58092614, 31.57921898, 31.57751253, 31.57580675,
        31.57410161, 31.57239708, 31.57069313, 31.56898978, 31.56728699,
        31.56558477, 31.56388311, 31.562182  , 31.56048144, 31.55878143,
        31.55708196, 31.55538301, 31.5536846 , 31.55198672, 31.55028936,
        31.54859252, 31.54689619, 31.54520038, 31.54350507, 31.54181028,
        31.54011599, 31.53842221, 31.53672893, 31.53503616, 31.53334388,
        31.53165211, 31.52996082, 31.52827   , 31.5265795 , 31.52488966,
        31.52320033, 31.52151151, 31.51982316, 31.51813529, 31.51644789,
        31.51476094, 31.51307445, 31.5113884 , 31.50970281, 31.50801766,
        31.50633296, 31.50464871, 31.5029649 , 31.50128152, 31.49959858,
        31.49791606, 31.49623397, 31.49455231, 31.49287106, 31.49119015,
        31.48950976, 31.48782982, 31.48615032, 31.48447127, 31.48279266,
        31.48111453, 31.47943687, 31.47775971, 31.47608308, 31.47440704,
        31.47273159, 31.47105672, 31.46938276, 31.46770984, 31.46603822,
        31.46436854, 31.46270185, 31.46104037, 31.45938994, 31.45777743,
        29.94773294, 29.94598993, 29.94428769, 29.94259713, 29.94091191,
        29.93922978, 29.9375496 , 29.9358708 , 29.93419302, 29.93251599,
        29.93083955, 29.9291635 , 29.92748767, 29.92581202, 29.92413655,
        29.92246118, 29.92078589, 29.91911063, 29.91743538, 29.91576008,
        29.9140847 , 29.91240918, 29.9107335 , 29.90905765, 29.90738159,
        29.90570536, 29.90402898, 29.90235246, 29.90067583, 29.89899913,
        29.89732236, 29.89564555, 29.89396875, 29.89229196, 29.89061521,
        29.88893848, 29.88726174, 29.88558494, 29.88390806, 29.88223107,
        29.88055389, 29.87887654, 29.87719897, 29.87552116, 29.87384306,
        29.87216469, 29.87048607, 29.86880784, 29.86712971, 29.86545033,
        29.86376953, 29.86208788, 29.86040534, 29.85872196, 29.85703771,
        29.85535253, 29.85366646, 29.85197949, 29.85029139, 29.84860218,
        29.84691188, 29.84522049, 29.84352795, 29.84183422, 29.8401392 ,
        29.8384429 , 29.83674529, 29.83504633, 29.83334593, 29.83164417,
        29.82994109, 29.82823674, 29.82653124, 29.82482465, 29.82311695,
        29.82140825, 29.81969867, 29.81798822, 29.816277  , 29.81456517,
        29.81285265, 29.81113964, 29.80942627, 29.80771282, 29.8059979 ,
        29.80428357, 29.8025697 , 29.80085627, 29.79914356, 29.79743185,
        29.79572163, 29.7940135 , 29.79230797, 29.79060581, 29.78890802,
        29.78721569, 29.78553034, 29.78385394, 29.78218732, 29.78053229,
        29.77889198, 29.77727107, 29.77567657, 29.77411947, 29.77261897,
        29.77121359, 29.77000058, 29.76939592]]), 'snr_nli': array([[44.05017757, 43.79839776, 43.67671391, 43.59324701, 43.52565355,
        43.47174444, 43.42540001, 43.38419507, 43.34667736, 43.3119629 ,
        43.27940501, 43.24852536, 43.21882916, 43.19014455, 43.16229791,
        43.13508381, 43.10838221, 43.08210137, 43.05610645, 43.03036458,
        43.00482919, 42.97943553, 42.95412245, 42.92888583, 42.90363737,
        42.87831259, 42.85289204, 42.82732396, 42.8015213 , 42.77548776,
        42.74913441, 42.72238282, 42.69505764, 42.6657794 , 42.63782693,
        42.60988999, 42.58182047, 42.55361103, 42.52533245, 42.49703785,
        42.46875601, 42.44055329, 42.41239018, 42.38427237, 42.35620134,
        42.32817379, 42.30016887, 42.27216791, 42.24413879, 42.21605892,
        42.18792355, 42.15973147, 42.13129147, 42.10175777, 42.07311613,
        42.04449035, 42.01575209, 41.98689117, 41.95784854, 41.92863093,
        41.89920929, 41.86954158, 41.83961776, 41.80945681, 41.77903763,
        41.74838537, 41.71750731, 41.68641948, 41.6551569 , 41.62386097,
        41.59248906, 41.56115336, 41.53004279, 41.49940664, 41.46861707,
        41.442113  , 41.42100727, 41.41020203, 41.42331473, 41.52432693,
        41.22191019, 41.02351876, 40.9145099 , 40.83023835, 40.75690789,
        40.68941698, 40.62533899, 40.56346357, 40.50293684, 40.44326593,
        40.38410931, 40.32520502, 40.26626973, 40.20727517, 40.14814479,
        40.08880273, 40.02921669, 39.96938337, 39.90923358, 39.84879265,
        39.78804697, 39.72693578, 39.66547835, 39.60370678, 39.54153662,
        39.47902013, 39.41615893, 39.35293364, 39.28937304, 39.22554189,
        39.16138162, 39.09694785, 39.03228283, 38.96738109, 38.90221414,
        38.83685343, 38.7712303 , 38.70516707, 38.63771107, 38.57132392,
        38.50501509, 38.43863272, 38.37209974, 38.30539562, 38.23847212,
        38.17134701, 38.10396052, 38.03636002, 37.96856199, 37.90058232,
        37.83242985, 37.76418858, 37.69577537, 37.62722117, 37.55854196,
        37.4897252 , 37.42077877, 37.35177044, 37.28257583, 37.21291838,
        37.14370962, 37.07462947, 37.00563224, 36.93677959, 36.86808449,
        36.79962118, 36.73148208, 36.66374819, 36.59655695, 36.5302313 ,
        36.4646528 , 36.39980739, 36.33712245, 36.27704566, 36.22059868,
        36.17025436, 36.13017711, 36.10909329, 36.13069797, 36.30893413,
        35.79616209, 35.45874848, 35.27901674, 35.14240534, 35.02491771,
        34.91815589, 34.8179781 , 34.72230363, 34.62983954, 34.53968643,
        34.45124278, 34.36393335, 34.27726054, 34.19114632, 34.10553967,
        34.02028851, 33.93532221, 33.85056787, 33.76597866, 33.68145204,
        33.59693015, 33.51232771, 33.42762365, 33.34283307, 33.25791018,
        33.17298335, 33.08812862, 33.00337539, 32.91883456, 32.83460762,
        32.75066332, 32.66712978, 32.5840648 , 32.50147985, 32.41943408,
        32.33790902, 32.25682233, 32.17612069, 32.09577547, 32.01574454,
        31.93591114, 31.85631402, 31.77690657, 31.69766519, 31.61854664,
        31.53957651, 31.46082494, 31.38318633, 31.30621259, 31.22812203,
        31.14876045, 31.06896018, 30.98872734, 30.9081757 , 30.82729354,
        30.74606876, 30.66459087, 30.58290124, 30.50076635, 30.4182719 ,
        30.3354828 , 30.25245659, 30.16915211, 30.08559744, 30.00172174,
        29.9175879 , 29.83321843, 29.74860817, 29.66373706, 29.5787076 ,
        29.49359658, 29.40849661, 29.32352763, 29.23877392, 29.15423558,
        29.07002414, 28.98624734, 28.90291217, 28.82010325, 28.73794487,
        28.65636723, 28.5755073 , 28.49545253, 28.4163792 , 28.33789517,
        28.26022988, 28.18384246, 28.10867562, 28.03486752, 27.96255238,
        27.8919779 , 27.82343943, 27.75716833, 27.69353308, 27.63300902,
        27.57610702, 27.52356961, 27.47633322, 27.43471127, 27.39953587,
        27.37237086, 27.35561949, 27.35297166, 27.37041444, 27.41879196,
        27.5208976 , 27.73811475, 28.3656502 ]]), 'max_oct': np.float64(391.7758794152704)}"
9,14,9,14,10.0,1,1,10.0,"{'P_opt': np.float64(-3.0), 'gsnr': array([[40.67658423, 40.48245335, 40.38893291, 40.32539182, 40.27632437,
        40.23576184, 40.20077343, 40.16968387, 40.14144682, 40.115315  ,
        40.09063619, 40.06627572, 40.03178603, 40.00978796, 39.98984309,
        39.97102686, 39.95305778, 39.93576998, 39.91907281, 39.90285772,
        39.88703812, 39.87152612, 39.85616849, 39.84041162, 39.81800989,
        39.80284346, 39.78862392, 39.77483643, 39.76136227, 39.74810321,
        39.73505423, 39.72217031, 39.70940101, 39.69669609, 39.68399158,
        39.67107283, 39.65717426, 39.63265462, 39.61906482, 39.60670035,
        39.59479436, 39.58314345, 39.57169585, 39.56040778, 39.5492564 ,
        39.53821285, 39.52728605, 39.51645669, 39.5057257 , 39.49508092,
        39.48450781, 39.47397816, 39.46352765, 39.45313424, 39.44277303,
        39.43242822, 39.42205876, 39.41155248, 39.40067525, 39.38827924,
        39.36034012, 39.34837056, 39.33829309, 39.32896573, 39.32017612,
        39.31186442, 39.30403855, 39.29674399, 39.29007599, 39.28408465,
        39.27903614, 39.2751905 , 39.27291853, 39.27276254, 39.27564663,
        39.28296417, 39.29742206, 39.32480472, 39.38075938, 39.53894048,
        39.6847327 , 39.49587151, 39.41447539, 39.36231032, 39.31646277,
        39.2855023 , 39.25991167, 39.23751033, 39.21731959, 39.19870224,
        39.18125643, 39.16471094, 39.14894061, 39.13373316, 39.11898804,
        39.1046197 , 39.09055557, 39.07673828, 39.06313485, 39.04969688,
        39.03639832, 39.02322089, 39.01013972, 38.99712398, 38.98417166,
        38.97123989, 38.95829868, 38.94530343, 38.93214253, 38.91833503,
        38.89850224, 38.88496201, 38.87211799, 38.8594838 , 38.84695797,
        38.8344702 , 38.82201312, 38.80956231, 38.7971149 , 38.78464315,
        38.7721443 , 38.75955407, 38.74669907, 38.73141561, 38.71864157,
        38.70613047, 38.693699  , 38.6812594 , 38.66871538, 38.65500112,
        38.64252676, 38.63017563, 38.6178542 , 38.60540441, 38.59144315,
        38.57915405, 38.56709739, 38.55512541, 38.54320985, 38.53118931,
        38.51739476, 38.50572609, 38.4944385 , 38.48332153, 38.47156229,
        38.4611073 , 38.45111029, 38.4411373 , 38.43224961, 38.42347654,
        38.41647125, 38.41080332, 38.40602663, 38.40468637, 38.40658443,
        38.4143829 , 38.43041578, 38.4632903 , 38.53176425, 38.7295962 ,
        38.09087454, 37.88779712, 37.79964915, 37.74343931, 37.70168897,
        37.66787219, 37.63901756, 37.61349891, 37.59022358, 37.56854427,
        37.54804669, 37.52843934, 37.50955084, 37.49119185, 37.4732552 ,
        37.45564724, 37.43829328, 37.42112446, 37.40407577, 37.38702531,
        37.36909986, 37.35141353, 37.33379707, 37.31623682, 37.29872365,
        37.28125562, 37.26382896, 37.24644026, 37.22908836, 37.21177117,
        37.19448616, 37.17723618, 37.16001911, 37.14283774, 37.12569344,
        37.10858471, 37.09150909, 37.074466  , 37.05745604, 37.04047606,
        37.02352681, 37.00660646, 36.98971553, 36.97285258, 36.95601596,
        36.93920381, 36.92241545, 36.90565438, 36.88891998, 36.87220928,
        36.85552346, 36.83886662, 36.82223739, 36.80563254, 36.78905863,
        36.77251623, 36.75601031, 36.73954798, 36.72312517, 36.70674065,
        36.6904071 , 36.67413325, 36.65791874, 36.64177151, 36.6256943 ,
        36.60969532, 36.59378427, 36.57796811, 36.56225552, 36.54665872,
        36.53119171, 36.515872  , 36.50071169, 36.48572951, 36.47094071,
        36.45636271, 36.44201982, 36.42793283, 36.41412564, 36.40062569,
        36.38745959, 36.37465935, 36.36227363, 36.35045199, 36.3389318 ,
        36.3277763 , 36.31733749, 36.30756552, 36.29852646, 36.29031349,
        36.28304291, 36.27687156, 36.27204448, 36.26918366, 36.27522223,
        36.27582795, 36.27786145, 36.28216772, 36.28933789, 36.30007515,
        36.31534926, 36.33653821, 36.36573013, 36.40630547, 36.46428703,
        36.55204786, 36.70202024, 37.06218135]]), 'osnr': array([[43.28788903, 43.28610744, 43.28433509, 43.28256606, 43.28079902,
        43.27903346, 43.2772691 , 43.27550581, 43.27374348, 43.27198206,
        43.27022147, 43.26846161, 43.26670145, 43.26494321, 43.26318588,
        43.26142937, 43.25967364, 43.25791868, 43.25616448, 43.25441104,
        43.25265833, 43.25090635, 43.24915509, 43.24740449, 43.24565389,
        43.24390474, 43.24215639, 43.24040878, 43.23866191, 43.23691575,
        43.23517031, 43.23342558, 43.23168156, 43.22993825, 43.22819563,
        43.22645368, 43.22471231, 43.22297049, 43.22123054, 43.21949141,
        43.21775303, 43.21601537, 43.21427841, 43.21254217, 43.21080663,
        43.2090718 , 43.20733766, 43.20560422, 43.20387149, 43.20213944,
        43.2004081 , 43.19867744, 43.19694748, 43.19521821, 43.19348963,
        43.19176174, 43.19003452, 43.18830798, 43.18658207, 43.18485667,
        43.18313015, 43.18140616, 43.17968306, 43.17796073, 43.17623914,
        43.17451829, 43.17279818, 43.1710788 , 43.16936018, 43.16764232,
        43.16592524, 43.16420899, 43.16249359, 43.16077913, 43.1590657 ,
        43.15735347, 43.15564275, 43.15393422, 43.15222964, 43.15053716,
        43.64028194, 43.63855549, 43.63684123, 43.63513086, 43.63342183,
        43.63171517, 43.63000979, 43.62830543, 43.626602  , 43.6248994 ,
        43.62319761, 43.62149658, 43.6197963 , 43.61809675, 43.61639791,
        43.61469978, 43.61300233, 43.61130558, 43.60960951, 43.60791411,
        43.60621939, 43.60452534, 43.60283195, 43.60113922, 43.59944716,
        43.59775575, 43.596065  , 43.59437488, 43.5926854 , 43.59099649,
        43.58930745, 43.58761986, 43.58593302, 43.58424685, 43.58256135,
        43.58087649, 43.57919229, 43.57750874, 43.57582583, 43.57414357,
        43.57246195, 43.57078096, 43.56910058, 43.56742051, 43.56574143,
        43.56406303, 43.56238527, 43.56070816, 43.55903168, 43.55735567,
        43.55568048, 43.55400594, 43.55233205, 43.55065877, 43.54898593,
        43.54731395, 43.54564265, 43.54397199, 43.54230198, 43.54063259,
        43.53896358, 43.53729551, 43.53562813, 43.5339614 , 43.53229522,
        43.53062986, 43.52896519, 43.52730117, 43.52563793, 43.52397534,
        43.52231364, 43.52065277, 43.51899266, 43.51733367, 43.51567579,
        43.51401939, 43.51236481, 43.51071325, 43.5090673 , 43.50743942,
        41.99751055, 41.99582772, 41.99416331, 41.99250461, 41.99084888,
        41.98919506, 41.98754267, 41.98589146, 41.98424123, 41.98259189,
        41.98094336, 41.97929559, 41.97764856, 41.97600223, 41.97435658,
        41.9727116 , 41.97106727, 41.96942358, 41.96778052, 41.96613807,
        41.96449606, 41.96285471, 41.96121397, 41.95957384, 41.95793433,
        41.95629543, 41.95465714, 41.95301946, 41.95138239, 41.94974592,
        41.94811006, 41.94647481, 41.94484017, 41.94320613, 41.9415727 ,
        41.93993988, 41.93830765, 41.93667604, 41.93504502, 41.93341461,
        41.93178481, 41.9301556 , 41.92852699, 41.92689899, 41.92527158,
        41.92364478, 41.92201857, 41.92039296, 41.91876795, 41.91714354,
        41.91551972, 41.9138965 , 41.91227387, 41.91065185, 41.90903041,
        41.90740958, 41.90578934, 41.9041697 , 41.90255065, 41.9009322 ,
        41.89931435, 41.8976971 , 41.89608045, 41.8944644 , 41.89284895,
        41.8912341 , 41.88961985, 41.88800621, 41.88639318, 41.88478076,
        41.88316895, 41.88155776, 41.87994718, 41.87833723, 41.8767279 ,
        41.8751192 , 41.87351114, 41.87190372, 41.87029695, 41.86869083,
        41.86708536, 41.86548057, 41.86387645, 41.86227304, 41.86066943,
        41.85906734, 41.85746601, 41.85586541, 41.85426557, 41.8526665 ,
        41.85106824, 41.84947082, 41.8478743 , 41.84627883, 41.84468605,
        41.84309257, 41.84150001, 41.83990857, 41.83831839, 41.83672962,
        41.83514249, 41.83355731, 41.83197453, 41.8303949 , 41.82881969,
        41.82725151, 41.82569689, 41.8241841 ]]), 'snr_nli': array([[44.12627869, 43.70972516, 43.51725321, 43.38947542, 43.29245746,
        43.21333858, 43.14587152, 43.08651768, 43.03308363, 42.98402035,
        42.93800264, 42.89281037, 42.8285185 , 42.78830388, 42.75212637,
        42.7182004 , 42.68597436, 42.65512137, 42.62545952, 42.59677632,
        42.56890279, 42.54166965, 42.51478911, 42.48724   , 42.44757863,
        42.42127876, 42.39676704, 42.37309431, 42.35003938, 42.32742026,
        42.30522503, 42.28336985, 42.26176179, 42.24030913, 42.2188962 ,
        42.19713878, 42.17367233, 42.13135434, 42.10857066, 42.08800012,
        42.06827478, 42.04903124, 42.03017575, 42.01162936, 41.99335042,
        41.97528703, 41.95745373, 41.93981569, 41.92237359, 41.90510535,
        41.88798489, 41.87096253, 41.85409968, 41.8373575 , 41.82069238,
        41.80407671, 41.78743948, 41.7705877 , 41.75311987, 41.73306919,
        41.6864625 , 41.66724867, 41.65128566, 41.6366174 , 41.62287827,
        41.60996353, 41.59788396, 41.58671419, 41.57661304, 41.56766268,
        41.56031087, 41.55499458, 41.5523384 , 41.55325842, 41.55932056,
        41.57289655, 41.59861599, 41.64644125, 41.74361183, 42.02116091,
        41.91919384, 41.60881691, 41.47822303, 41.39564924, 41.3236586 ,
        41.27560235, 41.23618773, 41.20190421, 41.17117488, 41.1429768 ,
        41.1166657 , 41.0918073 , 41.06819849, 41.04550283, 41.02355964,
        41.00223277, 40.98140701, 40.96099152, 40.94093354, 40.921157  ,
        40.90162059, 40.88229525, 40.86314192, 40.84411269, 40.82520396,
        40.80634979, 40.78750422, 40.76859935, 40.7494658 , 40.72937468,
        40.70018375, 40.68056208, 40.66201634, 40.64380877, 40.62578523,
        40.60783926, 40.58995944, 40.57210888, 40.55428315, 40.53644061,
        40.51857716, 40.5005969 , 40.48224168, 40.46029094, 40.44210204,
        40.42432389, 40.40668304, 40.38904893, 40.371279  , 40.35179843,
        40.33417135, 40.31674454, 40.29937953, 40.28184358, 40.26210521,
        40.24484401, 40.22794102, 40.21117868, 40.19451517, 40.17771435,
        40.15834122, 40.14208865, 40.12640601, 40.11098543, 40.09464486,
        40.08021277, 40.06645633, 40.05274488, 40.04061508, 40.02865868,
        40.01926605, 40.01181068, 40.00564542, 40.0044471 , 40.00792977,
        40.0199507 , 40.04391845, 40.09241765, 40.19318667, 40.48719724,
        40.35855766, 40.0225999 , 39.88042755, 39.79102485, 39.72530078,
        39.67250624, 39.6277741 , 39.58845333, 39.55277539, 39.51969456,
        39.48854269, 39.45885084, 39.43034209, 39.40271446, 39.37579617,
        39.34943791, 39.32352098, 39.29793657, 39.27258278, 39.24727111,
        39.22066382, 39.19447144, 39.16843322, 39.14252742, 39.1167393 ,
        39.09106518, 39.06549865, 39.04003385, 39.0146684 , 38.98939855,
        38.96421985, 38.93913606, 38.9141434 , 38.88924549, 38.86444377,
        38.83973546, 38.81511633, 38.79058499, 38.76614182, 38.74178161,
        38.717505  , 38.6933088 , 38.66919331, 38.64515593, 38.62119379,
        38.59730376, 38.57348439, 38.54974041, 38.52607048, 38.50246986,
        38.47893989, 38.4554861 , 38.43210609, 38.40879479, 38.3855613 ,
        38.36240601, 38.33933568, 38.31636007, 38.29347286, 38.27067185,
        38.24797473, 38.22539346, 38.20292699, 38.18058607, 38.15837401,
        38.13630189, 38.11438283, 38.09262601, 38.071043  , 38.04965031,
        38.02846693, 38.00751664, 37.98681553, 37.96638894, 37.94625725,
        37.92644373, 37.90698128, 37.88789771, 37.8692251 , 37.85100033,
        37.83325908, 37.81604438, 37.79942233, 37.78359922, 37.76820819,
        37.7533352 , 37.7394676 , 37.72653388, 37.71462352, 37.70386351,
        37.69441277, 37.68648629, 37.68042111, 37.6770757 , 37.68603983,
        37.68748996, 37.69091702, 37.69749333, 37.70804327, 37.72355199,
        37.74538365, 37.77548616, 37.81682689, 37.87424002, 37.95640432,
        38.08132568, 38.29687794, 38.82770617]]), 'max_oct': np.float64(511.33117932007394)}"
9,28,9,28,77.4,1,1,77.4,"{'P_opt': np.float64(-15.080000000000004), 'gsnr': array([[30.79643846, 30.78289722, 30.77525637, 30.76940322, 30.76429844,
        30.75985298, 30.75577413, 30.75194523, 30.74829579, 30.74478284,
        30.74137459, 30.7380473 , 30.73477565, 30.73155126, 30.72836544,
        30.72520752, 30.72207133, 30.71895212, 30.71584263, 30.7127412 ,
        30.70964533, 30.70655148, 30.70345621, 30.7003593 , 30.69725567,
        30.69414151, 30.69101559, 30.68787472, 30.68471359, 30.68153218,
        30.67832492, 30.67508678, 30.6718069 , 30.66840343, 30.665069  ,
        30.66172701, 30.65836841, 30.65499257, 30.65160371, 30.64820505,
        30.64479834, 30.64138775, 30.63797079, 30.63454783, 30.63111895,
        30.62768395, 30.62424147, 30.62079025, 30.61732814, 30.61385356,
        30.6103661 , 30.60686559, 30.60333909, 30.59973045, 30.59617046,
        30.59260155, 30.58901489, 30.58540964, 30.58178146, 30.57813057,
        30.57445465, 30.57075039, 30.56701672, 30.56325466, 30.55946232,
        30.55564118, 30.55179147, 30.54791408, 30.54401139, 30.54009394,
        30.53615872, 30.53221486, 30.52827885, 30.52438114, 30.52056137,
        30.51682896, 30.51361074, 30.51121616, 30.51071375, 30.51704864,
        30.94116544, 30.92122945, 30.90928424, 30.89955677, 30.89078898,
        30.88251009, 30.87449353, 30.86662577, 30.85882452, 30.85104159,
        30.84324265, 30.83540035, 30.82748377, 30.81948883, 30.8114059 ,
        30.80322505, 30.79494092, 30.78655134, 30.77804634, 30.76942679,
        30.76068898, 30.75182335, 30.74282981, 30.73370991, 30.72445071,
        30.71505612, 30.70552379, 30.6958486 , 30.68603163, 30.67607889,
        30.66598011, 30.65574028, 30.64536291, 30.63484518, 30.62418119,
        30.61337992, 30.60243304, 30.5913348 , 30.58004765, 30.56844356,
        30.55686151, 30.54517329, 30.53334248, 30.52135988, 30.50921419,
        30.49690517, 30.48442012, 30.47176388, 30.4589364 , 30.44593772,
        30.43276676, 30.41943571, 30.4059277 , 30.39224575, 30.37839035,
        30.36435688, 30.3501444 , 30.33576346, 30.32118851, 30.30636494,
        30.29146262, 30.27642148, 30.26123211, 30.24590636, 30.23044663,
        30.2148683 , 30.19919142, 30.18343464, 30.16762976, 30.15185095,
        30.13607834, 30.12031651, 30.10488859, 30.08991633, 30.07565707,
        30.06271643, 30.05211811, 30.0459886 , 30.05000026, 30.09043812,
        28.78934026, 28.72153031, 28.68314081, 28.65285567, 28.62615806,
        28.601322  , 28.57753482, 28.55439502, 28.53164594, 28.50912457,
        28.48668493, 28.46423514, 28.44162947, 28.41885016, 28.3958906 ,
        28.37270779, 28.34929159, 28.32564627, 28.30173236, 28.27752498,
        28.25300644, 28.22815383, 28.20296112, 28.17742593, 28.15153013,
        28.12530354, 28.09876593, 28.07192629, 28.04481642, 28.01747073,
        27.98987937, 27.96209138, 27.93412341, 27.90598623, 27.87769788,
        27.84925518, 27.82063284, 27.79181915, 27.76280802, 27.73358803,
        27.70412055, 27.67442178, 27.6444784 , 27.6142875 , 27.58384526,
        27.55319886, 27.52259964, 27.49200323, 27.4606923 , 27.42856252,
        27.39591888, 27.3628377 , 27.32927364, 27.29525382, 27.26076249,
        27.22578646, 27.19035646, 27.15448519, 27.11806734, 27.08113358,
        27.04370629, 27.00580624, 26.96741076, 26.92852841, 26.88912244,
        26.84921719, 26.80881902, 26.76792191, 26.72651256, 26.68463665,
        26.6423291 , 26.59963419, 26.55661173, 26.51330605, 26.46972035,
        26.42591494, 26.38195021, 26.33783606, 26.29362331, 26.24938586,
        26.20509549, 26.16083495, 26.11666202, 26.07268527, 26.02869903,
        25.98484002, 25.94137854, 25.8982984 , 25.85569401, 25.81365924,
        25.7723552 , 25.73197417, 25.69267451, 25.654698  , 25.61835323,
        25.5839747 , 25.552038  , 25.52314494, 25.49752752, 25.47573266,
        25.45874808, 25.44807091, 25.44597375, 25.45609851, 25.48494581,
        25.54593368, 25.67428151, 26.03113461]]), 'osnr': array([[30.99809012, 30.99631555, 30.9945466 , 30.99277985, 30.99101443,
        30.98925028, 30.98748715, 30.98572494, 30.98396359, 30.98220306,
        30.98044333, 30.97868438, 30.97692619, 30.97516874, 30.97341203,
        30.97165606, 30.96990081, 30.96814628, 30.96639246, 30.96463936,
        30.96288696, 30.96113528, 30.95938429, 30.957634  , 30.95588441,
        30.95413552, 30.95238731, 30.9506398 , 30.94889296, 30.94714681,
        30.94540133, 30.94365653, 30.94191239, 30.94016884, 30.93842604,
        30.93668393, 30.93494251, 30.93320176, 30.9314617 , 30.92972232,
        30.92798363, 30.92624562, 30.92450831, 30.92277167, 30.92103573,
        30.91930047, 30.91756589, 30.91583199, 30.91409878, 30.91236623,
        30.91063437, 30.90890318, 30.90717265, 30.90544274, 30.90371356,
        30.90198505, 30.90025721, 30.89853004, 30.89680352, 30.89507768,
        30.89335249, 30.89162795, 30.88990408, 30.88818085, 30.88645828,
        30.88473636, 30.8830151 , 30.88129449, 30.87957453, 30.87785524,
        30.8761366 , 30.87441863, 30.87270135, 30.87098477, 30.86926894,
        30.86755385, 30.8658399 , 30.86412735, 30.86241715, 30.8607137 ,
        31.3504438 , 31.3487232 , 31.34700968, 31.3452986 , 31.34358895,
        31.34188036, 31.34017263, 31.33846568, 31.33675944, 31.33505387,
        31.33334895, 31.33164463, 31.32994091, 31.32823778, 31.32653523,
        31.32483324, 31.32313182, 31.32143096, 31.31973065, 31.3180309 ,
        31.31633168, 31.31463301, 31.31293487, 31.31123727, 31.3095402 ,
        31.30784365, 31.30614762, 31.30445211, 31.30275712, 31.30106265,
        31.29936869, 31.29767524, 31.29598231, 31.29428989, 31.29259797,
        31.29090657, 31.28921566, 31.28752525, 31.28583531, 31.28414571,
        31.28245675, 31.28076833, 31.27908039, 31.27739295, 31.27570597,
        31.27401947, 31.27233343, 31.27064785, 31.26896273, 31.26727807,
        31.26559386, 31.26391011, 31.26222681, 31.26054396, 31.25886155,
        31.25717958, 31.25549804, 31.25381695, 31.25213628, 31.25045597,
        31.24877618, 31.24709685, 31.24541797, 31.24373955, 31.24206159,
        31.24038411, 31.23870712, 31.23703063, 31.23535468, 31.23367933,
        31.23200457, 31.2303304 , 31.22865713, 31.22698489, 31.22531393,
        31.22364486, 31.2219787 , 31.22031756, 31.21866707, 31.217053  ,
        29.70701458, 29.70527548, 29.70357552, 29.70188677, 29.70020327,
        29.69852275, 29.69684411, 29.69516681, 29.69349052, 29.691815  ,
        29.69014006, 29.68846556, 29.68679129, 29.68511723, 29.68344336,
        29.68176962, 29.68009597, 29.67842242, 29.67674891, 29.67507538,
        29.67340181, 29.67172815, 29.67005438, 29.66838049, 29.66670643,
        29.66503225, 29.66335796, 29.66168356, 29.6600091 , 29.65833462,
        29.65666009, 29.65498558, 29.65331111, 29.65163669, 29.64996235,
        29.64828806, 29.64661379, 29.64493949, 29.64326516, 29.64159077,
        29.63991623, 29.63824158, 29.63656676, 29.63489177, 29.63321659,
        29.63154129, 29.6298663 , 29.62819154, 29.62651572, 29.62483863,
        29.62316078, 29.62148228, 29.61980304, 29.61812308, 29.61644234,
        29.61476077, 29.61307841, 29.61139525, 29.60971107, 29.60802589,
        29.60633972, 29.60465258, 29.60296439, 29.60127513, 29.5995847 ,
        29.59789311, 29.59620033, 29.59450633, 29.59281103, 29.59111449,
        29.58941675, 29.58771787, 29.58601795, 29.58431706, 29.58261517,
        29.58091239, 29.57920884, 29.57750452, 29.57579952, 29.574094  ,
        29.57238789, 29.57068136, 29.56897455, 29.56726772, 29.56555951,
        29.56385195, 29.56214489, 29.56043828, 29.55873241, 29.55702753,
        29.55532411, 29.5536227 , 29.55192378, 29.55022809, 29.54853655,
        29.54685019, 29.54517044, 29.54349914, 29.54183711, 29.54018604,
        29.5385489 , 29.53693011, 29.53533626, 29.53377774, 29.53227265,
        29.53085731, 29.52962348, 29.52896366]]), 'snr_nli': array([[44.22869925, 43.97469532, 43.85209046, 43.76807859, 43.7001849 ,
        43.64600689, 43.59945436, 43.55808573, 43.52043758, 43.48561824,
        43.45297577, 43.42202798, 43.3922771 , 43.36354924, 43.33566901,
        43.30842974, 43.28171026, 43.25541796, 43.22941724, 43.20367462,
        43.17814299, 43.15275715, 43.12745559, 43.10223393, 43.07700354,
        43.05169979, 43.02630307, 43.00076147, 42.97498782, 42.94898586,
        42.92266653, 42.89595185, 42.86866874, 42.83947891, 42.81157119,
        42.78367677, 42.75564967, 42.72748295, 42.69924739, 42.67099612,
        42.64275787, 42.61459904, 42.58648008, 42.55840674, 42.53038054,
        42.50239829, 42.47443911, 42.44648449, 42.41850237, 42.39047032,
        42.36238388, 42.33424233, 42.30585584, 42.27640406, 42.2478179 ,
        42.2192466 , 42.19056344, 42.16175881, 42.13277386, 42.10361561,
        42.07425525, 42.04465095, 42.01479295, 41.98470075, 41.95435369,
        41.92377762, 41.89298076, 41.86198039, 41.83081337, 41.79962439,
        41.76837532, 41.73718843, 41.70628009, 41.67604244, 41.64697803,
        41.61918849, 41.59812517, 41.58766574, 41.60145622, 41.70423742,
        41.4018529 , 41.2017685 , 41.09213414, 41.00753084, 40.93400133,
        40.86638518, 40.80222839, 40.74030629, 40.67975612, 40.62007966,
        40.56093179, 40.5020481 , 40.44314331, 40.38418821, 40.32510532,
        40.26581819, 40.20629406, 40.14652922, 40.08645427, 40.02609432,
        39.96543557, 39.9044173 , 39.8430586 , 39.78139153, 39.71933177,
        39.65693161, 39.59419272, 39.53109589, 39.46766995, 39.40397973,
        39.33996697, 39.27568776, 39.21118514, 39.1464554 , 39.0814736 ,
        39.01631934, 38.95095017, 38.88534343, 38.81926584, 38.75190123,
        38.68550794, 38.61923589, 38.55285812, 38.48632917, 38.41959298,
        38.35266401, 38.28548105, 38.2180905 , 38.15050806, 38.08274918,
        38.01482251, 37.94681137, 37.87863287, 37.81031793, 37.74188243,
        37.67331402, 37.6046207 , 37.53587031, 37.46694069, 37.39756695,
        37.32863145, 37.25982627, 37.19110785, 37.12253823, 37.05413092,
        36.98596044, 36.91811951, 36.85068981, 36.78380942, 36.71780185,
        36.65255443, 36.58806766, 36.52573806, 36.46602984, 36.40997302,
        36.36004648, 36.3204281 , 36.2998758 , 36.32217413, 36.50166325,
        35.99105834, 35.65313911, 35.47336344, 35.33677784, 35.21973629,
        35.11336082, 35.01351816, 34.91815808, 34.82598778, 34.73619053,
        34.6480703 , 34.56119226, 34.47493075, 34.38920106, 34.30396635,
        34.21905181, 34.13441643, 34.050075  , 33.96588033, 33.88174594,
        33.79761565, 33.71341777, 33.62914325, 33.54479599, 33.46032626,
        33.37584734, 33.29143341, 33.20711941, 33.12301173, 33.03921938,
        32.95570687, 32.8726225 , 32.79000795, 32.70788488, 32.62629529,
        32.54521649, 32.46456227, 32.38428935, 32.30437225, 32.2247715 ,
        32.14537362, 32.06622078, 31.98727285, 31.90851929, 31.82994749,
        31.75167915, 31.67436107, 31.59785231, 31.52030563, 31.44149415,
        31.36222036, 31.2826899 , 31.20280321, 31.12263962, 31.04217292,
        30.96138388, 30.88035675, 30.79913049, 30.71747244, 30.63546728,
        30.5531777 , 30.47066016, 30.38787342, 30.30484565, 30.22150632,
        30.13791776, 30.05410182, 29.97005355, 29.88575297, 29.80130161,
        29.71677504, 29.63226466, 29.5478891 , 29.46373197, 29.37979325,
        29.29618336, 29.21300877, 29.13027612, 29.04806889, 28.96651073,
        28.88553207, 28.80526944, 28.72580954, 28.64732822, 28.56943321,
        28.49235173, 28.41654222, 28.34194697, 28.26870306, 28.19694326,
        28.12691305, 28.05890548, 27.99314991, 27.93001238, 27.86996452,
        27.81351363, 27.76139465, 27.71454269, 27.67327478, 27.63842948,
        27.61156849, 27.5950889 , 27.59266992, 27.61028079, 27.65873195,
        27.76074271, 27.97748798, 28.60315249]]), 'max_oct': np.float64(390.0223273659065)}"
9,32,9,32,41.7,1,1,41.7,"{'P_opt': np.float64(-9.340000000000002), 'gsnr': array([[36.35539875, 36.32150478, 36.30386025, 36.29117147, 36.28090439,
        36.27206804, 36.26417544, 36.25695077, 36.25021547, 36.24385622,
        36.23779058, 36.2319568 , 36.22629271, 36.22077459, 36.21537799,
        36.21007735, 36.20485585, 36.19970061, 36.19459397, 36.18953004,
        36.18450128, 36.17949764, 36.17450835, 36.1695255 , 36.1645054 ,
        36.15896133, 36.15393905, 36.14895702, 36.14397307, 36.13898178,
        36.13396993, 36.12893132, 36.12386525, 36.11877114, 36.11364394,
        36.10849219, 36.10331687, 36.09811989, 36.09290835, 36.0876879 ,
        36.08246006, 36.07723206, 36.0719966 , 36.06674984, 36.06147078,
        36.05585071, 36.05056473, 36.04530455, 36.04004558, 36.03478176,
        36.02951298, 36.02424267, 36.01895897, 36.01366133, 36.00835123,
        36.00302384, 35.99767739, 35.99231539, 35.98693175, 35.981529  ,
        35.97610454, 35.97065302, 35.96517203, 35.95965939, 35.9540784 ,
        35.94791777, 35.94232801, 35.93680212, 35.93131747, 35.92590201,
        35.92056065, 35.91533214, 35.91028091, 35.90551668, 35.90120946,
        35.89768548, 35.89553144, 35.89597822, 35.90230472, 35.92956999,
        36.29686516, 36.24724135, 36.22146089, 36.20239119, 36.18631708,
        36.17185237, 36.15833763, 36.14543796, 36.13292248, 36.12065516,
        36.10854122, 36.09650865, 36.08448297, 36.07244994, 36.06038433,
        36.04826369, 36.03607499, 36.02381109, 36.01145283, 35.99899994,
        35.98644324, 35.9737634 , 35.96094902, 35.94795342, 35.93411909,
        35.92088772, 35.90760986, 35.89422787, 35.88073299, 35.86713238,
        35.85340696, 35.8395656 , 35.82561497, 35.81155347, 35.79737333,
        35.78309213, 35.7687007 , 35.75420162, 35.7395841 , 35.72485655,
        35.71000699, 35.69504579, 35.6799624 , 35.66475516, 35.6494091 ,
        35.63390769, 35.61799123, 35.60223061, 35.58637533, 35.57040579,
        35.55432003, 35.53813373, 35.52182351, 35.50539767, 35.48885766,
        35.47219567, 35.4553894 , 35.43818309, 35.42121207, 35.40420043,
        35.38713449, 35.37000927, 35.35283705, 35.33564144, 35.31842047,
        35.30107761, 35.28394162, 35.26691405, 35.24997255, 35.23339146,
        35.2171278 , 35.20120999, 35.18606291, 35.17191024, 35.15920799,
        35.14880877, 35.14265575, 35.14407096, 35.16255361, 35.24137668,
        34.0763759 , 33.97503213, 33.92294062, 33.88466836, 33.85259376,
        33.8238663 , 33.79717408, 33.77184264, 33.74742443, 33.72364862,
        33.70031684, 33.67727066, 33.65435617, 33.63155342, 33.60879923,
        33.58605378, 33.56329032, 33.54048978, 33.51762267, 33.49466491,
        33.47160104, 33.44841007, 33.4250921 , 33.40170288, 33.37797112,
        33.35416779, 33.33014922, 33.30600012, 33.28176836, 33.25749779,
        33.23318622, 33.20888059, 33.18460028, 33.16035197, 33.13615315,
        33.11200501, 33.08788984, 33.06379887, 33.03972467, 33.01565717,
        32.9915602 , 32.96744585, 32.94329614, 32.9191025 , 32.89484423,
        32.87051438, 32.8460863 , 32.82160635, 32.79703643, 32.77235688,
        32.7475765 , 32.72270479, 32.69768945, 32.67255193, 32.64727393,
        32.62184522, 32.59628703, 32.57060902, 32.5447386 , 32.51871103,
        32.49253723, 32.46623119, 32.43978249, 32.4132044 , 32.38647327,
        32.35961002, 32.33261856, 32.30549907, 32.27824779, 32.25090245,
        32.22348934, 32.19604263, 32.16861117, 32.14123198, 32.11391305,
        32.08670063, 32.05963428, 32.03272186, 32.00599749, 31.97951447,
        31.95325627, 31.92728893, 31.901654  , 31.87644832, 31.85146686,
        31.8267926 , 31.8026778 , 31.77909381, 31.7561039 , 31.73377121,
        31.71220766, 31.69154794, 31.67190658, 31.65346232, 31.63643629,
        31.62107204, 31.60769952, 31.59678236, 31.58861738, 31.58376406,
        31.58307665, 31.58783015, 31.60005877, 31.6241852 , 31.66226885,
        31.72662735, 31.84600024, 32.15024363]]), 'osnr': array([[36.77551149, 36.7737393 , 36.77197157, 36.77020571, 36.76844113,
        36.76667759, 36.76491499, 36.76315325, 36.76139234, 36.75963223,
        36.7578729 , 36.75611434, 36.75435652, 36.75259945, 36.75084311,
        36.74908751, 36.74733263, 36.74557847, 36.74382504, 36.74207231,
        36.7403203 , 36.73856901, 36.73681841, 36.73506853, 36.73331934,
        36.73157072, 36.72982293, 36.72807585, 36.72632947, 36.72458379,
        36.7228388 , 36.72109451, 36.71935091, 36.717608  , 36.71586577,
        36.71412424, 36.7123834 , 36.71064325, 36.70890379, 36.70716502,
        36.70542694, 36.70368955, 36.70195286, 36.70021686, 36.69848153,
        36.69674682, 36.69501288, 36.69327963, 36.69154707, 36.6898152 ,
        36.68808402, 36.68635353, 36.68462371, 36.68289459, 36.68116614,
        36.67943837, 36.67771129, 36.67598488, 36.67425916, 36.67253411,
        36.67080973, 36.66908604, 36.66736301, 36.66564066, 36.66391898,
        36.66219782, 36.66047749, 36.65875785, 36.65703891, 36.65532065,
        36.6536031 , 36.65188624, 36.65017011, 36.64845473, 36.64674015,
        36.64502643, 36.64331375, 36.64160241, 36.63989326, 36.63819013,
        37.12793086, 37.12621371, 37.12450281, 37.12279414, 37.12108684,
        37.11938059, 37.11767522, 37.11597066, 37.11426685, 37.11256375,
        37.11086135, 37.10915963, 37.10745857, 37.10575816, 37.10405839,
        37.10235927, 37.10066079, 37.09896294, 37.09726572, 37.09556912,
        37.09387315, 37.09217781, 37.09048307, 37.08878894, 37.08709525,
        37.08540236, 37.0837101 , 37.08201846, 37.08032744, 37.07863703,
        37.07694724, 37.07525806, 37.07356949, 37.07188154, 37.07019419,
        37.06850747, 37.06682135, 37.06513584, 37.06345094, 37.06176664,
        37.06008295, 37.05839987, 37.05671739, 37.05503551, 37.05335423,
        37.05167353, 37.04999336, 37.04831385, 37.04663496, 37.04495666,
        37.04327895, 37.04160185, 37.03992534, 37.03824942, 37.0365741 ,
        37.03489937, 37.03322522, 37.03155158, 37.02987862, 37.02820628,
        37.02653455, 37.02486341, 37.02319288, 37.02152297, 37.01985366,
        37.01818494, 37.0165169 , 37.0148495 , 37.01318275, 37.01151672,
        37.0098514 , 37.00818681, 37.00652306, 37.00486023, 37.00319847,
        37.00153803, 36.99987951, 36.99822394, 36.99657421, 36.99494326,
        35.48498707, 35.48329677, 35.48162623, 35.47996171, 35.47830023,
        35.47664067, 35.47498251, 35.47332547, 35.47166938, 35.47001413,
        35.46835964, 35.46670583, 35.46505266, 35.4634001 , 35.46174814,
        35.46009674, 35.45844591, 35.45679563, 35.45514588, 35.45349666,
        35.45184796, 35.45019976, 35.44855207, 35.4469049 , 35.44525814,
        35.4436119 , 35.44196612, 35.44032083, 35.43867605, 35.43703181,
        35.43538809, 35.43374493, 35.43210233, 35.43046029, 35.42881882,
        35.42717792, 35.42553759, 35.42389781, 35.42225858, 35.4206199 ,
        35.41898175, 35.41734414, 35.41570704, 35.41407047, 35.4124344 ,
        35.41079882, 35.40916374, 35.40752916, 35.40589507, 35.40426146,
        35.40262832, 35.40099566, 35.39936345, 35.39773171, 35.39610041,
        35.39446955, 35.39283914, 35.39120918, 35.38957964, 35.38795052,
        35.38632183, 35.38469358, 35.38306576, 35.38143837, 35.3798114 ,
        35.37818485, 35.37655873, 35.37493303, 35.37330776, 35.37168292,
        35.37005854, 35.36843462, 35.36681121, 35.36518832, 35.36356595,
        35.36194414, 35.36032291, 35.35870226, 35.35708222, 35.35546282,
        35.35384405, 35.35222596, 35.35060858, 35.34899196, 35.34737514,
        35.34575986, 35.34414545, 35.3425319 , 35.34091924, 35.33930753,
        35.33769685, 35.33608729, 35.33447895, 35.33287195, 35.33126646,
        35.32966265, 35.32806076, 35.32646112, 35.32486396, 35.32326967,
        35.32167885, 35.32009239, 35.31851168, 35.31693972, 35.31537778,
        35.31383388, 35.3123261 , 35.31093179]]), 'snr_nli': array([[46.70794648, 46.36986605, 46.21016545, 46.1026647 , 46.02016222,
        45.95224411, 45.89386401, 45.84219436, 45.79542836, 45.75242397,
        45.71235916, 45.67462476, 45.63862867, 45.60413061, 45.57089133,
        45.53866905, 45.50730279, 45.47666928, 45.44660798, 45.4170605 ,
        45.38795631, 45.35920565, 45.33071478, 45.30241543, 45.27394949,
        45.24137918, 45.21319354, 45.18546554, 45.1578526 , 45.13031069,
        45.1027351 , 45.07507824, 45.0473366 , 45.01950754, 44.99155406,
        44.96354436, 44.93548743, 44.9073992 , 44.87933434, 44.85133573,
        44.82341434, 44.79562331, 44.76790719, 44.74023716, 44.71245921,
        44.68232545, 44.65476831, 44.62752463, 44.60041377, 44.57339107,
        44.54645498, 44.51962896, 44.49282846, 44.46604983, 44.43930352,
        44.41255614, 44.38579596, 44.35904783, 44.33227047, 44.30548199,
        44.27866552, 44.25178596, 44.22482861, 44.19778059, 44.17040047,
        44.13932191, 44.11215045, 44.08551792, 44.05927005, 44.03358249,
        44.00847956, 43.98420208, 43.96115085, 43.94000852, 43.92183146,
        43.90865406, 43.90415033, 43.91610094, 43.96558224, 44.15277172,
        43.88726316, 43.61740862, 43.48592484, 43.39253126, 43.31611849,
        43.24892783, 43.18730878, 43.12941244, 43.07398789, 43.02030067,
        42.96784547, 42.91624546, 42.86512577, 42.81440931, 42.76397014,
        42.71369971, 42.66353636, 42.61344742, 42.56334703, 42.51323682,
        42.46307897, 42.41279201, 42.36233217, 42.31150433, 42.25750055,
        42.20653592, 42.15579713, 42.10504008, 42.05423144, 42.0034044 ,
        41.95248413, 41.90151129, 41.85051626, 41.7994957 , 41.74842199,
        41.69736742, 41.64629841, 41.59522742, 41.54411576, 41.49299838,
        41.44183288, 41.39066106, 41.33944642, 41.28818619, 41.2368293 ,
        41.18532101, 41.13274262, 41.08113814, 41.02960864, 40.97808628,
        40.9265661 , 40.87510361, 40.82362009, 40.77214583, 40.72068734,
        40.66922024, 40.61767337, 40.56521773, 40.51392875, 40.46289656,
        40.41207329, 40.3614401 , 40.31103261, 40.26092061, 40.21109286,
        40.16124892, 40.11238959, 40.0641978 , 40.01659352, 39.97038199,
        39.92540892, 39.88173445, 39.84057516, 39.80253654, 39.76888564,
        39.74201395, 39.72742595, 39.73460146, 39.79114171, 40.02731862,
        39.65159351, 39.3004287 , 39.12925736, 39.00736337, 38.90754183,
        38.81978458, 38.73952341, 38.66441155, 38.5929143 , 38.52410233,
        38.45730399, 38.39199395, 38.32768094, 38.26428168, 38.2015916 ,
        38.13948023, 38.07785872, 38.0166628 , 37.95580157, 37.89520197,
        37.834817  , 37.77458626, 37.71450783, 37.65472806, 37.59452502,
        37.53462014, 37.47463467, 37.41479018, 37.35520693, 37.29599113,
        37.23712983, 37.17873294, 37.12083878, 37.06345334, 37.00660877,
        36.95029685, 36.89446423, 36.83908044, 36.78411914, 36.72954844,
        36.67527644, 36.62132567, 36.56764879, 36.51422125, 36.46099156,
        36.40794061, 36.35500559, 36.30228804, 36.24969977, 36.1971955 ,
        36.14479319, 36.09251191, 36.0402368 , 35.98801407, 35.93580402,
        35.88358494, 35.83140195, 35.77927483, 35.72705171, 35.67480741,
        35.62256488, 35.57035278, 35.5181495 , 35.46598178, 35.41380157,
        35.36165084, 35.30953688, 35.2574594 , 35.20541036, 35.15346284,
        35.10166604, 35.05008327, 34.99880462, 34.94789561, 34.89736533,
        34.8472949 , 34.79775129, 34.74874088, 34.70031886, 34.65257494,
        34.60546857, 34.55911151, 34.51356888, 34.46900525, 34.42503737,
        34.38180534, 34.3397526 , 34.29881325, 34.25908646, 34.22067003,
        34.18374702, 34.14853861, 34.11522851, 34.08411149, 34.05555423,
        34.02996031, 34.00788205, 33.99010253, 33.97711566, 33.96987436,
        33.96984859, 33.9792521 , 34.00164993, 34.04485112, 34.11275148,
        34.2277469 , 34.44364112, 35.01518923]]), 'max_oct': np.float64(461.96082803124136)}"
9,33,9,33,39.0,1,1,39.0,"{'P_opt': np.float64(-8.8), 'gsnr': array([[36.83459197, 36.79532888, 36.77504607, 36.76054722, 36.74887369,
        36.73886921, 36.72996563, 36.72184118, 36.71428799, 36.70717391,
        36.70040293, 36.69390325, 36.68760355, 36.68147552, 36.67549055,
        36.66961906, 36.66384135, 36.65814218, 36.6525011 , 36.64691052,
        36.64136071, 36.63583806, 36.63032408, 36.62477606, 36.61855918,
        36.61302416, 36.60755101, 36.6020918 , 36.59662598, 36.59115168,
        36.5856555 , 36.58013095, 36.57457736, 36.56899408, 36.56337549,
        36.55773088, 36.55206118, 36.54636822, 36.54065938, 36.53494004,
        36.52921007, 36.52347226, 36.51769325, 36.51147513, 36.50569288,
        36.49995005, 36.49421615, 36.48848408, 36.48274785, 36.47700486,
        36.47125638, 36.46550674, 36.4597432 , 36.45396525, 36.44817458,
        36.44236584, 36.43653697, 36.43069156, 36.42482233, 36.41893084,
        36.41301134, 36.40704939, 36.40099907, 36.39419935, 36.38812023,
        36.38210618, 36.37611894, 36.37016016, 36.36424288, 36.35840643,
        36.35266102, 36.3470534 , 36.34165957, 36.33660733, 36.33209481,
        36.32849912, 36.32649941, 36.32752105, 36.33536289, 36.36749024,
        36.71894251, 36.66230352, 36.63320204, 36.61185091, 36.59396372,
        36.5779418 , 36.56302528, 36.54882685, 36.5350818 , 36.52163344,
        36.50837288, 36.49521764, 36.4820838 , 36.46895355, 36.45579766,
        36.44259   , 36.42931446, 36.41596049, 36.40250224, 36.38892617,
        36.37516026, 36.36034935, 36.34637031, 36.33237478, 36.31827619,
        36.30406942, 36.28974742, 36.27530101, 36.26073158, 36.24605063,
        36.23123947, 36.21630858, 36.20126573, 36.18610965, 36.17083231,
        36.15545272, 36.13996126, 36.12436071, 36.10863965, 36.09280703,
        36.07684997, 36.06077911, 36.04458212, 36.0282536 , 36.01175648,
        35.99478582, 35.97803124, 35.96118787, 35.9442287 , 35.92715091,
        35.90995548, 35.89265971, 35.87523875, 35.85770028, 35.84004163,
        35.82222858, 35.80391353, 35.7859324 , 35.76791205, 35.74983077,
        35.73169669, 35.71350807, 35.6952774 , 35.67701787, 35.65858348,
        35.64037382, 35.62225564, 35.60417025, 35.58637302, 35.56889505,
        35.55165413, 35.53506287, 35.51922565, 35.50446513, 35.49115996,
        35.48072137, 35.47481332, 35.47717567, 35.49821491, 35.58557699,
        34.45649242, 34.34537491, 34.28876581, 34.24742377, 34.21293817,
        34.18214982, 34.15364501, 34.12666897, 34.10070554, 34.07546437,
        34.05072692, 34.02632734, 34.00210388, 33.97802179, 33.95401333,
        33.93003557, 33.90605907, 33.88206256, 33.85801426, 33.83388798,
        33.80966645, 33.78532653, 33.76086567, 33.736332  , 33.71138363,
        33.68643196, 33.66128416, 33.63602075, 33.61069023, 33.58533786,
        33.55996154, 33.53461   , 33.50930354, 33.48404909, 33.45886468,
        33.43375139, 33.40869072, 33.38367332, 33.35869123, 33.33373369,
        33.30876319, 33.28379188, 33.25880108, 33.23378181, 33.20871267,
        33.18358635, 33.15837571, 33.13312818, 33.10780476, 33.08238542,
        33.05687927, 33.03129584, 33.0055818 , 32.97975913, 32.95380922,
        32.92772171, 32.90151845, 32.87520912, 32.84872017, 32.8220878 ,
        32.79532339, 32.76844124, 32.74143119, 32.71430693, 32.68704482,
        32.65966623, 32.63217542, 32.60457281, 32.57685516, 32.54906121,
        32.52121821, 32.49336144, 32.46554115, 32.43779537, 32.41013293,
        32.38260106, 32.35524006, 32.3280583 , 32.30109064, 32.27439109,
        32.24794378, 32.22181585, 32.19605003, 32.17074766, 32.14569377,
        32.12097243, 32.09684753, 32.07328792, 32.05035808, 32.028123  ,
        32.00669707, 31.98621791, 31.96680366, 31.94863755, 31.93194613,
        31.91697962, 31.90407649, 31.89371054, 31.88619425, 31.88210608,
        31.88232393, 31.88814565, 31.90154168, 31.92578677, 31.96814515,
        32.03607355, 32.16094328, 32.47809631]]), 'osnr': array([[37.3222865 , 37.32051396, 37.31874606, 37.31698008, 37.3152154 ,
        37.31345179, 37.31168911, 37.30992732, 37.30816635, 37.30640619,
        37.30464681, 37.3028882 , 37.30113034, 37.29937323, 37.29761685,
        37.29586121, 37.29410629, 37.2923521 , 37.29059862, 37.28884586,
        37.28709382, 37.28534248, 37.28359185, 37.28184192, 37.28009254,
        37.27834402, 37.27659621, 37.2748491 , 37.27310269, 37.27135698,
        37.26961197, 37.26786764, 37.26612401, 37.26438107, 37.26263882,
        37.26089726, 37.25915639, 37.25741621, 37.25567672, 37.25393792,
        37.25219981, 37.2504624 , 37.24872566, 37.24698952, 37.24525417,
        37.24351952, 37.24178556, 37.24005229, 37.23831971, 37.23658782,
        37.23485661, 37.23312609, 37.23139626, 37.2296671 , 37.22793863,
        37.22621084, 37.22448373, 37.2227573 , 37.22103155, 37.21930648,
        37.21758208, 37.21585835, 37.21413529, 37.21241273, 37.21069102,
        37.20897   , 37.20724967, 37.20553003, 37.20381107, 37.2020928 ,
        37.20037524, 37.19865838, 37.19694225, 37.19522688, 37.1935123 ,
        37.19179861, 37.19008597, 37.18837471, 37.18666571, 37.184963  ,
        37.67470363, 37.67298601, 37.6712749 , 37.66956611, 37.66785873,
        37.6661524 , 37.66444698, 37.66274237, 37.66103851, 37.65933538,
        37.65763295, 37.6559312 , 37.6542301 , 37.65252967, 37.65082988,
        37.64913073, 37.64743222, 37.64573435, 37.64403711, 37.64234049,
        37.64064447, 37.63894886, 37.6372541 , 37.63555998, 37.63386648,
        37.63217361, 37.63048135, 37.62878971, 37.62709869, 37.62540828,
        37.62371849, 37.62202931, 37.62034074, 37.61865279, 37.61696545,
        37.61527873, 37.61359262, 37.61190712, 37.61022222, 37.60853794,
        37.60685426, 37.60517119, 37.60348872, 37.60180685, 37.60012558,
        37.59844481, 37.59676473, 37.59508526, 37.59340639, 37.59172812,
        37.59005044, 37.58837337, 37.58669689, 37.58502101, 37.58334572,
        37.58167101, 37.5799968 , 37.57832329, 37.57665039, 37.5749781 ,
        37.57330642, 37.57163534, 37.56996487, 37.56829501, 37.56662572,
        37.5649571 , 37.56328913, 37.56162178, 37.55995513, 37.55828918,
        37.55662392, 37.55495945, 37.55329581, 37.55163309, 37.5499714 ,
        37.54831114, 37.5466528 , 37.54499743, 37.54334796, 37.54171756,
        36.03176208, 36.0300715 , 36.02840093, 36.02673646, 36.02507507,
        36.02341561, 36.02175758, 36.02010068, 36.01844474, 36.01678965,
        36.01513532, 36.01348169, 36.0118287 , 36.01017633, 36.00852456,
        36.00687337, 36.00522275, 36.00357269, 36.00192317, 36.00027419,
        35.99862572, 35.99697777, 35.99533033, 35.99368342, 35.99203689,
        35.99039091, 35.98874541, 35.9871004 , 35.98545592, 35.98381198,
        35.98216858, 35.98052574, 35.97888346, 35.97724176, 35.97560063,
        35.97396009, 35.97232011, 35.97068069, 35.96904184, 35.96740354,
        35.96576578, 35.96412856, 35.96249187, 35.96085571, 35.95922006,
        35.95758493, 35.95595029, 35.95431617, 35.95268254, 35.9510494 ,
        35.94941675, 35.9477846 , 35.9461529 , 35.94452168, 35.94289092,
        35.94126062, 35.93963078, 35.9380014 , 35.93637245, 35.93474394,
        35.93311588, 35.93148827, 35.9298611 , 35.92823438, 35.9266081 ,
        35.92498226, 35.92335686, 35.9217319 , 35.92010738, 35.91848332,
        35.91685972, 35.91523661, 35.91361402, 35.91199197, 35.91037045,
        35.90874951, 35.90712915, 35.9055094 , 35.90389026, 35.90227178,
        35.90065394, 35.89903678, 35.89742034, 35.89580468, 35.89418882,
        35.89257452, 35.89096109, 35.88934851, 35.88773684, 35.88612611,
        35.88451641, 35.88290783, 35.88130045, 35.8796944 , 35.87808983,
        35.87648691, 35.87488587, 35.87328704, 35.87169061, 35.87009699,
        35.86850673, 35.86692069, 35.86534011, 35.86376706, 35.86220602,
        35.86066135, 35.85915142, 35.85775094]]), 'snr_nli': array([[46.57252189, 46.22999482, 46.06831021, 45.95950893, 45.87602535,
        45.80731213, 45.74825832, 45.69600036, 45.64871205, 45.60523663,
        45.564743  , 45.52661571, 45.49026396, 45.45543927, 45.42189851,
        45.38939838, 45.35777499, 45.3269017 , 45.29661668, 45.26685558,
        45.23754011, 45.20856567, 45.17979514, 45.15092177, 45.11745359,
        45.08897635, 45.06106845, 45.03338794, 45.00578938, 44.97825923,
        44.9507051 , 44.92308353, 44.89539166, 44.86762668, 44.83975251,
        44.81183351, 44.78387714, 44.75589665, 44.72794156, 44.70004737,
        44.67221288, 44.64445584, 44.61656026, 44.58597471, 44.55832869,
        44.53105915, 44.5039683 , 44.47700933, 44.45014333, 44.42335325,
        44.39664636, 44.37004865, 44.34348073, 44.31693965, 44.29043565,
        44.26393638, 44.23742977, 44.21093786, 44.18441756, 44.15787894,
        44.13128864, 44.10456303, 44.07743555, 44.0460623 , 44.01902627,
        43.99248376, 43.96620862, 43.94020706, 43.9145498 , 43.8894554 ,
        43.86497425, 43.84136137, 43.81903136, 43.79868176, 43.78139292,
        43.76922911, 43.7659243 , 43.77939009, 43.83106589, 44.02292731,
        43.7624121 , 43.48954471, 43.35746957, 43.26413593, 43.18807734,
        43.12140527, 43.06041029, 43.00320724, 42.94852992, 42.89563135,
        42.84399837, 42.79324891, 42.74300824, 42.69319119, 42.643668  ,
        42.59432603, 42.54509719, 42.49593807, 42.44674521, 42.39746759,
        42.34782454, 42.29447357, 42.24480816, 42.19546774, 42.14611525,
        42.09673367, 42.04729911, 41.99778059, 41.94818719, 41.89856499,
        41.84884845, 41.79907965, 41.74928964, 41.69947624, 41.64961355,
        41.59977116, 41.549917  , 41.50006272, 41.45017107, 41.40027497,
        41.35033296, 41.30038333, 41.25038706, 41.20032916, 41.15009166,
        41.09869279, 41.04837721, 40.9981494 , 40.94792352, 40.89769214,
        40.84745999, 40.79728211, 40.7470824 , 40.69688623, 40.64668681,
        40.59638294, 40.54494279, 40.49486467, 40.44502469, 40.39535565,
        40.34587861, 40.29658568, 40.24750964, 40.19868446, 40.14969536,
        40.10166271, 40.05419834, 40.00713006, 39.96114999, 39.9163226 ,
        39.8724047 , 39.83048949, 39.79082181, 39.75422376, 39.72165237,
        39.69677869, 39.68391009, 39.69285258, 39.75135477, 39.99083995,
        39.62463979, 39.27315339, 39.10284861, 38.98206835, 38.88347978,
        38.79698306, 38.71808354, 38.64439012, 38.5742955 , 38.50688932,
        38.44149665, 38.37761247, 38.31476185, 38.25282658, 38.19160524,
        38.13096854, 38.07082668, 38.01111398, 37.95173993, 37.89263105,
        37.83373876, 37.77500121, 37.71640969, 37.65808062, 37.59917235,
        37.5406984 , 37.48218515, 37.42382703, 37.36573664, 37.30801547,
        37.25065129, 37.19375025, 37.13734985, 37.08145602, 37.02609972,
        36.97127292, 36.91692388, 36.86302269, 36.80954335, 36.75645437,
        36.7036667 , 36.65120129, 36.59901214, 36.5470751 , 36.49534019,
        36.44378852, 36.3923598 , 36.3411513 , 36.29007817, 36.23909668,
        36.18822413, 36.13747821, 36.08674845, 36.03607904, 35.9854316 ,
        35.93478514, 35.88418301, 35.83364364, 35.78302146, 35.7323885 ,
        35.68176702, 35.6311844 , 35.5806204 , 35.53010079, 35.47957976,
        35.42909766, 35.37866172, 35.32827185, 35.2779211 , 35.22768044,
        35.17759821, 35.12773646, 35.0781833 , 35.02900298, 34.98020571,
        34.9318706 , 34.88406293, 34.83678997, 34.79010592, 34.74409786,
        34.69872875, 34.65410751, 34.6102989 , 34.56746854, 34.52523332,
        34.48372956, 34.44340209, 34.40418436, 34.36617409, 34.32946897,
        34.29424953, 34.26073379, 34.22910523, 34.19965544, 34.17274688,
        34.14877978, 34.12830058, 34.11208044, 34.10062231, 34.09487579,
        34.0962955 , 34.1070499 , 34.1304615 , 34.17210856, 34.24447154,
        34.36092268, 34.57754476, 35.1480068 ]]), 'max_oct': np.float64(466.91364195819324)}"
9,34,9,34,253.5,4,4,63.375,"{'P_opt': np.float64(-12.775000000000002), 'gsnr': array([[33.04283793, 33.02283144, 33.01212419, 33.00421847, 32.99767834,
        32.99194392, 32.98674061, 32.98191263, 32.97735785, 32.97301228,
        32.96882865, 32.96477136, 32.960803  , 32.95691083, 32.9530814 ,
        32.94929924, 32.94555492, 32.94184126, 32.9381476 , 32.93447125,
        32.93080842, 32.92715385, 32.92350251, 32.91985407, 32.91620102,
        32.91253793, 32.90886262, 32.90516964, 32.90144852, 32.89768477,
        32.89372145, 32.88989789, 32.88606543, 32.88220913, 32.87832287,
        32.8744118 , 32.87047705, 32.8665204 , 32.86254799, 32.85856451,
        32.85457215, 32.85057677, 32.84657482, 32.84256686, 32.83855308,
        32.83453335, 32.83050548, 32.82646783, 32.82241688, 32.81834887,
        32.81425399, 32.81003494, 32.80591233, 32.80178644, 32.79764743,
        32.79348909, 32.78930874, 32.78510755, 32.78088045, 32.77662845,
        32.77234899, 32.76803803, 32.76369467, 32.75932117, 32.75491573,
        32.7504814 , 32.74601968, 32.74153324, 32.73702673, 32.73251686,
        32.72799813, 32.72346934, 32.71878854, 32.71441032, 32.71025035,
        32.70646339, 32.70335788, 32.70158734, 32.70289456, 32.71526306,
        33.11916313, 33.0897806 , 33.07321304, 33.06022569, 33.04880968,
        33.03821422, 33.02807992, 33.01822637, 33.00852468, 32.9988995 ,
        32.98929758, 32.97967719, 32.96999228, 32.96023662, 32.95039586,
        32.94045603, 32.93040962, 32.9202534 , 32.9099742 , 32.89957341,
        32.88904624, 32.87838068, 32.86757685, 32.85663751, 32.84554633,
        32.8343094 , 32.82292463, 32.8113861 , 32.79969541, 32.78786068,
        32.77586736, 32.76372026, 32.75141786, 32.73892472, 32.72601531,
        32.7132406 , 32.70037135, 32.68737539, 32.67423565, 32.66095547,
        32.64752332, 32.63394593, 32.62021402, 32.60632522, 32.59226926,
        32.57804869, 32.56364931, 32.54907946, 32.53433937, 32.51943019,
        32.50435226, 32.48912051, 32.47371356, 32.45813365, 32.44236515,
        32.42631533, 32.41021771, 32.39399991, 32.37763453, 32.36112285,
        32.34447452, 32.32768674, 32.31076927, 32.29374108, 32.27660382,
        32.25935429, 32.24191721, 32.22459993, 32.20734119, 32.1902156 ,
        32.17323121, 32.15647522, 32.140091  , 32.12427372, 32.10952193,
        32.09655042, 32.08662569, 32.08253975, 32.09152076, 32.1470015 ,
        30.89760869, 30.81442443, 30.76907144, 30.73426022, 30.70408171,
        30.67637858, 30.65011126, 30.62481996, 30.60011061, 30.57577899,
        30.55169015, 30.52768319, 30.50361475, 30.47949084, 30.45525026,
        30.43086953, 30.40632818, 30.38161193, 30.35669648, 30.33156423,
        30.30619281, 30.28055184, 30.25463485, 30.22844316, 30.20196487,
        30.17523894, 30.14828632, 30.12111407, 30.09375496, 30.06624892,
        30.03858958, 30.01082711, 29.98298311, 29.95506897, 29.92711196,
        29.89912841, 29.87113998, 29.84333653, 29.81562154, 29.78753802,
        29.75899206, 29.73020802, 29.70121198, 29.67200956, 29.64258398,
        29.61292894, 29.58301461, 29.55289716, 29.52253107, 29.49188743,
        29.46097593, 29.42980893, 29.39832093, 29.36653192, 29.33442059,
        29.30197252, 29.26921511, 29.23615971, 29.20270976, 29.16890057,
        29.13475068, 29.10027891, 29.06546759, 29.03032862, 28.99482953,
        28.95899492, 28.9228306 , 28.88633345, 28.84949462, 28.81235956,
        28.77496175, 28.73734401, 28.69956545, 28.66167031, 28.62366482,
        28.58560653, 28.54754928, 28.50950229, 28.47151091, 28.43364305,
        28.39587376, 28.35828234, 28.32092062, 28.2838934 , 28.24698893,
        28.21032314, 28.17416372, 28.13848785, 28.10337778, 28.06891425,
        28.03523997, 28.0025258 , 27.97091239, 27.94061893, 27.91192168,
        27.88512076, 27.8606349 , 27.83902226, 27.82054723, 27.80577948,
        27.79566953, 27.79164142, 27.79584829, 27.81173678, 27.845454  ,
        27.90967721, 28.03764712, 28.3812358 ]]), 'osnr': array([[33.31260483, 33.31083102, 33.30906253, 33.30729614, 33.30553114,
        33.30376727, 33.30200436, 33.30024236, 33.29848121, 33.29672087,
        33.29496132, 33.29320255, 33.29144453, 33.28968726, 33.28793072,
        33.28617492, 33.28441985, 33.2826655 , 33.28091186, 33.27915894,
        33.27740673, 33.27565522, 33.27390443, 33.27215433, 33.27040494,
        33.26865625, 33.26690825, 33.26516094, 33.26341432, 33.26166837,
        33.25992302, 33.25817844, 33.25643456, 33.25469136, 33.25294884,
        33.25120701, 33.24946585, 33.24772539, 33.2459856 , 33.24424651,
        33.24250811, 33.24077039, 33.23903337, 33.23729703, 33.23556138,
        33.23382642, 33.23209214, 33.23035855, 33.22862564, 33.22689341,
        33.22516185, 33.22343092, 33.22170072, 33.21997121, 33.21824237,
        33.21651421, 33.21478672, 33.21305991, 33.21133376, 33.20960828,
        33.20788348, 33.20615933, 33.20443585, 33.20271303, 33.20099088,
        33.19926939, 33.19754856, 33.1958284 , 33.19410891, 33.19239009,
        33.19067194, 33.18895446, 33.18723758, 33.18552153, 33.18380627,
        33.18209189, 33.18037855, 33.1786666 , 33.17695697, 33.17525394,
        33.66498866, 33.66326925, 33.66155673, 33.65984662, 33.65813794,
        33.65643032, 33.65472359, 33.65301764, 33.65131244, 33.64960792,
        33.64790407, 33.64620087, 33.64449828, 33.64279632, 33.64109496,
        33.6393942 , 33.63769405, 33.63599448, 33.6342955 , 33.63259711,
        33.6308993 , 33.62920207, 33.62750541, 33.62580932, 33.6241138 ,
        33.62241885, 33.62072446, 33.61903063, 33.61733737, 33.61564467,
        33.61395252, 33.61226092, 33.61056989, 33.60887938, 33.60718929,
        33.6054999 , 33.60381109, 33.60212285, 33.60043516, 33.59874802,
        33.59706143, 33.59537538, 33.59368988, 33.59200491, 33.59032048,
        33.58863658, 33.5869532 , 33.58527035, 33.58358802, 33.58190622,
        33.58022493, 33.57854418, 33.57686394, 33.57518421, 33.57350499,
        33.57182622, 33.57014803, 33.56847038, 33.56679324, 33.56511663,
        33.56344054, 33.56176498, 33.56008994, 33.55841543, 33.55674146,
        33.55506802, 33.55339506, 33.55172277, 33.55005111, 33.54838013,
        33.54670982, 33.54504025, 33.54337151, 33.5417037 , 33.54003715,
        33.5383723 , 33.53670994, 33.53505181, 33.5334024 , 33.5317821 ,
        32.02178263, 32.02006475, 32.01837798, 32.01670035, 32.01502705,
        32.01335631, 32.01168728, 32.01001959, 32.0083529 , 32.00668704,
        32.0050219 , 32.00335733, 32.00169322, 32.00002956, 31.9983663 ,
        31.99670341, 31.99504087, 31.99337866, 31.99171676, 31.99005515,
        31.9883938 , 31.98673268, 31.98507177, 31.98341108, 31.98175058,
        31.9800903 , 31.97843027, 31.97677047, 31.97511094, 31.97345172,
        31.97179278, 31.97013418, 31.96847594, 31.96681805, 31.96516056,
        31.96350347, 31.9618468 , 31.96019074, 31.95853521, 31.95687971,
        31.95522415, 31.95356874, 31.95191351, 31.95025847, 31.94860357,
        31.94694882, 31.94529416, 31.94363967, 31.94198526, 31.94033092,
        31.93867664, 31.93702242, 31.93536818, 31.93371394, 31.93205965,
        31.9304053 , 31.9287509 , 31.92709645, 31.92544184, 31.92378708,
        31.92213218, 31.92047717, 31.918822  , 31.91716667, 31.91551114,
        31.91385541, 31.91219948, 31.91054334, 31.90888695, 31.90723036,
        31.90557361, 31.90391673, 31.90225979, 31.90060285, 31.8989459 ,
        31.89728902, 31.89563228, 31.89397567, 31.89231927, 31.89066316,
        31.88900732, 31.88735186, 31.88569684, 31.88404245, 31.8823875 ,
        31.8807339 , 31.87908118, 31.87742934, 31.87577851, 31.87412883,
        31.87248056, 31.87083398, 31.86918936, 31.86754707, 31.86590761,
        31.86427151, 31.86263951, 31.86101258, 31.85939124, 31.8577765 ,
        31.85616998, 31.8545741 , 31.85299248, 31.85143075, 31.8498988 ,
        31.84841647, 31.84703392, 31.84596648]]), 'snr_nli': array([[45.24497962, 44.94996007, 44.81092785, 44.7171798 , 44.64510749,
        44.58567954, 44.5345216 , 44.4891764 , 44.44805442, 44.41016224,
        44.37477459, 44.34135125, 44.30934411, 44.27855422, 44.24877917,
        44.21979486, 44.1914627 , 44.16367733, 44.13629041, 44.10926066,
        44.08253388, 44.05603748, 44.02970397, 44.00352692, 43.97740887,
        43.95128047, 43.92511501, 43.89884511, 43.8723423 , 43.8454305 ,
        43.81617675, 43.78879222, 43.76142931, 43.73390673, 43.7061537 ,
        43.67823676, 43.65017283, 43.62198616, 43.59375232, 43.56552786,
        43.53733909, 43.50925439, 43.48123162, 43.45327702, 43.42539238,
        43.39757579, 43.36980201, 43.34205259, 43.31428853, 43.28646892,
        43.25848674, 43.22927413, 43.20126759, 43.17336221, 43.14545047,
        43.11746644, 43.08938323, 43.06121565, 43.03291217, 43.00448629,
        42.97591406, 42.9471567 , 42.91820857, 42.88909707, 42.85980726,
        42.83037405, 42.800816  , 42.77116291, 42.74146382, 42.71188649,
        42.68237536, 42.65291832, 42.62212744, 42.59444547, 42.56900736,
        42.54727182, 42.5321565 , 42.52988128, 42.55725775, 42.69357956,
        42.39652262, 42.1659648 , 42.04559652, 41.95566245, 41.87924218,
        41.81009607, 41.74527152, 41.68329026, 41.62312242, 41.56417097,
        41.50602314, 41.44836494, 41.39086618, 41.33348433, 41.27612359,
        41.21869478, 41.16115563, 41.10349382, 41.04563307, 40.9875943 ,
        40.92935815, 40.87086099, 40.81211752, 40.7531583 , 40.69389655,
        40.63438449, 40.5746235 , 40.51459259, 40.45431567, 40.39385345,
        40.33313487, 40.27220134, 40.2110573 , 40.14952035, 40.08638182,
        40.02466711, 39.96311448, 39.90155509, 39.83990591, 39.77819279,
        39.71636468, 39.6544649 , 39.5924551 , 39.53033278, 39.46805712,
        39.4056509 , 39.34305626, 39.28032408, 39.21746537, 39.15449495,
        39.0914234 , 39.02832665, 38.96511552, 38.90180879, 38.83834669,
        38.77433964, 38.71080638, 38.64743137, 38.58410022, 38.52082169,
        38.45763831, 38.39454052, 38.3315693 , 38.26880027, 38.2062381 ,
        38.14386829, 38.08140056, 38.0200087 , 37.95943413, 37.89993415,
        37.84151095, 37.7844558 , 37.72925318, 37.67655717, 37.62808243,
        37.58626195, 37.55542333, 37.54521868, 37.58108051, 37.78504294,
        37.31708569, 36.96897334, 36.78991382, 36.65718487, 36.54507595,
        36.4443328 , 36.35055157, 36.26174585, 36.17629117, 36.09333268,
        36.01230601, 35.93258652, 35.85364132, 35.77546915, 35.69784398,
        35.620675  , 35.54388535, 35.46742161, 35.39120069, 35.31516434,
        35.23924204, 35.16334166, 35.08744791, 35.01156952, 34.93567548,
        34.85988549, 34.78426158, 34.70882294, 34.6336609 , 34.55888279,
        34.48446247, 34.41053032, 34.33713337, 34.26428907, 34.19205641,
        34.12046307, 34.04954948, 33.97979018, 33.9109069 , 33.84171558,
        33.77199056, 33.7023085 , 33.63273466, 33.56328171, 33.49390749,
        33.42459639, 33.35527736, 33.28608477, 33.21691021, 33.14768754,
        33.07844167, 33.00920257, 32.93982329, 32.87035331, 32.80074868,
        32.73098203, 32.66111819, 32.59118497, 32.52097766, 32.45057893,
        32.38003327, 32.30938424, 32.23859815, 32.16770322, 32.09663619,
        32.02545122, 31.954163  , 31.8827679 , 31.81125094, 31.73970412,
        31.66819314, 31.59679963, 31.52563384, 31.45477439, 31.38422573,
        31.31408832, 31.24445277, 31.17532474, 31.10677602, 31.03891754,
        30.97168936, 30.90522061, 30.83958809, 30.77496077, 30.71094641,
        30.64773471, 30.58577712, 30.52501128, 30.46555761, 30.40753183,
        30.3511533 , 30.29668538, 30.24433623, 30.19444328, 30.14743494,
        30.10377449, 30.06411782, 30.02934656, 29.9998527 , 29.97653456,
        29.96091946, 29.95531997, 29.96326895, 29.99048842, 30.0473249 ,
        30.15548498, 30.37329064, 30.98018311]]), 'max_oct': np.float64(418.63084867652196)}"
14,12,14,12,107.3,2,2,53.65,"{'P_opt': np.float64(-11.330000000000002), 'gsnr': array([[34.46221943, 34.43853404, 34.42593132, 34.4167155 , 34.40915659,
        34.4025766 , 34.39664242, 34.39116515, 34.38602148, 34.38113381,
        34.37644512, 34.37191257, 34.36749152, 34.36316647, 34.35892091,
        34.35473661, 34.35060209, 34.34650866, 34.34244368, 34.33840373,
        34.33438416, 34.33037861, 34.32638105, 34.32239089, 34.31839882,
        34.31439761, 34.31038151, 34.3063274 , 34.30200096, 34.29790718,
        34.29381372, 34.28969846, 34.28555748, 34.28138937, 34.27718988,
        34.27296584, 34.26871844, 34.26444958, 34.26016566, 34.25587174,
        34.25156982, 34.24726649, 34.24295743, 34.23864325, 34.23432401,
        34.22999941, 34.22566603, 34.22132007, 34.21694616, 34.21239436,
        34.20799772, 34.20361196, 34.19921555, 34.19480517, 34.19038074,
        34.18593764, 34.18147387, 34.17699168, 34.17248578, 34.16795789,
        34.16340573, 34.15882526, 34.15421603, 34.14958142, 34.14492007,
        34.14023626, 34.13553245, 34.13081198, 34.12607797, 34.12133233,
        34.11632147, 34.11164159, 34.10708069, 34.10268879, 34.09857289,
        34.09495072, 34.09221578, 34.09119409, 34.09408525, 34.11097089,
        34.50611737, 34.47079078, 34.45157843, 34.43688672, 34.42419613,
        34.41256572, 34.40154631, 34.39091208, 34.38050318, 34.37022629,
        34.36001583, 34.34982105, 34.3395868 , 34.32930526, 34.3189589 ,
        34.30853139, 34.29801384, 34.28740214, 34.27668153, 34.26585351,
        34.25491264, 34.24384602, 34.23265369, 34.22133893, 34.20988405,
        34.19829607, 34.18657269, 34.17470693, 34.16269829, 34.15054942,
        34.13821134, 34.12538184, 34.11279234, 34.10012586, 34.08734096,
        34.07444565, 34.06142906, 34.04829185, 34.03502319, 34.02162984,
        34.00810073, 33.9944446 , 33.98065217, 33.96672233, 33.95264489,
        33.93842354, 33.92404355, 33.90951443, 33.89483495, 33.88000352,
        33.86500487, 33.84972945, 33.83445972, 33.81907456, 33.80355959,
        33.78790822, 33.77212216, 33.75622053, 33.74019275, 33.72404437,
        33.70778298, 33.69138522, 33.67471858, 33.65816497, 33.64158392,
        33.62497621, 33.60836647, 33.59178115, 33.57525544, 33.5588288 ,
        33.54269151, 33.52687541, 33.51153295, 33.49689037, 33.48342118,
        33.47186285, 33.46373264, 33.46189636, 33.47412513, 33.53630912,
        32.30699673, 32.2203764 , 32.17432519, 32.13958851, 32.10988295,
        32.08290212, 32.05752203, 32.03322312, 32.00961409, 31.98647709,
        31.96363675, 31.94095752, 31.9182904 , 31.895632  , 31.8729318 ,
        31.85016153, 31.82730214, 31.80433992, 31.78124963, 31.75800787,
        31.73459486, 31.71098364, 31.68716291, 31.66312956, 31.63887047,
        31.61442514, 31.58982003, 31.56507649, 31.54025257, 31.51551014,
        31.49073806, 31.46577609, 31.44058688, 31.41531028, 31.38999358,
        31.36464876, 31.33926225, 31.31382796, 31.28834082, 31.26279158,
        31.23714281, 31.21140843, 31.18557019, 31.15961869, 31.13353147,
        31.1073003 , 31.08089553, 31.0543678 , 31.02767488, 31.00079293,
        30.97373091, 30.94649983, 30.91904085, 30.89137535, 30.86348337,
        30.83535262, 30.80700696, 30.7784573 , 30.74961938, 30.72052925,
        30.69120055, 30.66164942, 30.63186166, 30.60185035, 30.57158715,
        30.54109482, 30.51037763, 30.47943415, 30.44825769, 30.41688943,
        30.38535814, 30.3537013 , 30.32197198, 30.29021019, 30.25842224,
        30.22665925, 30.19496684, 30.16335252, 30.13185477, 30.10053381,
        30.06936727, 30.03842763, 30.00775978, 29.97745988, 29.9473269 ,
        29.91745728, 29.88810092, 29.85923336, 29.83092528, 29.8032452 ,
        29.77631665, 29.75028828, 29.72528216, 29.70149166, 29.67915797,
        29.65854383, 29.64000977, 29.6240577 , 29.61095455, 29.60125143,
        29.5958214 , 29.59596308, 29.60363786, 29.6219975 , 29.65678785,
        29.72020314, 29.83998504, 30.15239736]]), 'osnr': array([[34.76673633, 34.76496373, 34.7631958 , 34.76142981, 34.75966512,
        34.7579015 , 34.75613882, 34.75437702, 34.75261605, 34.75085589,
        34.74909651, 34.74733789, 34.74558003, 34.74382291, 34.74206653,
        34.74031087, 34.73855595, 34.73680174, 34.73504825, 34.73329548,
        34.73154342, 34.72979206, 34.72804142, 34.72629148, 34.72454224,
        34.7227937 , 34.72104586, 34.71929871, 34.71755215, 34.71580638,
        34.71406131, 34.71231693, 34.71057324, 34.70883024, 34.70708792,
        34.70534629, 34.70360534, 34.70186509, 34.70012552, 34.69838664,
        34.69664845, 34.69491096, 34.69317415, 34.69143804, 34.68970262,
        34.68796788, 34.68623383, 34.68450047, 34.68276778, 34.68103571,
        34.6793044 , 34.67757377, 34.67584383, 34.67411456, 34.67238598,
        34.67065808, 34.66893085, 34.6672043 , 34.66547842, 34.66375322,
        34.66202869, 34.66030483, 34.65858164, 34.65685913, 34.65513728,
        34.6534161 , 34.6516956 , 34.64997576, 34.6482566 , 34.64653812,
        34.6448202 , 34.64310309, 34.6413867 , 34.63967106, 34.63795619,
        34.6362422 , 34.63452922, 34.63281758, 34.63110815, 34.62940482,
        35.11914315, 35.11742534, 35.11571388, 35.11400469, 35.11229687,
        35.1105901 , 35.1088842 , 35.10717909, 35.10547473, 35.10377107,
        35.10206809, 35.10036578, 35.0986641 , 35.09696307, 35.09526266,
        35.09356288, 35.09186372, 35.09016517, 35.08846724, 35.08676991,
        35.0850732 , 35.08337709, 35.08168157, 35.07998666, 35.07829235,
        35.07659863, 35.0749055 , 35.07321296, 35.07152102, 35.06982966,
        35.06813887, 35.06644853, 35.06475892, 35.06306993, 35.06138153,
        35.05969372, 35.0580065 , 35.05631987, 35.05463382, 35.05294836,
        35.05126348, 35.04957918, 35.04789546, 35.04621232, 35.04452974,
        35.04284774, 35.0411663 , 35.03948543, 35.03780512, 35.03612538,
        35.03444619, 35.03276751, 35.03108946, 35.02941198, 35.02773507,
        35.02605872, 35.02438293, 35.02270771, 35.02103305, 35.01935896,
        35.01768543, 35.01601246, 35.01433999, 35.01266818, 35.01099696,
        35.00932635, 35.00765635, 35.00598696, 35.00431821, 35.00265011,
        35.00098275, 34.99931614, 34.99765034, 34.99598547, 34.99432174,
        34.99265948, 34.99099938, 34.98934275, 34.98769307, 34.98606626,
        33.4760925 , 33.47439117, 33.47271412, 33.47104432, 33.46937808,
        33.46771402, 33.46605147, 33.46439014, 33.46272978, 33.46107026,
        33.45941148, 33.45775335, 33.45609577, 33.45443874, 33.45278223,
        33.45112622, 33.44947069, 33.44781564, 33.44616104, 33.44450687,
        33.44285313, 33.44119979, 33.43954684, 33.43789427, 33.43624207,
        33.43459027, 33.43293888, 33.43128791, 33.4296374 , 33.42798747,
        33.42633803, 33.42468896, 33.42304025, 33.42139197, 33.41974418,
        33.41809687, 33.41645003, 33.41480366, 33.41315775, 33.4115123 ,
        33.40986726, 33.40822266, 33.40657847, 33.40493468, 33.40329128,
        33.40164826, 33.40000558, 33.39836329, 33.39672134, 33.39507973,
        33.39343844, 33.39179749, 33.39015681, 33.38851644, 33.38687634,
        33.38523649, 33.38359692, 33.38195763, 33.38031855, 33.37867968,
        33.37704105, 33.37540266, 33.3737645 , 33.37212656, 33.37048882,
        33.36885129, 33.36721397, 33.36557685, 33.36393992, 33.36230322,
        33.36066675, 33.35903056, 33.35739468, 33.35575915, 33.35412397,
        33.35248919, 33.35085485, 33.34922096, 33.34758756, 33.34595469,
        33.34432235, 33.34269061, 33.34105951, 33.33942915, 33.33779849,
        33.33616933, 33.33454107, 33.3329137 , 33.33128731, 33.32966197,
        33.32803782, 33.32641503, 33.32479375, 33.32317421, 33.32155668,
        33.31994147, 33.318329  , 33.31671984, 33.31511431, 33.31351305,
        33.31191704, 33.31032771, 33.30874721, 33.30717894, 33.30562896,
        33.30410986, 33.30264916, 33.3013756 ]]), 'snr_nli': array([[46.1553174 , 45.84067318, 45.69160927, 45.5911827 , 45.51408943,
        45.45061454, 45.39604838, 45.34774825, 45.3040123 , 45.26377267,
        45.22625425, 45.19088061, 45.15707268, 45.1246159 , 45.09328994,
        45.06286027, 45.03317747, 45.00412842, 44.97555683, 44.94741615,
        44.91964682, 44.89217114, 44.86491684, 44.83787435, 44.81093699,
        44.78402298, 44.75706892, 44.72982129, 44.69971773, 44.67230907,
        44.64503405, 44.61765264, 44.59012523, 44.56243971, 44.53455437,
        44.50654518, 44.47842737, 44.45022317, 44.42200122, 44.39381472,
        44.36568438, 44.33767722, 44.30974816, 44.28190267, 44.25414084,
        44.22645893, 44.1988224 , 44.17119358, 44.14342204, 44.11404518,
        44.08632732, 44.0588475 , 44.03139548, 44.00393965, 43.97648014,
        43.94897374, 43.92140313, 43.89379095, 43.86608929, 43.83831624,
        43.8104525 , 43.78246327, 43.75434691, 43.72613708, 43.69782353,
        43.66944707, 43.64103138, 43.61260748, 43.58420375, 43.55583717,
        43.52529509, 43.49778785, 43.47143761, 43.44665747, 43.4243418 ,
        43.40631705, 43.39589066, 43.4000599 , 43.43774522, 43.59851842,
        43.31208115, 43.06135119, 42.93469173, 42.84224751, 42.76502763,
        42.69604152, 42.63199004, 42.57121818, 42.51258108, 42.45541423,
        42.39925849, 42.34376752, 42.28858178, 42.23364822, 42.17885664,
        42.12410848, 42.06935355, 42.01457218, 41.95968284, 41.90470188,
        41.84960516, 41.79432704, 41.73887752, 41.68328444, 41.62745888,
        41.5714505 , 41.5152568 , 41.45885041, 41.40223951, 41.34544869,
        41.28823372, 41.229061  , 41.17171063, 41.11453776, 41.05733526,
        41.00014774, 40.94292602, 40.88567854, 40.82835856, 40.77100437,
        40.71356934, 40.6561005 , 40.59856033, 40.54095002, 40.48322981,
        40.42542349, 40.36747256, 40.3094269 , 40.25128784, 40.19305534,
        40.13467138, 40.07568499, 40.01729044, 39.95897629, 39.90068543,
        39.84239424, 39.78411325, 39.72592129, 39.66777794, 39.60970676,
        39.55173826, 39.49378399, 39.43534778, 39.37787144, 39.32081207,
        39.26416404, 39.20800845, 39.15242993, 39.09754125, 39.04346643,
        38.99085376, 38.93977977, 38.8907352 , 38.84444984, 38.80247619,
        38.76722602, 38.74370451, 38.741442  , 38.78677619, 39.0059321 ,
        38.57778168, 38.2271236 , 38.05115288, 37.92289706, 37.81597945,
        37.72086022, 37.63295295, 37.55011327, 37.4707736 , 37.39405294,
        37.31926118, 37.24587681, 37.17335757, 37.1016682 , 37.03062055,
        36.96010671, 36.89005282, 36.82040504, 36.75107545, 36.68198549,
        36.61307079, 36.54424774, 36.47548319, 36.4067697 , 36.33807055,
        36.26950404, 36.20114592, 36.13305434, 36.06538891, 35.99859439,
        35.93233964, 35.86617082, 35.79998615, 35.73416633, 35.66883028,
        35.60399872, 35.53962452, 35.47568158, 35.41214739, 35.34898937,
        35.28610454, 35.22352257, 35.16119184, 35.09908425, 35.03714048,
        34.97533782, 34.91360246, 34.85205529, 34.79059257, 34.72915711,
        34.66777029, 34.60645749, 34.54508236, 34.48369607, 34.42225446,
        34.36073189, 34.29918424, 34.23763697, 34.1759053 , 34.11407274,
        34.05217162, 33.99023872, 33.92824488, 33.86621962, 33.80410435,
        33.7419489 , 33.67976331, 33.61754552, 33.55528276, 33.49305971,
        33.43093365, 33.36897766, 33.30729368, 33.24595518, 33.18496746,
        33.12442306, 33.06440138, 33.00490662, 32.94600208, 32.88779086,
        32.83021775, 32.77340699, 32.71742853, 32.66244607, 32.60807241,
        32.55447262, 32.50209055, 32.45086229, 32.40089755, 32.35230047,
        32.30527221, 32.26005569, 32.21684337, 32.17595169, 32.13777786,
        32.10275315, 32.07147703, 32.04479254, 32.02313059, 32.00742015,
        31.99915408, 32.00057566, 32.01510879, 32.04832222, 32.11050878,
        32.2238941 , 32.44062614, 33.0283106 ]]), 'max_oct': np.float64(438.05345624013233)}"
14,43,14,43,84.4,2,2,42.2,"{'P_opt': np.float64(-9.440000000000001), 'gsnr': array([[36.26235955, 36.2292016 , 36.21191885, 36.19947831, 36.18940416,
        36.18072802, 36.17297406, 36.16587278, 36.15924954, 36.15299365,
        36.14702448, 36.14128166, 36.13570413, 36.13026889, 36.12495203,
        36.1197285 , 36.11458188, 36.1094996 , 36.10446432, 36.09947033,
        36.09451032, 36.08957443, 36.08465216, 36.07973593, 36.07478343,
        36.06932693, 36.06437114, 36.05945339, 36.0545328 , 36.04960424,
        36.04465472, 36.03967813, 36.03467385, 36.02964132, 36.02457557,
        36.01948509, 36.01437089, 36.00923489, 36.00408416, 35.99892433,
        35.99375696, 35.98858924, 35.98341399, 35.97822754, 35.97300967,
        35.96746355, 35.96223837, 35.95703768, 35.95183768, 35.9466325 ,
        35.94142206, 35.9362098 , 35.93098396, 35.925744  , 35.92049141,
        35.9152214 , 35.90993223, 35.90462743, 35.89930103, 35.8939557 ,
        35.88858914, 35.88319669, 35.87777753, 35.87233451, 35.86685992,
        35.86132565, 35.85523686, 35.84970797, 35.84425342, 35.83887285,
        35.83356572, 35.82836812, 35.82334215, 35.81859457, 35.81429109,
        35.81075058, 35.80854648, 35.80888177, 35.81496095, 35.84149926,
        36.21060316, 36.16194366, 36.13659769, 36.11781247, 36.10195465,
        36.08766852, 36.07430898, 36.06154878, 36.04916176, 36.03701483,
        36.02501521, 36.01309233, 36.00117285, 35.98924316, 35.97727859,
        35.96525715, 35.95316619, 35.94099895, 35.92873673, 35.91637985,
        35.90392024, 35.89134089, 35.87863749, 35.86580331, 35.85276964,
        35.83893674, 35.82567261, 35.81235251, 35.79892925, 35.7854034 ,
        35.7717538 , 35.75798844, 35.74411353, 35.73012722, 35.71602159,
        35.70181414, 35.68749566, 35.6730687 , 35.65852247, 35.64386541,
        35.62908565, 35.61419369, 35.59917936, 35.58404196, 35.56876941,
        35.55336249, 35.53778488, 35.52181618, 35.50598906, 35.49006787,
        35.47403382, 35.45789988, 35.44164195, 35.42526837, 35.40878153,
        35.39217711, 35.37545434, 35.35860937, 35.34136833, 35.32435567,
        35.30731338, 35.29021506, 35.27306922, 35.25589816, 35.23869926,
        35.2213787 , 35.20425766, 35.18724057, 35.17030614, 35.1537244 ,
        35.13745279, 35.12152046, 35.10634501, 35.09214913, 35.07938342,
        35.06889527, 35.06261087, 35.06387017, 35.0818695 , 35.15960941,
        33.99053574, 33.89013472, 33.83844363, 33.80039442, 33.76843006,
        33.73979571, 33.71317572, 33.68790159, 33.66353399, 33.6397896 ,
        33.61647747, 33.59343995, 33.57053223, 33.54773219, 33.52497614,
        33.50222443, 33.47945059, 33.45663582, 33.43375082, 33.41077171,
        33.38768335, 33.36446519, 33.34111846, 33.31770407, 33.29398047,
        33.27014793, 33.24608996, 33.22189599, 33.19761497, 33.17329133,
        33.14892287, 33.12455688, 33.10021284, 33.07589749, 33.05162848,
        33.02740702, 33.00321532, 32.97904459, 32.95488746, 32.93073386,
        32.90654737, 32.88234028, 32.8580945 , 32.83380145, 32.80944025,
        32.78500394, 32.76046556, 32.73587196, 32.71118465, 32.68638376,
        32.66147813, 32.63647742, 32.61132878, 32.58605384, 32.56063414,
        32.5350593 , 32.50935076, 32.48351834, 32.45748855, 32.43129694,
        32.40495451, 32.3784754 , 32.35184893, 32.32508848, 32.29817002,
        32.27111466, 32.2439263 , 32.21660503, 32.18914689, 32.16158987,
        32.1339604 , 32.10629281, 32.07863628, 32.051028  , 32.02347583,
        31.99602631, 31.96871937, 31.94156275, 31.91459077, 31.88785723,
        31.86134504, 31.83512074, 31.809226  , 31.78375738, 31.75851029,
        31.73356837, 31.70918338, 31.68532695, 31.6620627 , 31.63945388,
        31.61761296, 31.59667531, 31.57675561, 31.55803326, 31.54073032,
        31.52509105, 31.51144664, 31.5002629 , 31.49183442, 31.48672024,
        31.48577538, 31.49027652, 31.50226092, 31.52611283, 31.56398   ,
        31.62815258, 31.7474065 , 32.05176193]]), 'osnr': array([[36.67434701, 36.67257483, 36.67080711, 36.66904125, 36.66727667,
        36.66551314, 36.66375053, 36.6619888 , 36.66022789, 36.65846779,
        36.65670846, 36.65494989, 36.65319208, 36.65143501, 36.64967867,
        36.64792307, 36.64616819, 36.64441404, 36.6426606 , 36.64090788,
        36.63915587, 36.63740457, 36.63565398, 36.63390409, 36.6321549 ,
        36.63040629, 36.6286585 , 36.62691142, 36.62516504, 36.62341936,
        36.62167437, 36.61993007, 36.61818647, 36.61644356, 36.61470133,
        36.6129598 , 36.61121895, 36.6094788 , 36.60773933, 36.60600056,
        36.60426248, 36.6025251 , 36.6007884 , 36.59905239, 36.59731707,
        36.59558235, 36.59384841, 36.59211516, 36.5903826 , 36.58865072,
        36.58691954, 36.58518904, 36.58345922, 36.58173009, 36.58000164,
        36.57827387, 36.57654678, 36.57482037, 36.57309464, 36.57136959,
        36.56964521, 36.56792151, 36.56619848, 36.56447613, 36.56275445,
        36.56103344, 36.55931296, 36.5575933 , 36.55587434, 36.55415608,
        36.55243851, 36.55072165, 36.54900551, 36.54729011, 36.54557551,
        36.54386179, 36.54214909, 36.54043773, 36.53872855, 36.53702539,
        37.02676603, 37.02504889, 37.02333797, 37.02162929, 37.01992198,
        37.01821571, 37.01651032, 37.01480574, 37.01310191, 37.01139879,
        37.00969637, 37.00799463, 37.00629354, 37.00459311, 37.00289332,
        37.00119418, 36.99949566, 36.99779779, 36.99610054, 36.99440392,
        36.99270792, 36.99101255, 36.98931779, 36.98762365, 36.9859301 ,
        36.98423699, 36.98254468, 36.980853  , 36.97916194, 36.97747149,
        36.97578166, 36.97409244, 36.97240383, 36.97071584, 36.96902845,
        36.96734168, 36.96565552, 36.96396996, 36.96228502, 36.96060067,
        36.95891694, 36.95723381, 36.95555127, 36.95386934, 36.95218801,
        36.95050727, 36.94882712, 36.94714748, 36.94546852, 36.94379016,
        36.94211239, 36.94043523, 36.93875866, 36.93708268, 36.93540729,
        36.93373249, 36.93205829, 36.93038467, 36.92871155, 36.92703913,
        36.92536732, 36.92369611, 36.9220255 , 36.92035551, 36.91868613,
        36.91701732, 36.9153492 , 36.91368172, 36.91201488, 36.91034877,
        36.90868337, 36.90701868, 36.90535485, 36.90369194, 36.90203009,
        36.90036957, 36.89871099, 36.89705539, 36.89540562, 36.89377479,
        35.38381788, 35.38212718, 35.3804564 , 35.37879168, 35.37713   ,
        35.37547026, 35.37381192, 35.37215471, 35.37049845, 35.36884303,
        35.36718836, 35.36553438, 35.36388103, 35.36222829, 35.36057615,
        35.35892457, 35.35727355, 35.35562307, 35.35397313, 35.35232371,
        35.35067481, 35.34902641, 35.34737851, 35.34573113, 35.34408417,
        35.34243772, 35.34079171, 35.33914619, 35.33750117, 35.33585669,
        35.33421274, 35.33256933, 35.33092648, 35.32928419, 35.32764247,
        35.32600131, 35.32436072, 35.32272068, 35.32108119, 35.31944224,
        35.31780382, 35.31616592, 35.31452855, 35.31289169, 35.31125533,
        35.30961946, 35.30798408, 35.3063492 , 35.3047148 , 35.30308087,
        35.30144741, 35.29981443, 35.29818189, 35.29654981, 35.29491817,
        35.29328696, 35.2916562 , 35.29002588, 35.28839596, 35.28676647,
        35.28513739, 35.28350875, 35.28188053, 35.28025273, 35.27862535,
        35.27699838, 35.27537183, 35.27374569, 35.27211997, 35.27049468,
        35.26886984, 35.26724546, 35.26562157, 35.2639982 , 35.26237535,
        35.26075304, 35.25913132, 35.25751017, 35.25588962, 35.25426972,
        35.25265044, 35.25103184, 35.24941394, 35.24779681, 35.24617947,
        35.24456367, 35.24294875, 35.24133468, 35.23972151, 35.2381093 ,
        35.23649812, 35.23488808, 35.23327926, 35.2316718 , 35.23006586,
        35.22846163, 35.22685935, 35.22525937, 35.22366191, 35.22206737,
        35.22047637, 35.21888981, 35.21730913, 35.21573737, 35.21417588,
        35.21263287, 35.21112682, 35.209737  ]]), 'snr_nli': array([[46.69572817, 46.35915088, 46.20011655, 46.09304956, 46.0108723 ,
        45.94321638, 45.88505748, 45.83358026, 45.78698458, 45.74413339,
        45.70420775, 45.66660063, 45.63071992, 45.59632771, 45.56318597,
        45.53105328, 45.49976943, 45.46921187, 45.43922001, 45.40973636,
        45.38069097, 45.35199442, 45.32355343, 45.29530146, 45.26688483,
        45.23444694, 45.20630022, 45.17859915, 45.15100538, 45.12347651,
        45.09590769, 45.06825142, 45.04050457, 45.01266488, 44.98469519,
        44.95666478, 44.928583  , 44.90046622, 44.87237003, 44.84433802,
        44.81638155, 44.78855469, 44.76080185, 44.733095  , 44.7052829 ,
        44.67516361, 44.64756955, 44.6202836 , 44.59312757, 44.56605732,
        44.53907163, 44.51219446, 44.48534049, 44.45850613, 44.43170206,
        44.40489463, 44.37807215, 44.35126009, 44.32441724, 44.29756302,
        44.27068239, 44.24374424, 44.2167444 , 44.18970356, 44.16257092,
        44.13515944, 44.10416703, 44.07705805, 44.05056255, 44.02466966,
        43.99936788, 43.97488503, 43.95161406, 43.93023103, 43.9117837 ,
        43.89829558, 43.89342017, 43.90489403, 43.95367185, 44.1393307 ,
        43.87237043, 43.60355714, 43.47230525, 43.37892536, 43.30242759,
        43.23509669, 43.17330182, 43.11520586, 43.05956323, 43.00564357,
        42.95294415, 42.90108985, 42.84970587, 42.79871735, 42.74799934,
        42.69744403, 42.64699084, 42.59660856, 42.54621229, 42.49580651,
        42.44535773, 42.39479379, 42.34410113, 42.29325622, 42.24196651,
        42.18765899, 42.13626566, 42.08506503, 42.03385643, 41.98264497,
        41.93134596, 41.87999685, 41.82862659, 41.77723083, 41.7257811 ,
        41.67435035, 41.62290445, 41.57145607, 41.51996605, 41.46847004,
        41.41692546, 41.36537534, 41.31378418, 41.26215259, 41.21043959,
        41.15865217, 41.10666351, 41.0536931 , 41.00165541, 40.94970124,
        40.89776513, 40.84589356, 40.79400428, 40.74212812, 40.69027475,
        40.63843112, 40.58659631, 40.53475932, 40.48202762, 40.43044751,
        40.3791642 , 40.32808825, 40.27724341, 40.22669601, 40.17643266,
        40.12615819, 40.07686042, 40.02822787, 39.98018303, 39.93352612,
        39.88810261, 39.84397537, 39.80235123, 39.7638383 , 39.72969964,
        39.70233332, 39.68724424, 39.69404853, 39.74971013, 39.9848157 ,
        39.60602075, 39.25497186, 39.08362447, 38.96139709, 38.86107229,
        38.77286904, 38.69216631, 38.61661599, 38.54469582, 38.4754303 ,
        38.40816557, 38.34237482, 38.27759021, 38.2137212 , 38.15056011,
        38.08797606, 38.02588039, 37.96420923, 37.90287153, 37.84179442,
        37.78093152, 37.72022323, 37.65967077, 37.59943518, 37.53886844,
        37.4785082 , 37.41804653, 37.35771928, 37.29765045, 37.23794839,
        37.17860011, 37.11971707, 37.06133801, 37.00346903, 36.94614281,
        36.88935106, 36.83303985, 36.7771785 , 36.72174055, 36.66669391,
        36.61194566, 36.55751884, 36.50336564, 36.44946132, 36.39575378,
        36.34222382, 36.28880769, 36.23560847, 36.18253677, 36.12954665,
        36.07665632, 36.02388534, 35.97111722, 35.91839882, 35.86568998,
        35.81296872, 35.76028082, 35.70764653, 35.65491164, 35.60215192,
        35.54939064, 35.49665697, 35.44392878, 35.39123312, 35.33852112,
        35.28583535, 35.23318314, 35.18056409, 35.12796981, 35.07547415,
        35.02312672, 34.97099135, 34.91915892, 34.86769545, 34.8166097 ,
        34.76598352, 34.71588458, 34.66631896, 34.61734227, 34.56904515,
        34.52138582, 34.47447704, 34.42838407, 34.38327109, 34.33875488,
        34.2949768 , 34.25237986, 34.21089836, 34.17063197, 34.13167859,
        34.0942222 , 34.05848515, 34.02465125, 33.99301642, 33.96394884,
        33.9378533 , 33.91528416, 33.89702838, 33.88357567, 33.87587813,
        33.87540725, 33.8843801 , 33.90636795, 33.94911545, 34.01667236,
        34.13139633, 34.34718173, 34.91924354]]), 'max_oct': np.float64(460.8062591432063)}"
28,29,28,29,143.4,2,2,71.7,"{'P_opt': np.float64(-13.940000000000003), 'gsnr': array([[31.88130988, 31.86393461, 31.85439059, 31.84721744, 31.84101807,
        31.83571141, 31.83089115, 31.82640252, 31.82215225, 31.81808336,
        31.81415383, 31.81033222, 31.80658511, 31.80290143, 31.7992696 ,
        31.79567565, 31.79211138, 31.78857053, 31.78504353, 31.78152818,
        31.77802119, 31.77451787, 31.77101374, 31.76750853, 31.76399553,
        31.76046979, 31.75692963, 31.75337082, 31.74978617, 31.74617506,
        31.74252816, 31.73882758, 31.73495216, 31.73118494, 31.72740355,
        31.72359976, 31.71977246, 31.71592262, 31.71205617, 31.70817748,
        31.70428884, 31.70039574, 31.69649492, 31.69258688, 31.68867176,
        31.68474932, 31.68081769, 31.67687526, 31.67291904, 31.66894663,
        31.66495623, 31.66093994, 31.65680958, 31.65275307, 31.64869058,
        31.64460847, 31.64050266, 31.6363734 , 31.63221553, 31.62802958,
        31.6238127 , 31.61956074, 31.61527243, 31.61094924, 31.60658887,
        31.60219341, 31.59776333, 31.5933    , 31.58880663, 31.58429702,
        31.5797666 , 31.5752247 , 31.57067752, 31.56602798, 31.56168171,
        31.55764097, 31.55414722, 31.55173978, 31.55186359, 31.56113797,
        31.96734328, 31.94167191, 31.92665048, 31.91458923, 31.90381389,
        31.89369831, 31.88394167, 31.87439327, 31.86494423, 31.85553084,
        31.84610782, 31.83663925, 31.82708467, 31.81743891, 31.80768949,
        31.79782373, 31.78783485, 31.77772013, 31.76746705, 31.75707689,
        31.74654508, 31.73585975, 31.72502096, 31.71403101, 31.70287374,
        31.69155449, 31.68007065, 31.66841607, 31.65659229, 31.64460713,
        31.63244742, 31.62011926, 31.60762638, 31.5949632 , 31.5821156 ,
        31.56906066, 31.55560098, 31.54222284, 31.52872397, 31.51507377,
        31.50125419, 31.48726881, 31.47310708, 31.45876505, 31.44423157,
        31.42950806, 31.41457977, 31.3994538 , 31.38413061, 31.36861088,
        31.35289415, 31.33699589, 31.32089555, 31.30459744, 31.28810242,
        31.27140454, 31.25450074, 31.23738835, 31.21997909, 31.20249284,
        31.18486064, 31.16705874, 31.14909259, 31.13098005, 31.11272526,
        31.09434733, 31.07586997, 31.0573118 , 31.03868473, 31.01999585,
        31.0015224 , 30.98325647, 30.96531777, 30.94793045, 30.9314391 ,
        30.91658922, 30.90462496, 30.89813368, 30.90425154, 30.95519725,
        29.70121084, 29.61812959, 29.57166715, 29.53540702, 29.50360463,
        29.47411253, 29.44599265, 29.41874371, 29.39201826, 29.36559026,
        29.33932179, 29.31305567, 29.28667361, 29.26015387, 29.23345595,
        29.20653744, 29.1793992 , 29.15201494, 29.12435276, 29.0963847 ,
        29.06809529, 29.03946377, 29.01047913, 28.98113587, 28.95141279,
        28.92135286, 28.89098509, 28.86031612, 28.82938133, 28.79822706,
        28.76684738, 28.73529936, 28.70360366, 28.67176964, 28.63981701,
        28.607741  , 28.57551667, 28.54313222, 28.51058163, 28.47785304,
        28.44490424, 28.41175657, 28.37840032, 28.34484526, 28.31112732,
        28.27754106, 28.24391974, 28.2096423 , 28.17456309, 28.13896688,
        28.10293282, 28.06650171, 28.0296098 , 27.99228326, 27.95450253,
        27.91625282, 27.87756873, 27.83846437, 27.79882513, 27.75868741,
        27.71807685, 27.677017  , 27.63548528, 27.59349277, 27.551001  ,
        27.508038  , 27.46461195, 27.42071776, 27.37634326, 27.33154029,
        27.28634869, 27.24081842, 27.19501679, 27.14899356, 27.10275402,
        27.0563646 , 27.00989041, 26.96334258, 26.91677584, 26.87026903,
        26.82379249, 26.77743521, 26.73125841, 26.68537882, 26.63956994,
        26.59397465, 26.54888569, 26.5042824 , 26.46026279, 26.41692421,
        26.37443551, 26.33299778, 26.29277637, 26.25402512, 26.21706743,
        26.18225346, 26.15008137, 26.12118263, 26.09581322, 26.07456161,
        26.05847933, 26.04915896, 26.04901891, 26.06193923, 26.09485667,
        26.16211833, 26.30148782, 26.686612  ]]), 'osnr': array([[32.14215165, 32.14037676, 32.13860765, 32.13684079, 32.13507527,
        32.13331105, 32.13154786, 32.12978559, 32.12802419, 32.12626362,
        32.12450386, 32.12274487, 32.12098664, 32.11922916, 32.11747242,
        32.11571642, 32.11396114, 32.11220658, 32.11045274, 32.10869961,
        32.10694719, 32.10519548, 32.10344447, 32.10169416, 32.09994455,
        32.09819563, 32.09644741, 32.09469987, 32.09295301, 32.09120684,
        32.08946134, 32.0877165 , 32.08597225, 32.08422876, 32.08248596,
        32.08074384, 32.0790024 , 32.07726164, 32.07552156, 32.07378217,
        32.07204346, 32.07030544, 32.06856811, 32.06683146, 32.0650955 ,
        32.06336023, 32.06162564, 32.05989173, 32.0581585 , 32.05642594,
        32.05469406, 32.05296285, 32.05123225, 32.04950238, 32.0477732 ,
        32.04604468, 32.04431683, 32.04258965, 32.04086314, 32.03913728,
        32.03741209, 32.03568755, 32.03396366, 32.03224044, 32.03051786,
        32.02879594, 32.02707468, 32.02535406, 32.02363411, 32.02191482,
        32.02019619, 32.01847822, 32.01676093, 32.01504424, 32.01332844,
        32.01161352, 32.00989965, 32.00818722, 32.00647723, 32.00477431,
        32.49450437, 32.4927832 , 32.49106944, 32.48935821, 32.48764847,
        32.4859398 , 32.48423202, 32.48252502, 32.48081874, 32.47911314,
        32.47740819, 32.47570385, 32.47400011, 32.47229697, 32.4705944 ,
        32.4688924 , 32.46719097, 32.4654901 , 32.46378979, 32.46209003,
        32.46039082, 32.45869215, 32.45699402, 32.45529642, 32.45359936,
        32.45190282, 32.45020681, 32.44851131, 32.44681634, 32.44512189,
        32.44342795, 32.44173453, 32.44004163, 32.43834923, 32.43665734,
        32.43496593, 32.43327486, 32.43158447, 32.42989461, 32.42820528,
        32.42651644, 32.4248281 , 32.42314025, 32.4214529 , 32.41976601,
        32.41807961, 32.41639367, 32.41470819, 32.41302318, 32.41133863,
        32.40965455, 32.40797093, 32.40628777, 32.40460505, 32.4029228 ,
        32.40124098, 32.39955961, 32.39787867, 32.3961981 , 32.39451805,
        32.39283849, 32.39115938, 32.38948072, 32.38780254, 32.38612483,
        32.3844476 , 32.38277086, 32.38109464, 32.37941894, 32.37774377,
        32.37606934, 32.37439564, 32.37272278, 32.37105094, 32.3693804 ,
        32.36771177, 32.36604607, 32.36438543, 32.36273565, 32.36112264,
        30.8510872 , 30.84934813, 30.8476485 , 30.8459603 , 30.84427738,
        30.84259744, 30.84091945, 30.83924288, 30.83756734, 30.83589257,
        30.83421843, 30.83254473, 30.83087133, 30.8291982 , 30.82752529,
        30.82585254, 30.82417995, 30.82250747, 30.82083506, 30.81916268,
        30.8174903 , 30.81581789, 30.81414541, 30.81247286, 30.81080019,
        30.80912745, 30.80745466, 30.80578182, 30.80410897, 30.80243615,
        30.80076336, 30.79909065, 30.79741806, 30.79574557, 30.79407323,
        30.792401  , 30.79072885, 30.78905676, 30.78738471, 30.78571267,
        30.78404058, 30.78236846, 30.78069627, 30.77902404, 30.77735179,
        30.77567996, 30.7740083 , 30.77233587, 30.77066242, 30.76898835,
        30.76731376, 30.7656387 , 30.76396304, 30.7622868 , 30.76060994,
        30.75893239, 30.7572542 , 30.75557536, 30.75389565, 30.75221512,
        30.75053377, 30.74885161, 30.74716858, 30.74548466, 30.74379977,
        30.7421139 , 30.74042706, 30.73873919, 30.73705024, 30.73536027,
        30.73366932, 30.73197746, 30.73028477, 30.72859133, 30.72689713,
        30.72520228, 30.72350687, 30.72181093, 30.72011454, 30.71841785,
        30.7167208 , 30.71502356, 30.71332626, 30.71162914, 30.70993088,
        30.70823349, 30.70653676, 30.70484067, 30.70314547, 30.7014514 ,
        30.69975889, 30.69806845, 30.69638053, 30.69469581, 30.69301513,
        30.69133944, 30.68967006, 30.68800867, 30.68635605, 30.6847138 ,
        30.68308466, 30.68147273, 30.67988409, 30.67832835, 30.67682223,
        30.67539932, 30.67414447, 30.6734208 ]]), 'snr_nli': array([[44.22514973, 43.96322306, 43.83706587, 43.75073183, 43.68074197,
        43.6251807 , 43.57748645, 43.53514066, 43.49663728, 43.46105717,
        43.42772998, 43.39615913, 43.36583414, 43.3365757 , 43.30820237,
        43.28050344, 43.25335373, 43.2266578 , 43.20027699, 43.17417629,
        43.14830721, 43.1226029 , 43.09700044, 43.07149532, 43.04599662,
        43.02043864, 42.9948006 , 42.96902829, 42.94302976, 42.916801  ,
        42.89022478, 42.86307563, 42.83380353, 42.80606814, 42.7782867 ,
        42.75035671, 42.72226724, 42.6940341 , 42.66573405, 42.63742312,
        42.6091305 , 42.58092374, 42.55276273, 42.52465338, 42.49659731,
        42.46859148, 42.44061359, 42.41264473, 42.38465053, 42.35660385,
        42.32848535, 42.30020572, 42.27075287, 42.24229892, 42.21391897,
        42.18545826, 42.15687294, 42.12816867, 42.09929087, 42.07024901,
        42.04101555, 42.01154914, 41.98184074, 41.95191137, 41.9217412 ,
        41.89135762, 41.86077037, 41.82999842, 41.79907977, 41.76816211,
        41.73719879, 41.70628782, 41.67549261, 41.64382441, 41.61540266,
        41.59019743, 41.57058394, 41.56190017, 41.57860625, 41.68864001,
        41.38666757, 41.17976404, 41.06763124, 40.98171452, 40.9074064 ,
        40.83930928, 40.77485965, 40.7127779 , 40.65216381, 40.59249718,
        40.53341774, 40.47464945, 40.41589594, 40.35712573, 40.29825747,
        40.23921182, 40.17995407, 40.12047879, 40.06071486, 40.00068678,
        39.9403795 , 39.87973132, 39.8187605 , 39.75749905, 39.69586155,
        39.63390057, 39.57161786, 39.50899362, 39.44605555, 39.38286781,
        39.31936839, 39.2556104 , 39.19163096, 39.12741312, 39.06289303,
        38.99796142, 38.93156135, 38.86637695, 38.80129337, 38.73615266,
        38.67086951, 38.60547405, 38.53992326, 38.47420934, 38.40828924,
        38.34218387, 38.27583465, 38.2092908 , 38.14256792, 38.07568207,
        38.00864329, 37.9415343 , 37.87427103, 37.8068846 , 37.73938949,
        37.67176984, 37.60402301, 37.53614836, 37.4677845 , 37.39987021,
        37.33211216, 37.26441442, 37.19680264, 37.12935067, 37.06207501,
        36.99504963, 36.9283627 , 36.86207913, 36.79623565, 36.73084932,
        36.66693145, 36.60441207, 36.54368515, 36.48550377, 36.43102187,
        36.38276862, 36.34495354, 36.32641048, 36.35193046, 36.53743291,
        36.03480261, 35.69369653, 35.51344845, 35.37751411, 35.2613255 ,
        35.15584545, 35.05713258, 34.96308465, 34.87227804, 34.78379747,
        34.69708258, 34.61153878, 34.52673297, 34.44257291, 34.35890978,
        34.27559605, 34.19262855, 34.1099191 , 34.02736638, 33.94488598,
        33.86243504, 33.779957  , 33.6974266 , 33.61483568, 33.53213139,
        33.44944514, 33.36686295, 33.28440472, 33.20216778, 33.12027448,
        33.03870167, 32.95759343, 32.8769922 , 32.79690913, 32.7173811 ,
        32.63838157, 32.55983437, 32.48169903, 32.40395077, 32.32655151,
        32.24939178, 32.17251734, 32.09589899, 32.01955389, 31.9435588 ,
        31.86857812, 31.79420747, 31.71903893, 31.6427726 , 31.56606689,
        31.48910773, 31.41199136, 31.33458671, 31.25695807, 31.17907127,
        31.10090326, 31.02253356, 30.94399682, 30.86506594, 30.78582463,
        30.70633232, 30.62664201, 30.54671473, 30.46657792, 30.38616282,
        30.30552954, 30.22469856, 30.14366473, 30.06240984, 29.98103389,
        29.89961155, 29.81823325, 29.73701749, 29.65604758, 29.57532565,
        29.4949608 , 29.41505646, 29.33561971, 29.25673219, 29.17851417,
        29.10089941, 29.02402252, 28.94796831, 28.87291126, 28.79845832,
        28.724828  , 28.65247816, 28.58134998, 28.51157671, 28.44328803,
        28.37672463, 28.31217359, 28.24986102, 28.19014793, 28.13349827,
        28.08041135, 28.03160937, 27.98801247, 27.94995964, 27.91830108,
        27.89459421, 27.88122314, 27.88184346, 27.90238372, 27.95357783,
        28.0579784 , 28.27629018, 28.90016737]]), 'max_oct': np.float64(401.8098283207487)}"
28,33,28,33,36.9,1,1,36.9,"{'P_opt': np.float64(-8.379999999999999), 'gsnr': array([[37.20619879, 37.16244082, 37.13995421, 37.12394527, 37.11109947,
        37.10012219, 37.09037732, 37.08150464, 37.07327196, 37.0655313 ,
        37.05817543, 37.0511242 , 37.04429919, 37.03766792, 37.03119821,
        37.02485722, 37.0186227 , 37.01247722, 37.00639782, 37.00037466,
        36.99439438, 36.98843465, 36.9824351 , 36.9756408 , 36.96968362,
        36.96380684, 36.9579576 , 36.95211746, 36.94626993, 36.94041444,
        36.93453739, 36.92863204, 36.92269769, 36.91673356, 36.91073367,
        36.90470758, 36.89865604, 36.89258056, 36.88648815, 36.8803828 ,
        36.87425948, 36.86809454, 36.86139916, 36.85523199, 36.84911323,
        36.84301058, 36.83691325, 36.83081728, 36.82471746, 36.81861147,
        36.81250089, 36.80639031, 36.80026642, 36.7941287 , 36.78797884,
        36.78181116, 36.77562326, 36.76941843, 36.76318803, 36.75693108,
        36.75063348, 36.74423503, 36.73693273, 36.73050292, 36.72414614,
        36.71781718, 36.71151349, 36.70524414, 36.69902637, 36.69290421,
        36.68689173, 36.68104215, 36.67544116, 36.67023165, 36.66563553,
        36.66207174, 36.66029599, 36.66189497, 36.67109948, 36.70737738,
        37.04713158, 36.98485193, 36.9531629 , 36.93008437, 36.91085893,
        36.89371272, 36.87780326, 36.86269942, 36.84810921, 36.83385888,
        36.81982795, 36.80592538, 36.79206017, 36.77821049, 36.76434303,
        36.75042705, 36.73643983, 36.72235548, 36.7080761 , 36.69258222,
        36.67814256, 36.66370374, 36.64918708, 36.63457907, 36.61985108,
        36.60500938, 36.59005061, 36.57496706, 36.55976099, 36.54444464,
        36.52899913, 36.51343536, 36.49776149, 36.48197629, 36.46607163,
        36.45006693, 36.43395231, 36.41773035, 36.40138906, 36.38493672,
        36.36835837, 36.35165932, 36.33479868, 36.31739908, 36.30030371,
        36.28313146, 36.26583477, 36.24842042, 36.23088578, 36.21323268,
        36.19546369, 36.17759642, 36.15960448, 36.14149089, 36.12322362,
        36.10438076, 36.0859293 , 36.06746106, 36.04892898, 36.03033696,
        36.01169715, 35.99300727, 35.97426681, 35.95531687, 35.93660716,
        35.91796621, 35.89931755, 35.88093483, 35.86277818, 35.84496049,
        35.82739447, 35.81054091, 35.79448443, 35.77940737, 35.76628888,
        35.75605113, 35.75052205, 35.75396965, 35.7771446 , 35.87067718,
        34.76735374, 34.64975962, 34.59030006, 34.54710361, 34.51124773,
        34.47937771, 34.4499281 , 34.42213145, 34.39542996, 34.36951113,
        34.34413965, 34.31915754, 34.29438613, 34.26977397, 34.24525609,
        34.22078868, 34.1963407 , 34.1718895 , 34.14740238, 34.1228526 ,
        34.0982235 , 34.07349685, 34.04870763, 34.02352497, 33.99829677,
        33.97286633, 33.94732147, 33.92168984, 33.89601106, 33.87032749,
        33.84463616, 33.81898521, 33.79339476, 33.76787155, 33.74243332,
        33.71708097, 33.6917958 , 33.66656821, 33.64138992, 33.61624984,
        33.59111049, 33.56598356, 33.54085034, 33.5157017 , 33.49051629,
        33.46528671, 33.43998623, 33.41466162, 33.38927438, 33.36380474,
        33.33826179, 33.31265473, 33.28693104, 33.26111241, 33.23518051,
        33.20912522, 33.18296814, 33.15671865, 33.13030474, 33.10376225,
        33.07710261, 33.05033991, 33.02346461, 32.99649033, 32.96939419,
        32.94219736, 32.91490426, 32.88751559, 32.86002873, 32.83248218,
        32.80490333, 32.7773275 , 32.74980477, 32.72237316, 32.69504215,
        32.66785864, 32.64086255, 32.61406273, 32.58749392, 32.56120941,
        32.53519486, 32.50951672, 32.48421813, 32.45940305, 32.43485125,
        32.41064597, 32.38705749, 32.36405297, 32.34169679, 32.32005469,
        32.29924113, 32.27939373, 32.26063218, 32.24314041, 32.2271458 ,
        32.21290038, 32.20074439, 32.19115232, 32.18444881, 32.18122303,
        32.18236526, 32.18919033, 32.20369525, 32.22920139, 32.27328657,
        32.34309731, 32.47067621, 32.79350367]]), 'osnr': array([[37.74818006, 37.7464073 , 37.74463929, 37.74287324, 37.7411085 ,
        37.73934483, 37.73758211, 37.73582028, 37.73405927, 37.73229908,
        37.73053967, 37.72878103, 37.72702314, 37.725266  , 37.7235096 ,
        37.72175393, 37.71999899, 37.71824477, 37.71649128, 37.7147385 ,
        37.71298643, 37.71123507, 37.70948441, 37.70773429, 37.70598504,
        37.70423651, 37.70248868, 37.70074156, 37.69899514, 37.69724941,
        37.69550438, 37.69376004, 37.6920164 , 37.69027344, 37.68853118,
        37.6867896 , 37.68504872, 37.68330853, 37.68156903, 37.67983022,
        37.6780921 , 37.67635466, 37.6746178 , 37.67288175, 37.6711464 ,
        37.66941174, 37.66767777, 37.6659445 , 37.66421191, 37.66248   ,
        37.66074879, 37.65901826, 37.65728842, 37.65555926, 37.65383078,
        37.65210298, 37.65037586, 37.64864943, 37.64692367, 37.64519859,
        37.64347418, 37.64175044, 37.64002718, 37.63830479, 37.63658309,
        37.63486208, 37.63314175, 37.63142211, 37.62970316, 37.6279849 ,
        37.62626735, 37.62455051, 37.62283439, 37.62111904, 37.61940449,
        37.61769085, 37.61597826, 37.61426707, 37.6125582 , 37.61085579,
        38.10059652, 38.09887863, 38.09716742, 38.09545858, 38.09375117,
        38.09204484, 38.09033942, 38.08863481, 38.08693097, 38.08522785,
        38.08352544, 38.0818237 , 38.08012263, 38.07842222, 38.07672246,
        38.07502334, 38.07332486, 38.07162701, 38.06992978, 38.06823293,
        38.06653696, 38.06484163, 38.06314694, 38.06145288, 38.05975944,
        38.05806662, 38.05637442, 38.05468284, 38.05299188, 38.05130154,
        38.04961181, 38.0479227 , 38.0462342 , 38.04454633, 38.04285906,
        38.04117241, 38.03948638, 38.03780096, 38.03611614, 38.03443194,
        38.03274835, 38.03106536, 38.02938297, 38.02770109, 38.02601991,
        38.02433935, 38.02265939, 38.02098003, 38.01930127, 38.01762311,
        38.01594555, 38.01426859, 38.01259223, 38.01091647, 38.00924129,
        38.0075666 , 38.00589263, 38.00421927, 38.00254652, 38.00087438,
        37.99920284, 37.99753191, 37.99586159, 37.99419183, 37.99252275,
        37.99085431, 37.98918648, 37.98751934, 37.98585287, 37.9841871 ,
        37.98252202, 37.98085774, 37.97919429, 37.97753171, 37.97587027,
        37.97421022, 37.97255205, 37.9708969 , 37.96924761, 37.96761726,
        36.45766333, 36.45597328, 36.4543031 , 36.45263898, 36.45097793,
        36.44931883, 36.44766114, 36.44600459, 36.44434901, 36.44269427,
        36.44104031, 36.43938705, 36.43773444, 36.43608247, 36.43443109,
        36.43278031, 36.4311301 , 36.42948046, 36.42783137, 36.42618282,
        36.42453481, 36.42288732, 36.42124037, 36.41959382, 36.41794782,
        36.41630229, 36.41465728, 36.41301278, 36.41136882, 36.40972541,
        36.40808255, 36.40644025, 36.40479853, 36.40315739, 36.40151683,
        36.39987686, 36.39823747, 36.39659865, 36.39496039, 36.39332271,
        36.39168556, 36.39004897, 36.38841292, 36.38677741, 36.38514242,
        36.38350796, 36.381874  , 36.38024057, 36.37860766, 36.37697524,
        36.37534332, 36.37371191, 36.37208098, 36.37045053, 36.36882056,
        36.36719107, 36.36556205, 36.36393351, 36.36230542, 36.36067778,
        36.35905061, 36.35742391, 36.35579767, 36.3541719 , 36.35254658,
        36.35092172, 36.34929733, 36.34767339, 36.34604992, 36.34442691,
        36.3428044 , 36.34118239, 36.33956091, 36.33793999, 36.33631961,
        36.33469982, 36.33308064, 36.33146206, 36.32984411, 36.32822682,
        36.32661019, 36.32499425, 36.32337902, 36.32176458, 36.32014995,
        36.31853688, 36.31692467, 36.31531332, 36.31370287, 36.31209335,
        36.31048485, 36.30887744, 36.30727121, 36.30566628, 36.30406279,
        36.3024609 , 36.30086082, 36.29926285, 36.2976672 , 36.29607424,
        36.29448449, 36.29289876, 36.29131824, 36.28974485, 36.28818298,
        36.28663646, 36.28512277, 36.28371245]]), 'snr_nli': array([[46.51237192, 46.16511674, 46.00133986, 45.89117673, 45.80667201,
        45.73713567, 45.67738764, 45.62452582, 45.57670338, 45.53274778,
        45.49181823, 45.45329262, 45.41658188, 45.38142844, 45.34758485,
        45.31480601, 45.28292453, 45.25180937, 45.22129597, 45.19131017,
        45.16175644, 45.13248284, 45.10309394, 45.06872435, 45.03992097,
        45.0117681 , 44.98392094, 44.95625899, 44.92867646, 44.90116904,
        44.87365157, 44.84608303, 44.8184604 , 44.79078028, 44.7630075 ,
        44.73520198, 44.70736935, 44.67951957, 44.65169538, 44.62392056,
        44.59616524, 44.56829037, 44.53743539, 44.50981459, 44.48259833,
        44.45559488, 44.42873968, 44.40200841, 44.37537015, 44.34881097,
        44.32233901, 44.29597929, 44.26965641, 44.24336727, 44.21712128,
        44.19088693, 44.16465141, 44.13843297, 44.11218495, 44.08590291,
        44.05951175, 44.03269111, 44.00116942, 43.97443257, 43.94819452,
        43.92221136, 43.89646671, 43.87100502, 43.84591221, 43.82141116,
        43.79756702, 43.77464453, 43.7530703 , 43.73355619, 43.71720724,
        43.70611829, 43.7040859 , 43.719159  , 43.77315879, 43.96995329,
        43.71486411, 43.43885209, 43.30618185, 43.21293863, 43.13728022,
        43.07118147, 43.01087095, 42.95442482, 42.90056106, 42.8485194 ,
        42.79777826, 42.74794979, 42.6986593 , 42.64981146, 42.60126994,
        42.5529126 , 42.50465119, 42.45638842, 42.40776248, 42.35502806,
        42.30657612, 42.2584883 , 42.21047489, 42.16248766, 42.11442624,
        42.06631597, 42.01814797, 41.96989843, 41.92157858, 41.87323338,
        41.82480104, 41.77632174, 41.72782527, 41.6793095 , 41.63074968,
        41.58221158, 41.5336642 , 41.48511751, 41.43653471, 41.38794416,
        41.33930046, 41.29062273, 41.24178644, 41.19163727, 41.14277648,
        41.09402366, 41.04523483, 40.99643222, 40.9476096 , 40.89877394,
        40.84993425, 40.80114284, 40.75232385, 40.7034876 , 40.65454463,
        40.60430931, 40.55551582, 40.50700088, 40.45862989, 40.41041156,
        40.3623768 , 40.31451665, 40.26682717, 40.21888175, 40.17187846,
        40.1253482 , 40.07908246, 40.03378877, 39.98934679, 39.94603202,
        39.90360213, 39.86321385, 39.82504872, 39.78953233, 39.75908247,
        39.73594386, 39.72461379, 39.73571116, 39.79642442, 40.039025  ,
        39.68331186, 39.33176343, 39.16239476, 39.04276317, 38.94550415,
        38.86049101, 38.78304102, 38.7108511 , 38.64228232, 38.57641084,
        38.51255098, 38.45024293, 38.38899021, 38.32863719, 38.26899923,
        38.20995081, 38.1514021 , 38.09328673, 38.03551583, 37.97801765,
        37.92074689, 37.86365577, 37.80682429, 37.74946746, 37.69241189,
        37.6352877 , 37.57829969, 37.52150897, 37.46500207, 37.40886931,
        37.35309679, 37.29778485, 37.24296917, 37.18865508, 37.13487182,
        37.08161142, 37.02882392, 36.97648014, 36.92455451, 36.87301611,
        36.82177932, 36.77086338, 36.72022392, 36.66983733, 36.61965554,
        36.56965999, 36.51979331, 36.47014788, 36.42064273, 36.37123605,
        36.32194432, 36.27278382, 36.22364922, 36.17458244, 36.12554672,
        36.07652193, 36.02754938, 35.97864616, 35.9296739 , 35.88070148,
        35.83175029, 35.78284633, 35.73397091, 35.6851487 , 35.63633649,
        35.58757282, 35.53886487, 35.49021287, 35.44161103, 35.3931278 ,
        35.34481038, 35.29671921, 35.24893987, 35.20153502, 35.15451597,
        35.10795944, 35.06192873, 35.01643207, 34.97152246, 34.92728412,
        34.88368386, 34.8408274 , 34.79877917, 34.75770608, 34.71722519,
        34.67746889, 34.63888358, 34.6014021 , 34.56512063, 34.53013686,
        34.49662852, 34.46481017, 34.43486517, 34.40708169, 34.38181764,
        34.35946995, 34.34057904, 34.32590436, 34.3159613 , 34.31170125,
        34.31457434, 34.32673932, 34.35150393, 34.39442352, 34.46827002,
        34.58565767, 34.80271956, 35.37168861]]), 'max_oct': np.float64(471.0175735355715)}"
32,33,32,33,52.0,1,1,52.0,"{'P_opt': np.float64(-11.100000000000001), 'gsnr': array([[34.69009818, 34.6659008 , 34.65304368, 34.64365157, 34.6359544 ,
        34.62925862, 34.62322347, 34.61765577, 34.61242951, 34.60746532,
        34.60270499, 34.59810475, 34.59361907, 34.58923214, 34.58492702,
        34.58068517, 34.57649483, 34.57234716, 34.56822925, 34.56413762,
        34.56006748, 34.55601237, 34.55196613, 34.54792819, 34.54388909,
        34.53984149, 34.53577952, 34.5316795 , 34.52729067, 34.52315224,
        34.51901549, 34.51485774, 34.51067497, 34.5064657 , 34.50222554,
        34.49796139, 34.49367433, 34.4893662 , 34.48504334, 34.48071078,
        34.47637042, 34.47202887, 34.46768165, 34.46332924, 34.4589715 ,
        34.45460757, 34.45023222, 34.44583169, 34.44124503, 34.43682261,
        34.43240869, 34.4279939 , 34.42356618, 34.41912394, 34.41466775,
        34.41019319, 34.40569845, 34.40118595, 34.39665046, 34.39209386,
        34.38751394, 34.38290676, 34.37827197, 34.37361319, 34.36892919,
        34.36422452, 34.35950192, 34.35476506, 34.35001739, 34.3452612 ,
        34.34022652, 34.33554594, 34.33099222, 34.32661728, 34.32253162,
        34.31895955, 34.31630628, 34.31542243, 34.31857304, 34.33614103,
        34.73048997, 34.69436507, 34.67482548, 34.65994176, 34.64712174,
        34.63539745, 34.62430694, 34.61361794, 34.60316625, 34.59285605,
        34.58262005, 34.57240631, 34.56215851, 34.55186857, 34.5415185 ,
        34.53109166, 34.52057895, 34.50997612, 34.49926821, 34.48845669,
        34.47753602, 34.46649321, 34.45532821, 34.44404427, 34.43262347,
        34.42107265, 34.40938896, 34.39756396, 34.38559256, 34.37345053,
        34.36079159, 34.34839145, 34.33592002, 34.32334107, 34.31064025,
        34.29783026, 34.28490163, 34.27185576, 34.25868215, 34.24538786,
        34.23196192, 34.21841327, 34.20473271, 34.19091937, 34.17696316,
        34.16286798, 34.14861917, 34.13422646, 34.11968854, 34.10500398,
        34.09015793, 34.07503514, 34.05992871, 34.04471186, 34.0293705 ,
        34.01389814, 33.99829644, 33.98258421, 33.96675004, 33.95079693,
        33.93471501, 33.91834952, 33.90208956, 33.88579998, 33.86946666,
        33.85310882, 33.83675432, 33.82043091, 33.80417469, 33.78802272,
        33.7721697 , 33.75664077, 33.74155966, 33.72728228, 33.71415676,
        33.70294892, 33.69518607, 33.69373083, 33.70632724, 33.76921535,
        32.54145841, 32.45506154, 32.40927901, 32.37485508, 32.34551372,
        32.31887144, 32.29386409, 32.26994154, 32.24672642, 32.22398352,
        32.20154803, 32.17928254, 32.15704877, 32.1348283 , 32.11257871,
        32.09026994, 32.0678831 , 32.04541132, 32.02282085, 32.00008392,
        31.97718384, 31.9540962 , 31.93081054, 31.90732435, 31.88362574,
        31.85975498, 31.83574191, 31.81162087, 31.78753241, 31.76338967,
        31.73905647, 31.71450732, 31.68987865, 31.6652025 , 31.64050677,
        31.61579718, 31.59105793, 31.56628178, 31.54146292, 31.51659197,
        31.49163196, 31.46659643, 31.44146729, 31.41623548, 31.39087908,
        31.36539035, 31.33974029, 31.31397845, 31.28806366, 31.26197317,
        31.2357158 , 31.20930233, 31.18267549, 31.15585671, 31.12882642,
        31.10157278, 31.07411885, 31.04647542, 31.01856082, 30.99041088,
        30.96203832, 30.93345874, 30.90465854, 30.87565087, 30.84640822,
        30.81695288, 30.78728884, 30.75741492, 30.72732479, 30.69705857,
        30.66664402, 30.63611745, 30.60553046, 30.57492207, 30.54429847,
        30.51370939, 30.48319881, 30.45277396, 30.42247201, 30.39235155,
        30.36239084, 30.33266079, 30.30320495, 30.27411768, 30.24520099,
        30.21654778, 30.18840376, 30.16074445, 30.13363843, 30.10715205,
        30.08140522, 30.05654234, 30.03268206, 30.01001271, 29.98876877,
        29.96920588, 29.95167384, 29.93666291, 29.92443958, 29.91554959,
        29.91085098, 29.91162113, 29.91980071, 29.93862073, 29.97432839,
        30.03593264, 30.15330942, 30.45877421]]), 'osnr': array([[34.99849265, 34.99672028, 34.99495247, 34.99318655, 34.99142192,
        34.98965835, 34.98789572, 34.98613396, 34.98437303, 34.98261289,
        34.98085355, 34.97909496, 34.97733713, 34.97558003, 34.97382368,
        34.97206805, 34.97031315, 34.96855897, 34.96680551, 34.96505276,
        34.96330073, 34.9615494 , 34.95979878, 34.95804887, 34.95629966,
        34.95455115, 34.95280334, 34.95105621, 34.94930969, 34.94756395,
        34.94581891, 34.94407456, 34.9423309 , 34.94058793, 34.93884565,
        34.93710405, 34.93536314, 34.93362292, 34.93188339, 34.93014455,
        34.9284064 , 34.92666894, 34.92493217, 34.9231961 , 34.92146071,
        34.91972601, 34.917992  , 34.91625867, 34.91452596, 34.912794  ,
        34.91106272, 34.90933214, 34.90760224, 34.90587302, 34.90414448,
        34.90241662, 34.90068943, 34.89896293, 34.8972371 , 34.89551194,
        34.89378746, 34.89206365, 34.89034051, 34.88861804, 34.88689625,
        34.88517512, 34.88345467, 34.88173489, 34.88001579, 34.87829736,
        34.8765795 , 34.87486245, 34.87314613, 34.87143054, 34.86971574,
        34.8680018 , 34.86628887, 34.86457728, 34.86286785, 34.86116442,
        35.35090336, 35.34918588, 35.34747463, 35.34576561, 35.34405795,
        35.34235133, 35.34064557, 35.33894062, 35.3372364 , 35.33553289,
        35.33383006, 35.3321279 , 35.33042638, 35.32872551, 35.32702526,
        35.32532565, 35.32362665, 35.32192828, 35.32023052, 35.31853338,
        35.31683685, 35.31514093, 35.31344561, 35.31175089, 35.31005678,
        35.30836326, 35.30667035, 35.30497802, 35.30328629, 35.30159514,
        35.29990445, 35.29821449, 35.29652514, 35.2948364 , 35.29314825,
        35.2914607 , 35.28977374, 35.28808738, 35.2864016 , 35.28471641,
        35.28303181, 35.2813478 , 35.27966437, 35.27798153, 35.27629926,
        35.27461756, 35.27293644, 35.27125589, 35.26957591, 35.2678965 ,
        35.26621766, 35.26453933, 35.26286163, 35.26118451, 35.25950797,
        35.25783199, 35.25615658, 35.25448175, 35.25280749, 35.25113379,
        35.24946066, 35.24778804, 35.24611606, 35.2444447 , 35.24277392,
        35.24110375, 35.23943419, 35.23776526, 35.23609696, 35.23442932,
        35.23276242, 35.23109626, 35.2294309 , 35.2277665 , 35.22610319,
        35.22444133, 35.22278155, 35.22112509, 35.21947526, 35.21784727,
        33.70787747, 33.70617893, 33.70450345, 33.70283491, 33.7011698 ,
        33.69950677, 33.69784525, 33.6961849 , 33.69452552, 33.69286698,
        33.69120917, 33.68955202, 33.68789544, 33.68623942, 33.68458394,
        33.68292897, 33.6812745 , 33.67962052, 33.67796702, 33.67631398,
        33.67466137, 33.67300919, 33.67135741, 33.66970605, 33.66805508,
        33.66640454, 33.66475443, 33.66310478, 33.66145567, 33.65980706,
        33.65815885, 33.65651101, 33.65486363, 33.65321675, 33.65157036,
        33.64992448, 33.6482791 , 33.6466342 , 33.64498979, 33.64334585,
        33.64170235, 33.64005931, 33.63841671, 33.63677454, 33.63513278,
        33.63349142, 33.63185044, 33.63020987, 33.62856969, 33.62692986,
        33.62529039, 33.6236513 , 33.62201252, 33.62037407, 33.61873594,
        33.61709811, 33.61546059, 33.61382339, 33.61218644, 33.61054976,
        33.60891335, 33.60727724, 33.60564139, 33.60400581, 33.60237048,
        33.60073542, 33.59910061, 33.59746605, 33.59583174, 33.5941977 ,
        33.59256394, 33.5909305 , 33.58929742, 33.58766473, 33.58603243,
        33.58440057, 33.58276918, 33.58113826, 33.57950786, 33.57787803,
        33.57624874, 33.57462006, 33.57299205, 33.57136479, 33.56973724,
        33.5681112 , 33.56648606, 33.5648618 , 33.56323849, 33.56161621,
        33.55999509, 33.55837528, 33.5567569 , 33.55514017, 33.55352534,
        33.55191267, 33.55030256, 33.54869552, 33.54709184, 33.5454921 ,
        33.54389721, 33.54230847, 33.54072786, 33.53915861, 33.53760687,
        33.53608114, 33.53460926, 33.5333077 ]]), 'snr_nli': array([[46.33016039, 46.01219294, 45.86161707, 45.7601837 , 45.68231981,
        45.61821091, 45.56309971, 45.5143176 , 45.47014726, 45.42951068,
        45.39162603, 45.35591231, 45.32178635, 45.2890317 , 45.25742548,
        45.22673189, 45.19680007, 45.16751595, 45.13872223, 45.11037167,
        45.08240403, 45.05474105, 45.02731002, 45.00010139, 44.97300795,
        44.94594797, 44.91885757, 44.89148057, 44.86111452, 44.83359968,
        44.80623393, 44.77877463, 44.75118148, 44.72344167, 44.69551258,
        44.66746953, 44.63932638, 44.61110429, 44.58287015, 44.55467605,
        44.52654125, 44.498532  , 44.47060213, 44.44275597, 44.41499123,
        44.38729897, 44.35962749, 44.33184309, 44.30238976, 44.27466967,
        44.24716367, 44.21977984, 44.19240254, 44.16501736, 44.13763032,
        44.11020099, 44.08271369, 44.05519255, 44.02759054, 43.99992673,
        43.97218288, 43.9443252 , 43.91635298, 43.8883012 , 43.8601608 ,
        43.8319741 , 43.80376662, 43.77557162, 43.74741951, 43.71933008,
        43.6889795 , 43.66181994, 43.63586671, 43.61154299, 43.58975978,
        43.57237442, 43.56274962, 43.56800181, 43.60737966, 43.77206507,
        43.48803588, 43.2342808 , 43.10676712, 43.01405929, 42.93684363,
        42.86801278, 42.80421364, 42.74376362, 42.68550012, 42.62874826,
        42.57304173, 42.51802945, 42.46334751, 42.4089411 , 42.35469753,
        42.30051675, 42.24634714, 42.19216768, 42.13789597, 42.08354737,
        42.02909681, 41.97447823, 41.91970048, 41.86479042, 41.80965817,
        41.75435154, 41.69886455, 41.64316212, 41.5872281 , 41.53094774,
        41.47255522, 41.41606711, 41.35976725, 41.30347353, 41.24711895,
        41.19077156, 41.13438939, 41.07798408, 41.0215106 , 40.96500803,
        40.90843009, 40.85182418, 40.79515296, 40.73841829, 40.68158075,
        40.62466443, 40.56761106, 40.51047071, 40.45324399, 40.39593101,
        40.33847545, 40.28040417, 40.22294993, 40.16557964, 40.10823743,
        40.0508998 , 39.99357676, 39.9363453 , 39.87916168, 39.8220394 ,
        39.76494222, 39.70728586, 39.65055053, 39.59421093, 39.53820705,
        39.48260296, 39.42749158, 39.37296218, 39.3191305 , 39.26611194,
        39.21456972, 39.16455718, 39.11646658, 39.07147395, 39.0306992 ,
        38.99665325, 38.974378  , 38.97340016, 39.01998557, 39.241679  ,
        38.82091971, 38.47047553, 38.29520082, 38.16786699, 38.06207183,
        37.96796993, 37.8811899 , 37.79947144, 37.72129422, 37.64571424,
        37.57207748, 37.49985461, 37.42853782, 37.35804065, 37.28820145,
        37.21890567, 37.15007944, 37.08169028, 37.0136221 , 36.94578219,
        36.87811574, 36.81054646, 36.74304327, 36.67560017, 36.6081834 ,
        36.54091372, 36.47387678, 36.40716768, 36.3411807 , 36.27565262,
        36.21019201, 36.14472887, 36.07964047, 36.01500597, 35.95089056,
        35.88729769, 35.82417366, 35.76148907, 35.69921929, 35.63733115,
        35.57572208, 35.51442094, 35.4533761 , 35.39256004, 35.33191425,
        35.27141688, 35.21099491, 35.15076756, 35.09063257, 35.03053467,
        34.97049486, 34.91053802, 34.85052995, 34.79052216, 34.73047064,
        34.67035021, 34.61021526, 34.55009093, 34.4897961 , 34.42941421,
        34.36897562, 34.30851605, 34.24800709, 34.18747844, 34.12687242,
        34.06623813, 34.00558489, 33.94491093, 33.88420386, 33.82354696,
        33.76299599, 33.70262241, 33.64252651, 33.58278069, 33.52339029,
        33.46444639, 33.40602643, 33.34813443, 33.29083226, 33.23422158,
        33.17824816, 33.12303523, 33.06865164, 33.01526033, 32.96247533,
        32.9104577 , 32.85964996, 32.80998811, 32.76158014, 32.71452843,
        32.66903113, 32.62532771, 32.58360822, 32.54418554, 32.50745169,
        32.47383277, 32.44391925, 32.41854727, 32.39815518, 32.38367783,
        32.37660553, 32.37917946, 32.39484086, 32.42938691, 32.49417336,
        32.60607727, 32.82182323, 33.40577684]]), 'max_oct': np.float64(441.2998356619755)}"
32,43,32,43,89.5,2,2,44.75,"{'P_opt': np.float64(-9.850000000000001), 'gsnr': array([[35.87989267, 35.84954477, 35.83364582, 35.82215621, 35.81282201,
        35.80476116, 35.79754027, 35.79091387, 35.78472249, 35.77886534,
        35.7732688 , 35.76787773, 35.76263564, 35.75752199, 35.7525151 ,
        35.74759191, 35.74273749, 35.73794051, 35.73318498, 35.72846605,
        35.72377737, 35.71911046, 35.71445694, 35.70981414, 35.70516555,
        35.70047738, 35.69535599, 35.69065361, 35.68597224, 35.68128691,
        35.6765819 , 35.67185039, 35.66709139, 35.66230426, 35.65748421,
        35.6526394 , 35.64777087, 35.64288053, 35.63797534, 35.63306086,
        35.62813883, 35.62321662, 35.6182883 , 35.61335326, 35.60840792,
        35.60343469, 35.5981774 , 35.59319178, 35.58822292, 35.58325171,
        35.57827573, 35.57329755, 35.56830559, 35.56329913, 35.55827946,
        35.55324187, 35.54818459, 35.54311092, 35.53801503, 35.53289944,
        35.52776195, 35.52259821, 35.51740786, 35.51219493, 35.50695657,
        35.50169287, 35.49637807, 35.49059164, 35.4852923 , 35.4800856 ,
        35.47494541, 35.46989977, 35.46500314, 35.46035172, 35.4560953 ,
        35.45252456, 35.45016188, 35.45010298, 35.45526592, 35.47904311,
        35.85558971, 35.81070207, 35.78708359, 35.76944739, 35.75447605,
        35.74093155, 35.72822427, 35.71605618, 35.70421957, 35.69259272,
        35.68109054, 35.66964805, 35.65819662, 35.64672472, 35.63520966,
        35.62363108, 35.61197746, 35.60024293, 35.58840984, 35.57647912,
        35.56444367, 35.55228802, 35.54001034, 35.52761096, 35.51506095,
        35.50232516, 35.48887899, 35.4758986 , 35.46285496, 35.44971475,
        35.43645161, 35.42307157, 35.40957994, 35.39597447, 35.38224716,
        35.36841503, 35.35446896, 35.34041141, 35.32623163, 35.31193791,
        35.29751852, 35.28298378, 35.26832379, 35.25353809, 35.23861556,
        35.22355976, 35.20835138, 35.19298303, 35.17725315, 35.16162854,
        35.14590556, 35.13008187, 35.11413103, 35.09806047, 35.08187253,
        35.06556365, 35.04913621, 35.03260715, 35.01594211, 34.99892144,
        34.98209653, 34.96523179, 34.94831596, 34.93136902, 34.91439714,
        34.89741442, 34.88034873, 34.86348611, 34.84676475, 34.83023351,
        34.81405323, 34.79827468, 34.78300961, 34.76874687, 34.75585558,
        34.74523432, 34.73836243, 34.73878329, 34.75519398, 34.82861207,
        33.64257741, 33.54623047, 33.49622914, 33.45920483, 33.42798901,
        33.39992361, 33.37375276, 33.34885613, 33.32479438, 33.3013249 ,
        33.27824903, 33.25542063, 33.2326816 , 33.21002678, 33.18740659,
        33.16477664, 33.14210909, 33.11938556, 33.09657694, 33.07365952,
        33.05061786, 33.02742948, 33.00408851, 32.98060664, 32.95704747,
        32.93325669, 32.90932313, 32.88514776, 32.86085046, 32.83648844,
        32.81206317, 32.78762427, 32.76319211, 32.73877403, 32.71438833,
        32.69003649, 32.6657006 , 32.64137203, 32.61704361, 32.5927054 ,
        32.56832049, 32.5439017 , 32.51943075, 32.494899  , 32.47028517,
        32.44558223, 32.42076237, 32.39587372, 32.37087673, 32.3457508 ,
        32.32050488, 32.29514913, 32.26962909, 32.24396677, 32.21814325,
        32.19214772, 32.16600218, 32.13971693, 32.11321575, 32.08653483,
        32.05968545, 32.03268223, 32.00551362, 31.97819318, 31.95069571,
        31.92304283, 31.89523839, 31.86728217, 31.83916945, 31.810939  ,
        31.78261752, 31.75423986, 31.72585595, 31.69750356, 31.66918991,
        31.64096253, 31.61286237, 31.58489683, 31.5571009 , 31.52952985,
        31.50216482, 31.47507384, 31.44829884, 31.42193522, 31.39578074,
        31.36992126, 31.3446059 , 31.31980746, 31.29559068, 31.27201915,
        31.24920699, 31.22729167, 31.20638819, 31.18667789, 31.16838547,
        31.15175728, 31.13712806, 31.12497008, 31.11556893, 31.10948003,
        31.1075585 , 31.11108315, 31.1220965 , 31.14482211, 31.18173214,
        31.24496848, 31.36333828, 31.66697369]]), 'osnr': array([[36.25984624, 36.25807411, 36.25630641, 36.25454057, 36.252776  ,
        36.25101248, 36.24924989, 36.24748816, 36.24572726, 36.24396716,
        36.24220784, 36.24044928, 36.23869147, 36.23693441, 36.23517808,
        36.23342248, 36.2316676 , 36.22991345, 36.22816001, 36.22640729,
        36.22465529, 36.22290399, 36.2211534 , 36.21940352, 36.21765434,
        36.21590585, 36.21415794, 36.21241085, 36.21066447, 36.20891878,
        36.20717379, 36.20542949, 36.20368588, 36.20194296, 36.20020073,
        36.19845919, 36.19671833, 36.19497817, 36.1932387 , 36.19149992,
        36.18976183, 36.18802443, 36.18628773, 36.18455171, 36.18281639,
        36.18108174, 36.17934771, 36.17761444, 36.17588187, 36.17414999,
        36.17241879, 36.17068828, 36.16895845, 36.1672293 , 36.16550084,
        36.16377305, 36.16204595, 36.16031952, 36.15859377, 36.1568687 ,
        36.15514431, 36.15342059, 36.15169755, 36.14997517, 36.14825348,
        36.14653245, 36.14481209, 36.14309227, 36.14137327, 36.13965498,
        36.13793738, 36.13622048, 36.1345043 , 36.13278887, 36.13107422,
        36.12936045, 36.12764769, 36.12593626, 36.124227  , 36.12252369,
        36.612264  , 36.61054688, 36.60883593, 36.60712721, 36.60541984,
        36.60371351, 36.60200806, 36.60030341, 36.59859951, 36.59689632,
        36.59519382, 36.59349199, 36.59179082, 36.5900903 , 36.58839042,
        36.58669118, 36.58499257, 36.58329459, 36.58159724, 36.57990052,
        36.57820441, 36.57650893, 36.57481405, 36.5731198 , 36.57142615,
        36.56973309, 36.56804049, 36.56634865, 36.56465745, 36.56296686,
        36.56127688, 36.55958751, 36.55789876, 36.55621061, 36.55452306,
        36.55283613, 36.5511498 , 36.54946408, 36.54777896, 36.54609444,
        36.54441052, 36.54272721, 36.54104449, 36.53936236, 36.53768083,
        36.5359999 , 36.53431954, 36.53263978, 36.53096053, 36.52928194,
        36.52760394, 36.52592655, 36.52424974, 36.52257352, 36.52089789,
        36.51922285, 36.51754839, 36.51587452, 36.51420123, 36.51252845,
        36.51085635, 36.50918486, 36.50751397, 36.50584368, 36.50417401,
        36.50250494, 36.50083647, 36.49916868, 36.49750155, 36.4958351 ,
        36.49416937, 36.4925044 , 36.49084021, 36.48917697, 36.48751481,
        36.48585403, 36.48419513, 36.48253931, 36.48088948, 36.47925913,
        34.96929949, 34.96760726, 34.96593553, 34.96427002, 34.96260764,
        34.96094723, 34.95928822, 34.95763036, 34.95597345, 34.95431737,
        34.95266204, 34.9510074 , 34.94935336, 34.94769993, 34.94604708,
        34.94439479, 34.94274304, 34.94109183, 34.93944114, 34.93779096,
        34.93614128, 34.93449208, 34.93284336, 34.93119512, 34.9295474 ,
        34.92790011, 34.92625329, 34.9246069 , 34.922961  , 34.9213156 ,
        34.91967072, 34.91802637, 34.91638256, 34.9147393 , 34.9130966 ,
        34.91145445, 34.90981285, 34.90817179, 34.90653127, 34.90489128,
        34.90325179, 34.90161282, 34.89997436, 34.89833639, 34.8966989 ,
        34.89506189, 34.89342534, 34.89178928, 34.89015368, 34.88851852,
        34.88688381, 34.88524956, 34.88361573, 34.88198233, 34.88034934,
        34.87871676, 34.8770846 , 34.87545286, 34.87382149, 34.87219051,
        34.87055992, 34.86892974, 34.86729994, 34.86567055, 34.86404152,
        34.86241289, 34.86078464, 34.85915678, 34.85752929, 34.85590221,
        34.85427554, 34.8526493 , 34.85102353, 34.84939826, 34.84777347,
        34.84614922, 34.84452552, 34.84290238, 34.84127983, 34.83965791,
        34.8380366 , 34.83641595, 34.834796  , 34.83317682, 34.83155741,
        34.82993954, 34.82832255, 34.82670643, 34.82509121, 34.82347697,
        34.82186379, 34.82025178, 34.81864104, 34.81703171, 34.81542399,
        34.81381807, 34.81221422, 34.81061282, 34.80901412, 34.80741854,
        34.80582677, 34.8042398 , 34.80265919, 34.80108815, 34.79952841,
        34.79798882, 34.79648963, 34.79511752]]), 'snr_nli': array([[46.64902223, 46.31781895, 46.16118783, 46.05569823, 45.97471264,
        45.9080244 , 45.85068745, 45.79992976, 45.75397498, 45.71170375,
        45.67230802, 45.63518853, 45.5997537 , 45.56577368, 45.53301498,
        45.50123766, 45.47028452, 45.44003605, 45.41033236, 45.38112021,
        45.35233387, 45.32388967, 45.29570668, 45.26775715, 45.23988986,
        45.21180215, 45.18000207, 45.15207903, 45.1244742 , 45.09696516,
        45.06941425, 45.04176378, 45.01400751, 44.98614235, 44.95812968,
        44.93004176, 44.90188911, 44.87368958, 44.84550236, 44.81737411,
        44.78931888, 44.76139651, 44.7335573 , 44.70579555, 44.67808188,
        44.65027486, 44.62033149, 44.59269933, 44.56532923, 44.53806733,
        44.51089388, 44.48382794, 44.45677879, 44.42974134, 44.40272577,
        44.37569646, 44.34864072, 44.3215844 , 44.29448431, 44.26736051,
        44.24019756, 44.21296439, 44.18566007, 44.15831569, 44.13091174,
        44.10345026, 44.07574701, 44.04479171, 44.01747256, 43.99093559,
        43.96498552, 43.93981136, 43.91578396, 43.89355911, 43.87415562,
        43.85955758, 43.85334321, 43.86308575, 43.90928844, 44.08930018,
        43.81718847, 43.55227415, 43.42191664, 43.3286197 , 43.25183737,
        43.18401563, 43.12159685, 43.06278687, 43.00636044, 42.95160218,
        42.89801888, 42.84524163, 42.79289641, 42.74091555, 42.68917721,
        42.63757561, 42.58605278, 42.53458074, 42.48307493, 42.4315438 ,
        42.37995697, 42.3282454 , 42.27640684, 42.22444926, 42.17224494,
        42.11964236, 42.06427097, 42.01150676, 41.95892111, 41.90636488,
        41.8537247 , 41.801032  , 41.74831388, 41.69556438, 41.64275332,
        41.58995657, 41.53713862, 41.48431297, 41.43143876, 41.37855349,
        41.32561313, 41.27266287, 41.21966661, 41.16662634, 41.11350291,
        41.06031463, 41.00699243, 40.95351444, 40.89913478, 40.84560712,
        40.79216477, 40.73879945, 40.68541621, 40.6320445 , 40.57869458,
        40.52535573, 40.47203816, 40.41880217, 40.36553015, 40.31147882,
        40.2585276 , 40.20586418, 40.15344617, 40.10133521, 40.04954594,
        39.99811811, 39.94681346, 39.89654189, 39.84708606, 39.79858247,
        39.75151291, 39.70600547, 39.66237311, 39.62207435, 39.58617272,
        39.55731934, 39.53989277, 39.54451365, 39.59770918, 39.82912746,
        39.43910766, 39.08830397, 38.91591575, 38.79231637, 38.6905656 ,
        38.60083005, 38.51851188, 38.44133265, 38.3677131 , 38.29677228,
        38.2278074 , 38.16030872, 38.09375123, 38.02809466, 37.96316693,
        37.89881805, 37.83495248, 37.77150569, 37.70838455, 37.64551469,
        37.58284785, 37.52031762, 37.45790625, 37.39564502, 37.33370623,
        37.27166457, 37.20976373, 37.14773777, 37.08590878, 37.02442353,
        36.96327882, 36.90259567, 36.8424163 , 36.78274843, 36.72362721,
        36.66504458, 36.60694483, 36.5492967 , 36.4920735 , 36.43524258,
        36.37870746, 36.32249309, 36.26655007, 36.21085298, 36.15534768,
        36.10001447, 36.04478642, 35.989772  , 35.93487759, 35.88005484,
        35.82532286, 35.77070293, 35.71607285, 35.66148165, 35.60688765,
        35.55226787, 35.49767053, 35.44311753, 35.38844637, 35.33373596,
        35.27901099, 35.22430243, 35.16958623, 35.11489061, 35.06016378,
        35.0054504 , 34.95075805, 34.89608597, 34.84142445, 34.78685018,
        34.73241423, 34.6781824 , 34.62424833, 34.57067986, 34.51748452,
        34.46474686, 34.41253708, 34.36086031, 34.30977368, 34.25937119,
        34.2096068 , 34.16059674, 34.11240689, 34.06520032, 34.01859362,
        33.97273306, 33.92806039, 33.88451053, 33.8421852 , 33.8011828 ,
        33.76169082, 33.72393597, 33.68810277, 33.6544914 , 33.62347584,
        33.5954656 , 33.57102314, 33.55094961, 33.53571962, 33.52628225,
        33.52411521, 33.53144906, 33.55188096, 33.59291279, 33.65917863,
        33.77289774, 33.98832948, 34.56254312]]), 'max_oct': np.float64(456.1359218939202)}"
33,46,33,46,76.1,1,1,76.1,"{'P_opt': np.float64(-14.72), 'gsnr': array([[31.13138441, 31.11643618, 31.1080896 , 31.10174229, 31.09622509,
        31.09145215, 31.08708966, 31.08300678, 31.07912457, 31.07539492,
        31.07178226, 31.06826001, 31.06479976, 31.06139219, 31.05802758,
        31.05469399, 31.05138449, 31.0480938 , 31.04481377, 31.04154256,
        31.03827739, 31.03501429, 31.0317494 , 31.02848252, 31.02520791,
        31.02192131, 31.01862133, 31.01530443, 31.01196461, 31.00860185,
        31.00520989, 31.00178303, 30.99830885, 30.99469118, 30.99115555,
        30.98761168, 30.9840492 , 30.98046736, 30.9768709 , 30.97326343,
        30.96964692, 30.96602605, 30.96239802, 30.95876324, 30.95512181,
        30.9514735 , 30.94781676, 30.94415019, 30.94047136, 30.93677848,
        30.93307108, 30.92934894, 30.92559735, 30.92175043, 30.91796115,
        30.91416205, 30.91034304, 30.90650314, 30.90263746, 30.89874622,
        30.8948268 , 30.89087549, 30.88689106, 30.88287462, 30.87882404,
        30.87474093, 30.87062548, 30.86647862, 30.86230289, 30.85810988,
        30.85389587, 30.84967026, 30.84544928, 30.84125478, 30.83703175,
        30.83317057, 30.82977375, 30.82727872, 30.82688715, 30.83411038,
        31.25024209, 31.22822502, 31.21509718, 31.20443571, 31.19484131,
        31.18579039, 31.17703101, 31.16843699, 31.15991681, 31.15141689,
        31.14289904, 31.13433287, 31.1256839 , 31.11694769, 31.10811357,
        31.09917052, 31.09011264, 31.08093754, 31.07163417, 31.06220355,
        31.0526416 , 31.0429377 , 31.0330918 , 31.02310571, 31.01296501,
        31.00267413, 30.99223051, 30.98162849, 30.97086931, 30.95995977,
        30.94888838, 30.9376607 , 30.92628059, 30.91474471, 30.90304595,
        30.89119304, 30.87917238, 30.86695183, 30.85436661, 30.84182642,
        30.82916532, 30.81635616, 30.80338358, 30.79024163, 30.77691915,
        30.76341656, 30.74972009, 30.7358354 , 30.72176269, 30.70750216,
        30.69305281, 30.67842838, 30.66361023, 30.64860183, 30.63340389,
        30.61801137, 30.60242336, 30.58665164, 30.57066762, 30.55440782,
        30.53806795, 30.52157839, 30.50492839, 30.48813109, 30.47118913,
        30.45411955, 30.43694451, 30.41968452, 30.40237459, 30.38509648,
        30.36782687, 30.35056632, 30.33368022, 30.31729768, 30.30169993,
        30.28755234, 30.27597883, 30.26931388, 30.27378712, 30.31831315,
        29.03879177, 28.96395437, 28.92169178, 28.88841395, 28.85902258,
        28.83171683, 28.80559446, 28.78020297, 28.75525765, 28.73054976,
        28.70594541, 28.68134512, 28.65658285, 28.63163844, 28.6065081 ,
        28.5811522 , 28.55555223, 28.52968733, 28.50354381, 28.47708993,
        28.45030631, 28.42316405, 28.39565306, 28.36777454, 28.33951025,
        28.31089817, 28.28196101, 28.25270734, 28.22317381, 28.19339557,
        28.16336192, 28.13312497, 28.10270592, 28.07211581, 28.04137536,
        28.01048478, 27.97941863, 27.94816089, 27.91670403, 27.88503488,
        27.85311051, 27.82094736, 27.78852857, 27.7558458 , 27.72288235,
        27.68964908, 27.6561757 , 27.62283787, 27.58945679, 27.55528545,
        27.52024009, 27.4846654 , 27.4485572 , 27.41195965, 27.37486239,
        27.33725481, 27.29917274, 27.26063131, 27.22151778, 27.1818662 ,
        27.14170219, 27.10104901, 27.05988315, 27.01821432, 26.97600373,
        26.93327829, 26.89004574, 26.84630013, 26.80202796, 26.7572791 ,
        26.71209198, 26.66651494, 26.62061289, 26.57443376, 26.52798139,
        26.48132076, 26.4345168 , 26.38758029, 26.34056581, 26.29355191,
        26.24650857, 26.19952351, 26.15265805, 26.10602696, 26.05941216,
        26.0129588 , 25.96695265, 25.92137598, 25.87632818, 25.8319081 ,
        25.78828585, 25.74566403, 25.70420918, 25.6641757 , 25.62588865,
        25.58969983, 25.55611146, 25.52575387, 25.49886714, 25.47602003,
        25.45824912, 25.44712847, 25.44504997, 25.45585054, 25.48638729,
        25.55083569, 25.68648019, 26.0645305 ]]), 'osnr': array([[31.35925212, 31.35747719, 31.35570805, 31.35394117, 31.35217564,
        31.35041139, 31.34864818, 31.34688589, 31.34512447, 31.34336388,
        31.34160409, 31.33984509, 31.33808683, 31.33632933, 31.33457257,
        31.33281654, 31.33106124, 31.32930665, 31.32755278, 31.32579963,
        31.32404718, 31.32229543, 31.32054439, 31.31879405, 31.31704441,
        31.31529546, 31.3135472 , 31.31179962, 31.31005273, 31.30830652,
        31.30656099, 31.30481612, 31.30307192, 31.30132829, 31.29958543,
        31.29784326, 31.29610177, 31.29436096, 31.29262082, 31.29088138,
        31.28914262, 31.28740455, 31.28566716, 31.28393046, 31.28219445,
        31.28045911, 31.27872447, 31.2769905 , 31.27525721, 31.2735246 ,
        31.27179266, 31.2700614 , 31.2683308 , 31.26660081, 31.26487154,
        31.26314296, 31.26141504, 31.25968779, 31.2579612 , 31.25623527,
        31.25451   , 31.25278539, 31.25106143, 31.24933812, 31.24761546,
        31.24589346, 31.2441721 , 31.2424514 , 31.24073135, 31.23901196,
        31.23729323, 31.23557517, 31.23385778, 31.23214109, 31.23042505,
        31.22870998, 31.22699596, 31.22528337, 31.22357318, 31.22186996,
        31.71159914, 31.70987797, 31.70816412, 31.70645277, 31.70474287,
        31.70303405, 31.7013261 , 31.69961893, 31.69791247, 31.69620668,
        31.69450152, 31.69279699, 31.69109304, 31.68938967, 31.68768688,
        31.68598465, 31.68428298, 31.68258187, 31.6808813 , 31.67918128,
        31.6774818 , 31.67578285, 31.67408444, 31.67238655, 31.67068918,
        31.66899233, 31.667296  , 31.66560018, 31.66390486, 31.66221007,
        31.66051577, 31.65882198, 31.6571287 , 31.65543592, 31.65374364,
        31.65205186, 31.65036057, 31.64866974, 31.64697924, 31.64528939,
        31.64360006, 31.64191123, 31.64022288, 31.63853501, 31.6368476 ,
        31.63516066, 31.63347416, 31.63178811, 31.63010252, 31.62841737,
        31.62673267, 31.62504842, 31.6233646 , 31.62168123, 31.61999828,
        31.61831577, 31.61663368, 31.61495203, 31.61327077, 31.61158987,
        31.60990948, 31.60822955, 31.60655005, 31.60487101, 31.60319242,
        31.60151429, 31.59983664, 31.59815949, 31.59648287, 31.59480685,
        31.59313141, 31.59145656, 31.58978262, 31.58810972, 31.58643812,
        31.58476847, 31.58310182, 31.58144038, 31.57979003, 31.57817766,
        30.06813331, 30.0663902 , 30.06468794, 30.06299739, 30.06131218,
        30.05963007, 30.05794991, 30.05627114, 30.05459339, 30.05291639,
        30.05123997, 30.04956399, 30.04788822, 30.04621263, 30.04453721,
        30.0428619 , 30.04118667, 30.03951148, 30.03783629, 30.03616107,
        30.03448577, 30.03281033, 30.03113473, 30.02945897, 30.027783  ,
        30.02610686, 30.02443058, 30.02275416, 30.02107764, 30.01940106,
        30.0177244 , 30.01604772, 30.01437105, 30.0126944 , 30.01101779,
        30.00934122, 30.00766463, 30.00598799, 30.00431128, 30.00263447,
        30.00095748, 29.99928031, 29.99760294, 29.99592534, 29.99424746,
        29.9925693 , 29.99089091, 29.98921292, 29.98753502, 29.9858559 ,
        29.98417536, 29.98249399, 29.98081174, 29.97912867, 29.97744474,
        29.97575989, 29.97407416, 29.97238755, 29.97069982, 29.969011  ,
        29.9673211 , 29.96563014, 29.96393802, 29.96224475, 29.9605502 ,
        29.95885438, 29.95715728, 29.95545884, 29.953759  , 29.9520578 ,
        29.95035531, 29.94865157, 29.94694669, 29.94524075, 29.94353372,
        29.94182572, 29.94011686, 29.93840715, 29.93669669, 29.93498565,
        29.93327395, 29.93156176, 29.92984925, 29.92813668, 29.92642266,
        29.92470926, 29.92299634, 29.92128387, 29.91957214, 29.91786142,
        29.91615222, 29.91444511, 29.91274061, 29.91103948, 29.90934271,
        29.90765139, 29.90596703, 29.90429158, 29.90262588, 29.90097171,
        29.89933221, 29.89771201, 29.89611808, 29.89456134, 29.89306088,
        29.89165496, 29.89044025, 29.88983016]]), 'snr_nli': array([[44.04583534, 43.79333303, 43.67132363, 43.58764304, 43.51985443,
        43.46581727, 43.41936699, 43.37807129, 43.34047401, 43.30568867,
        43.27306687, 43.24212898, 43.212379  , 43.18364458, 43.15575158,
        43.12849418, 43.10175198, 43.07543299, 43.04940209, 43.02362628,
        42.99805887, 42.97263498, 42.94729334, 42.92202986, 42.89675603,
        42.87140734, 42.84596431, 42.82037512, 42.79455259, 42.76850047,
        42.74212952, 42.71536111, 42.68801904, 42.65870365, 42.63073648,
        42.6027872 , 42.57470672, 42.54648744, 42.51819998, 42.48989739,
        42.46160839, 42.43339934, 42.40523064, 42.37710798, 42.34903284,
        42.32100196, 42.29299438, 42.26499149, 42.23696114, 42.20888074,
        42.1807456 , 42.15255446, 42.12411537, 42.09457077, 42.06593183,
        42.03731047, 42.00857781, 41.97972367, 41.95068891, 41.9214803 ,
        41.89206882, 41.8624124 , 41.83250106, 41.80235392, 41.77194997,
        41.74131452, 41.71045509, 41.67938795, 41.64814845, 41.61687873,
        41.58553634, 41.55423415, 41.52316212, 41.49257069, 41.46181723,
        41.43538486, 41.41437898, 41.40372303, 41.41709456, 41.5187655 ,
        41.21635026, 41.01732679, 40.90808273, 40.82368499, 40.75027755,
        40.68273706, 40.61862681, 40.55673141, 40.4961935 , 40.43651818,
        40.37736252, 40.31846346, 40.25953663, 40.20055355, 40.14143734,
        40.08211186, 40.02254466, 39.96273226, 39.90260534, 39.84218917,
        39.78147005, 39.72038712, 39.65895958, 39.59721958, 39.53508254,
        39.47260081, 39.40977604, 39.34658886, 39.28306803, 39.21927837,
        39.15516111, 39.09077193, 39.02615312, 38.96129925, 38.89618172,
        38.83087207, 38.76530149, 38.69929204, 38.63188046, 38.5655506 ,
        38.49930095, 38.43297947, 38.36650895, 38.29986889, 38.23301101,
        38.16595312, 38.09863536, 38.03110523, 37.96337911, 37.89547287,
        37.82739546, 37.75923083, 37.69089574, 37.62242119, 37.55382319,
        37.48508919, 37.41622713, 37.34730487, 37.27819798, 37.20862673,
        37.13950948, 37.07052271, 37.00162077, 36.93286544, 36.86426976,
        36.79590805, 36.72787285, 36.66024532, 36.59316319, 36.52694982,
        36.46148703, 36.39675784, 36.33419713, 36.27425053, 36.21794174,
        36.16774745, 36.12783905, 36.10695779, 36.12883843, 36.30763244,
        35.79555003, 35.4578281 , 35.27805835, 35.14148166, 35.02406015,
        34.91738368, 34.81730228, 34.72173007, 34.62936936, 34.53929356,
        34.45091223, 34.36379637, 34.2772983 , 34.19133031, 34.10586716,
        34.02075946, 33.93593834, 33.85133042, 33.76689001, 33.68251386,
        33.59814442, 33.51369624, 33.42914815, 33.34451541, 33.25975226,
        33.17498724, 33.09029624, 33.00570887, 32.9213359 , 32.83727806,
        32.75349909, 32.67014263, 32.58725856, 32.50486586, 32.42300911,
        32.34167499, 32.26078192, 32.18027677, 32.1001309 , 32.0203021 ,
        31.94067365, 31.86128409, 31.7820867 , 31.70305778, 31.62415393,
        31.54540028, 31.46686619, 31.38944063, 31.31267148, 31.23480004,
        31.15566776, 31.07610161, 30.99610696, 30.91579715, 30.83516022,
        30.75418399, 30.67295771, 30.59152246, 30.50964527, 30.42741183,
        30.34488677, 30.26212736, 30.17909266, 30.0958107 , 30.0122108 ,
        29.92835566, 29.84426769, 29.75994167, 29.67535774, 29.59061829,
        29.50580006, 29.42099557, 29.33632484, 29.25187211, 29.16763772,
        29.0837331 , 29.00026572, 28.91724263, 28.83474829, 28.75290667,
        28.6716483 , 28.59110996, 28.51137894, 28.4326314 , 28.3544751 ,
        28.27713865, 28.20108115, 28.12624521, 28.05276861, 27.98078531,
        27.91054258, 27.84233521, 27.7763943 , 27.71308788, 27.65289061,
        27.59631267, 27.54409546, 27.49717398, 27.4558638 , 27.42099806,
        27.39414028, 27.37769262, 27.37534291, 27.39307471, 27.44172546,
        27.54407403, 27.76146287, 28.38887572]]), 'max_oct': np.float64(392.99785604305134)}"
34,29,34,29,141.8,2,2,70.9,"{'P_opt': np.float64(-13.880000000000003), 'gsnr': array([[31.94996816, 31.93278556, 31.92332094, 31.9160326 , 31.91009853,
        31.9048779 , 31.90011763, 31.89568062, 31.89147763, 31.88745325,
        31.88356641, 31.87978629, 31.8760801 , 31.87243695, 31.8688454 ,
        31.86529178, 31.86176798, 31.85826783, 31.85478196, 31.85130816,
        31.84784318, 31.84438244, 31.84092151, 31.83746014, 31.83399177,
        31.83051156, 31.82701789, 31.82350662, 31.81997075, 31.8164097 ,
        31.81281435, 31.80916737, 31.80535018, 31.80163932, 31.797915  ,
        31.79416929, 31.79040107, 31.78661128, 31.78280562, 31.77898831,
        31.77516157, 31.77133072, 31.76749259, 31.76364767, 31.75979609,
        31.75593765, 31.75207052, 31.74819314, 31.74430264, 31.74039671,
        31.73647363, 31.73252584, 31.72846712, 31.72448093, 31.72048929,
        31.716479  , 31.71244611, 31.70839095, 31.70430852, 31.70019936,
        31.69606077, 31.69188874, 31.68768208, 31.68344233, 31.67916734,
        31.67485925, 31.67051867, 31.66614714, 31.66174799, 31.6573351 ,
        31.65290428, 31.64846517, 31.6440247 , 31.63948933, 31.63525603,
        31.63133009, 31.62795258, 31.62566098, 31.62589483, 31.63524827,
        32.04395773, 32.01853434, 32.00372308, 31.9918641 , 31.98128975,
        31.97137637, 31.96182449, 31.95248405, 31.94324682, 31.93404946,
        31.92484701, 31.91560385, 31.90628003, 31.89687036, 31.8873625 ,
        31.87774396, 31.86800807, 31.8581521 , 31.84816383, 31.8380445 ,
        31.82778964, 31.81738772, 31.80683878, 31.79614512, 31.78529103,
        31.77428179, 31.76311495, 31.75178458, 31.74029218, 31.72864544,
        31.7168315 , 31.70485636, 31.6927237 , 31.68042824, 31.66795641,
        31.65528668, 31.64222833, 31.62924976, 31.61615556, 31.60291671,
        31.58951583, 31.57595654, 31.56222864, 31.54832843, 31.53424517,
        31.51998034, 31.50551966, 31.49087014, 31.47603214, 31.46100634,
        31.44579236, 31.43040507, 31.41482438, 31.39905429, 31.38309491,
        31.36693803, 31.35056549, 31.3339184 , 31.31719692, 31.30032654,
        31.28329814, 31.26610486, 31.2487548 , 31.23126634, 31.2136441 ,
        31.19590708, 31.17807872, 31.16017778, 31.14221725, 31.12420567,
        31.10640831, 31.08881993, 31.07155917, 31.05484593, 31.03901673,
        31.0247884 , 31.01335618, 31.00741938, 31.01379911, 31.06406508,
        29.80346888, 29.72262   , 29.67761755, 29.64255578, 29.61183662,
        29.58337227, 29.5562449 , 29.52999015, 29.50423605, 29.47879828,
        29.45350337, 29.42825276, 29.40288046, 29.37738429, 29.35171058,
        29.32584954, 29.29977   , 29.27345746, 29.24687904, 29.22001245,
        29.19284784, 29.16535904, 29.13753338, 29.10936505, 29.08083405,
        29.05198171, 29.02283582, 28.99340442, 28.96372552, 28.93384011,
        28.90374947, 28.87350338, 28.84312023, 28.81260177, 28.78196769,
        28.75121739, 28.72032826, 28.68928983, 28.65809704, 28.62673984,
        28.59517997, 28.56344239, 28.53152869, 28.49948396, 28.46755932,
        28.43562716, 28.40302684, 28.36973852, 28.33600234, 28.30184547,
        28.26730135, 28.23239513, 28.19706   , 28.1613185 , 28.12515001,
        28.08853937, 28.05151872, 28.01410103, 27.97617682, 27.93778129,
        27.8989381 , 27.8596693 , 27.8199534 , 27.77980126, 27.73917597,
        27.69810429, 27.65659366, 27.61463928, 27.57222961, 27.52941431,
        27.48623126, 27.44272821, 27.39896979, 27.35500393, 27.31083597,
        27.26652967, 27.22214715, 27.17769903, 27.13323757, 27.08883861,
        27.04447383, 27.00022937, 26.95616401, 26.91239098, 26.86868946,
        26.82519576, 26.78219452, 26.73966518, 26.69770193, 26.65639817,
        26.61591617, 26.57644949, 26.53815739, 26.50128488, 26.46614348,
        26.43307081, 26.40254527, 26.37517919, 26.35122834, 26.33127301,
        26.31633617, 26.30796361, 26.30850044, 26.32170668, 26.35429971,
        26.42016092, 26.55578586, 26.92865813]]), 'osnr': array([[32.20240415, 32.20062954, 32.19886056, 32.19709369, 32.19532839,
        32.19356426, 32.19180114, 32.19003894, 32.18827761, 32.18651709,
        32.18475738, 32.18299844, 32.18124027, 32.17948284, 32.17772615,
        32.17597019, 32.17421496, 32.17246046, 32.17070666, 32.16895358,
        32.16720121, 32.16544955, 32.16369859, 32.16194833, 32.16019877,
        32.15844991, 32.15670174, 32.15495425, 32.15320745, 32.15146134,
        32.14971589, 32.14797112, 32.14622693, 32.1444835 , 32.14274077,
        32.14099871, 32.13925734, 32.13751664, 32.13577663, 32.1340373 ,
        32.13229867, 32.13056072, 32.12882345, 32.12708688, 32.12535099,
        32.12361579, 32.12188127, 32.12014743, 32.11841427, 32.11668179,
        32.11494999, 32.11321885, 32.11148833, 32.10975854, 32.10802943,
        32.106301  , 32.10457323, 32.10284613, 32.10111969, 32.09939392,
        32.09766881, 32.09594436, 32.09422057, 32.09249743, 32.09077495,
        32.08905313, 32.08733196, 32.08561144, 32.08389159, 32.0821724 ,
        32.08045388, 32.07873602, 32.07701884, 32.07530227, 32.07358658,
        32.07187177, 32.07015801, 32.06844567, 32.06673574, 32.06503275,
        32.55476381, 32.55304307, 32.5513296 , 32.54961863, 32.54790912,
        32.54620068, 32.54449313, 32.54278636, 32.54108031, 32.53937495,
        32.53767023, 32.53596614, 32.53426265, 32.53255975, 32.53085744,
        32.52915571, 32.52745455, 32.52575396, 32.52405394, 32.52235447,
        32.52065555, 32.51895719, 32.51725937, 32.5155621 , 32.51386536,
        32.51216916, 32.51047349, 32.50877835, 32.50708374, 32.50538966,
        32.5036961 , 32.50200307, 32.50031056, 32.49861857, 32.49692709,
        32.49523611, 32.49354548, 32.49185554, 32.49016614, 32.48847726,
        32.4867889 , 32.48510104, 32.48341369, 32.48172684, 32.48004047,
        32.47835459, 32.47666919, 32.47498426, 32.47329982, 32.47161584,
        32.46993235, 32.46824933, 32.46656678, 32.46488469, 32.46320307,
        32.46152191, 32.45984119, 32.45816086, 32.45648107, 32.45480176,
        32.45312293, 32.45144456, 32.44976667, 32.44808925, 32.44641233,
        32.4447359 , 32.44305998, 32.44138459, 32.43970973, 32.43803541,
        32.43636183, 32.434689  , 32.433017  , 32.43134601, 32.4296763 ,
        32.42800844, 32.42634338, 32.4246833 , 32.42303359, 32.42141901,
        30.91139108, 30.90965645, 30.90795958, 30.90627363, 30.90459275,
        30.90291473, 30.90123861, 30.8995639 , 30.8978902 , 30.89621731,
        30.89454504, 30.89287327, 30.89120182, 30.88953068, 30.88785978,
        30.88618911, 30.88451862, 30.88284829, 30.88117808, 30.87950796,
        30.87783789, 30.87616784, 30.8744978 , 30.87282773, 30.87115761,
        30.86948747, 30.86781735, 30.86614723, 30.86447717, 30.8628072 ,
        30.86113732, 30.85946758, 30.85779801, 30.85612859, 30.85445935,
        30.85279029, 30.85112135, 30.84945254, 30.84778382, 30.84611519,
        30.84444658, 30.84277801, 30.84110948, 30.83944105, 30.83777306,
        30.83610533, 30.83443692, 30.83276775, 30.83109817, 30.82942818,
        30.82775783, 30.82608714, 30.82441597, 30.82274436, 30.82107225,
        30.81939959, 30.81772641, 30.81605272, 30.81437832, 30.81270323,
        30.81102747, 30.80935106, 30.80767393, 30.80599608, 30.80431741,
        30.80263794, 30.80095767, 30.79927654, 30.79759452, 30.79591166,
        30.79422799, 30.79254359, 30.79085853, 30.78917288, 30.78748664,
        30.78579991, 30.78411277, 30.78242525, 30.78073743, 30.77904944,
        30.77736123, 30.77567296, 30.77398474, 30.77229681, 30.77060787,
        30.7689199 , 30.76723265, 30.7655461 , 30.76386046, 30.76217597,
        30.76049301, 30.75881205, 30.75713349, 30.75545794, 30.75378617,
        30.75211905, 30.75045776, 30.74880383, 30.74715798, 30.7455217 ,
        30.74389748, 30.74228907, 30.74070202, 30.73914507, 30.73763349,
        30.73619791, 30.73491572, 30.73411837]]), 'snr_nli': array([[44.43190522, 44.16504355, 44.03636494, 43.94564116, 43.87782622,
        43.82200194, 43.77386743, 43.73110846, 43.69223696, 43.65633113,
        43.6227153 , 43.59088736, 43.56033154, 43.53086568, 43.50230519,
        43.47443729, 43.44713468, 43.42030035, 43.39379409, 43.36757991,
        43.34160844, 43.31581191, 43.29012677, 43.26454828, 43.23898468,
        43.21337004, 43.18768345, 43.1618704 , 43.13583855, 43.10958417,
        43.08298928, 43.05582903, 43.02654315, 42.99880904, 42.97103318,
        42.94311384, 42.91503953, 42.88682578, 42.85854855, 42.83026373,
        42.80199994, 42.77382486, 42.74569801, 42.71762535, 42.68960858,
        42.66164488, 42.63371168, 42.60579042, 42.57784679, 42.54985399,
        42.52179319, 42.49357604, 42.46418517, 42.43580113, 42.40749473,
        42.37911183, 42.35060892, 42.32199236, 42.29320766, 42.26426475,
        42.23513651, 42.20578186, 42.17619223, 42.14638961, 42.11635491,
        42.08611671, 42.05568623, 42.02508431, 41.9943512 , 41.96363899,
        41.93290353, 41.9022484 , 41.87174606, 41.84041566, 41.81240389,
        41.7877122 , 41.76878176, 41.76108967, 41.77947507, 41.8937043 ,
        41.59214022, 41.38134306, 41.2678067 , 41.18116919, 41.10644859,
        41.03811069, 40.97352879, 40.91139091, 40.85077581, 40.79115081,
        40.73214712, 40.67348256, 40.61485536, 40.55623226, 40.49752966,
        40.43866668, 40.37960747, 40.32034559, 40.26080915, 40.20102215,
        40.14096892, 40.08058754, 40.01989577, 39.95892549, 39.89759113,
        39.83594534, 39.77398993, 39.7117051 , 39.64911828, 39.5862935 ,
        39.52316823, 39.45979548, 39.39621236, 39.33240233, 39.26830213,
        39.20380643, 39.13786515, 39.07313563, 39.00851066, 38.94383623,
        38.87902771, 38.81411567, 38.74905714, 38.68384474, 38.61843561,
        38.55285078, 38.48703176, 38.42102792, 38.3548541 , 38.2885261 ,
        38.222054  , 38.15551933, 38.08883741, 38.02203818, 37.95513257,
        37.88809386, 37.82085241, 37.7531635 , 37.68591585, 37.61878147,
        37.55172395, 37.48471787, 37.41780085, 37.35105079, 37.28448643,
        37.21818307, 37.15223014, 37.08669471, 37.02161855, 36.95702452,
        36.89390695, 36.83220495, 36.77232049, 36.71501343, 36.66144283,
        36.61410912, 36.57717252, 36.56013316, 36.5873902 , 36.77599219,
        36.27841017, 35.93583055, 35.75585978, 35.6204458 , 35.50486974,
        35.40006058, 35.30204037, 35.20878483, 35.11873771, 35.03111011,
        34.94519706, 34.86059404, 34.77668595, 34.69344661, 34.61067812,
        34.52833793, 34.44631538, 34.36455906, 34.28296137, 34.20145313,
        34.12000717, 34.03854734, 33.95704212, 33.87548191, 33.79381554,
        33.7121734 , 33.63064054, 33.54924142, 33.46808374, 33.38727826,
        33.30682113, 33.22684049, 33.1473741 , 33.06841353, 32.98999784,
        32.91211135, 32.83468225, 32.75767258, 32.68105951, 32.60480849,
        32.52881658, 32.45313953, 32.37777417, 32.30282163, 32.2288685 ,
        32.15558776, 32.0814223 , 32.00635303, 31.93095636, 31.85530465,
        31.77948155, 31.70354914, 31.62736465, 31.55098538, 31.47437327,
        31.3975032 , 31.32045125, 31.24325045, 31.16567742, 31.08781542,
        31.00972103, 30.93144554, 30.85295078, 30.77426432, 30.69531834,
        30.6161719 , 30.53684441, 30.45733104, 30.37761411, 30.29779217,
        30.21793822, 30.13814109, 30.0585177 , 29.97915052, 29.90004203,
        29.82129976, 29.74302485, 29.66522411, 29.58797737, 29.5114033 ,
        29.43543674, 29.36021135, 29.28581053, 29.21240788, 29.13961019,
        29.06763108, 28.99692739, 28.92743955, 28.85929862, 28.79263176,
        28.72767584, 28.66471376, 28.60396841, 28.54579663, 28.49065605,
        28.43903969, 28.39165767, 28.34942437, 28.31268823, 28.28230928,
        28.25984061, 28.24765495, 28.24938805, 28.27093502, 28.32296688,
        28.42789859, 28.6460473 , 29.26710048]]), 'max_oct': np.float64(403.4025254778322)}"
34,37,34,37,121.6,2,2,60.8,"{'P_opt': np.float64(-12.360000000000001), 'gsnr': array([[33.44099768, 33.41936726, 33.40787574, 33.39943378, 33.39247806,
        33.38639926, 33.38089854, 33.37580641, 33.37101189, 33.36644536,
        33.36205545, 33.35780351, 33.35364902, 33.34957808, 33.34557602,
        33.34162615, 33.33771819, 33.33384433, 33.32999306, 33.32616142,
        33.3223453 , 33.31853898, 33.31473707, 33.31093919, 33.30713725,
        33.30332543, 33.29950139, 33.29565926, 33.29178775, 33.28787095,
        33.28372868, 33.27974963, 33.27576259, 33.27175114, 33.26770857,
        33.26364035, 33.25954759, 33.25543212, 33.25130039, 33.24715735,
        33.24300526, 33.23885038, 33.23468882, 33.23052118, 33.22634759,
        33.22216785, 33.21797936, 33.21377991, 33.20956419, 33.20531929,
        33.20093218, 33.19666485, 33.19239597, 33.18811333, 33.18381508,
        33.17949612, 33.1751541 , 33.17079059, 33.1664003 , 33.16198443,
        33.15754038, 33.15306392, 33.14855417, 33.14401368, 33.13944062,
        33.13483835, 33.13020855, 33.125554  , 33.12087912, 33.11619956,
        33.11149386, 33.10658462, 33.10195796, 33.09747927, 33.09322422,
        33.0893783 , 33.08628181, 33.08465076, 33.08639275, 33.1002474 ,
        33.49872074, 33.4669915 , 33.44926919, 33.43546324, 33.42337944,
        33.4121979 , 33.40152646, 33.39116818, 33.38098269, 33.37088791,
        33.36082596, 33.35075155, 33.34061496, 33.33040937, 33.32011924,
        33.3097296 , 33.29923237, 33.28862405, 33.27789064, 33.26703365,
        33.25604799, 33.24492101, 33.23365286, 33.22224653, 33.21068482,
        33.19897427, 33.18711273, 33.17509393, 33.16291932, 33.150597  ,
        33.1381101 , 33.12545916, 33.11261501, 33.09932711, 33.08619051,
        33.07296819, 33.05961709, 33.04613117, 33.03249729, 33.01872063,
        33.00478977, 32.99071233, 32.97647884, 32.96208716, 32.94752676,
        32.93280056, 32.91789384, 32.9028156 , 32.88756604, 32.8721464 ,
        32.856557  , 32.84081279, 32.82488908, 32.80877397, 32.7923691 ,
        32.77592759, 32.75934919, 32.74263497, 32.72577121, 32.70876209,
        32.69161843, 32.67433751, 32.65692894, 32.63940962, 32.62176134,
        32.60389092, 32.58613678, 32.56840845, 32.55072649, 32.53318978,
        32.51580959, 32.49866827, 32.48187797, 32.46584307, 32.45089095,
        32.43780867, 32.42793517, 32.42419834, 32.43416858, 32.4931639 ,
        31.2571202 , 31.17007938, 31.1229234 , 31.08685532, 31.05570987,
        31.02715532, 31.00017299, 30.97419932, 30.94886232, 30.9239657 ,
        30.89931663, 30.87477942, 30.85019505, 30.82555493, 30.80082334,
        30.77596403, 30.75095631, 30.72578721, 30.70043328, 30.6748708 ,
        30.64908156, 30.62303636, 30.59672635, 30.57015476, 30.54330576,
        30.51621712, 30.48890863, 30.46139188, 30.433702  , 30.40588111,
        30.37792476, 30.34988682, 30.32179463, 30.29367121, 30.26557782,
        30.23771038, 30.20996195, 30.18188141, 30.1534158 , 30.12475846,
        30.09591213, 30.06690799, 30.03773459, 30.00838474, 29.97883578,
        29.94907863, 29.91908168, 29.88890079, 29.85848952, 29.82781893,
        29.79689881, 29.76574136, 29.73428075, 29.70253772, 29.67049077,
        29.63812561, 29.6054698 , 29.5725348 , 29.53922435, 29.50557486,
        29.47160461, 29.43733241, 29.4027411 , 29.36784318, 29.33260646,
        29.29705583, 29.26119709, 29.2250275 , 29.18853871, 29.15177656,
        29.11477466, 29.07757599, 29.04024006, 29.00281146, 28.96529681,
        28.92775374, 28.89023563, 28.85275164, 28.81534674, 28.77808854,
        28.74095223, 28.70401726, 28.66733503, 28.63101074, 28.59482985,
        28.55890639, 28.52351017, 28.48861714, 28.45430852, 28.42066396,
        28.3878248 , 28.35596039, 28.32521011, 28.29579179, 28.26797952,
        28.24207118, 28.2184814 , 28.19776631, 28.18019635, 28.16634778,
        28.15717312, 28.15409746, 28.15927482, 28.17615335, 28.21088338,
        28.27614997, 28.40521938, 28.75012767]]), 'osnr': array([[33.72991948, 33.72814572, 33.72637727, 33.7246109 , 33.72284593,
        33.72108206, 33.71931918, 33.71755719, 33.71579605, 33.71403572,
        33.71227619, 33.71051743, 33.70875942, 33.70700216, 33.70524564,
        33.70348985, 33.70173479, 33.69998045, 33.69822683, 33.69647392,
        33.69472172, 33.69297023, 33.69121945, 33.68946937, 33.68772   ,
        33.68597132, 33.68422333, 33.68247604, 33.68072944, 33.67898351,
        33.67723818, 33.67549362, 33.67374976, 33.67200658, 33.67026408,
        33.66852227, 33.66678114, 33.6650407 , 33.66330094, 33.66156188,
        33.6598235 , 33.65808581, 33.65634881, 33.6546125 , 33.65287688,
        33.65114194, 33.64940769, 33.64767413, 33.64594125, 33.64420904,
        33.64247745, 33.6407466 , 33.63901644, 33.63728696, 33.63555816,
        33.63383003, 33.63210258, 33.63037579, 33.62864968, 33.62692424,
        33.62519947, 33.62347536, 33.62175192, 33.62002915, 33.61830703,
        33.61658558, 33.6148648 , 33.61314469, 33.61142524, 33.60970646,
        33.60798835, 33.60627082, 33.60455409, 33.60283812, 33.60112293,
        33.59940861, 33.59769534, 33.59598346, 33.59427391, 33.59257097,
        34.08230619, 34.08058686, 34.07887443, 34.07716441, 34.07545583,
        34.07374831, 34.07204167, 34.07033584, 34.06863074, 34.06692634,
        34.0652226 , 34.06351952, 34.06181706, 34.06011522, 34.05841399,
        34.05671337, 34.05501335, 34.05331393, 34.0516151 , 34.04991685,
        34.0482192 , 34.04652212, 34.04482563, 34.04312971, 34.04143436,
        34.03973959, 34.03804538, 34.03635174, 34.03465866, 34.03296616,
        34.03127421, 34.02958282, 34.02789197, 34.02620154, 34.02451181,
        34.02282268, 34.02113411, 34.01944611, 34.01775867, 34.01607179,
        34.01438545, 34.01269967, 34.01101444, 34.00932975, 34.00764561,
        34.005962  , 34.00427892, 34.00259637, 34.00091435, 33.99923287,
        33.99755191, 33.99587149, 33.99419159, 33.9925122 , 33.99083327,
        33.98915494, 33.98747714, 33.98579987, 33.98412313, 33.98244693,
        33.98077125, 33.9790961 , 33.97742149, 33.97574741, 33.97407387,
        33.9724008 , 33.97072839, 33.9690566 , 33.96738542, 33.96571493,
        33.96404511, 33.96237603, 33.96070774, 33.95904048, 33.95737443,
        33.95571005, 33.95404812, 33.95239032, 33.95074098, 33.94912001,
        32.43912483, 32.43740933, 32.43572405, 32.43404763, 32.43237547,
        32.4307058 , 32.42903785, 32.42737121, 32.42570557, 32.4240408 ,
        32.42237674, 32.42071327, 32.41905028, 32.41738775, 32.41572565,
        32.41406394, 32.41240261, 32.41074165, 32.40908102, 32.40742071,
        32.4057607 , 32.40410095, 32.40244145, 32.4007822 , 32.39912318,
        32.39746442, 32.39580593, 32.39414771, 32.3924898 , 32.39083222,
        32.38917497, 32.38751809, 32.38586161, 32.38420554, 32.38254995,
        32.38089501, 32.37924062, 32.37758636, 32.37593216, 32.37427821,
        32.3726245 , 32.37097106, 32.36931786, 32.36766491, 32.36601216,
        32.36435961, 32.36270722, 32.36105503, 32.359403  , 32.35775109,
        32.35609929, 32.35444761, 32.35279599, 32.35114442, 32.34949288,
        32.34784134, 32.34618983, 32.34453834, 32.34288676, 32.34123512,
        32.33958342, 32.33793168, 32.33627987, 32.33462799, 32.33297599,
        32.33132389, 32.32967167, 32.32801934, 32.32636685, 32.32471427,
        32.3230616 , 32.32140891, 32.31975624, 32.31810366, 32.31645115,
        32.31479879, 32.31314665, 32.31149472, 32.30984307, 32.30819178,
        32.30654083, 32.30489031, 32.3032403 , 32.30159096, 32.29994113,
        32.29829269, 32.29664517, 32.29499854, 32.29335294, 32.29170849,
        32.29006543, 32.28842401, 32.28678447, 32.28514717, 32.28351255,
        32.2818811 , 32.2802535 , 32.27863063, 32.27701298, 32.27540147,
        32.27379762, 32.27220364, 32.27062284, 32.26906042, 32.26752544,
        32.26603614, 32.26463862, 32.26353084]]), 'snr_nli': array([[45.35469777, 45.05421489, 44.91288127, 44.81765117, 44.74448001,
        44.68417513, 44.63228481, 44.58630932, 44.54463362, 44.50624728,
        44.47041368, 44.4365841 , 44.40420369, 44.37306956, 44.34297538,
        44.31369473, 44.28508655, 44.25704368, 44.22941617, 44.20216156,
        44.17522464, 44.14853188, 44.1220151 , 44.09566763, 44.06939119,
        44.04311629, 44.01681594, 43.99042226, 43.96380549, 43.9367852 ,
        43.90728883, 43.87981901, 43.85238911, 43.82481263, 43.797017  ,
        43.76906793, 43.74098097, 43.71277946, 43.68453732, 43.65631034,
        43.62812369, 43.60004529, 43.57203236, 43.54409072, 43.51622153,
        43.48842204, 43.46066438, 43.43292538, 43.40514993, 43.37720502,
        43.3479253 , 43.32002768, 43.29224946, 43.26446521, 43.23665691,
        43.20877439, 43.18079608, 43.15273962, 43.12455485, 43.09625635,
        43.06782112, 43.03921111, 43.01042133, 42.98148015, 42.95237333,
        42.92313642, 42.89378828, 42.86435774, 42.83488841, 42.80552748,
        42.7760751 , 42.74490209, 42.71648449, 42.68955308, 42.66477099,
        42.64378122, 42.62960054, 42.62861633, 42.65808096, 42.79942078,
        42.50404506, 42.26920005, 42.14742912, 42.05687868, 41.9801973 ,
        41.91098874, 41.84622828, 41.78440058, 41.72445193, 41.66577103,
        41.60793533, 41.55062384, 41.49350027, 41.43651975, 41.37958364,
        41.32260088, 41.26552758, 41.20834996, 41.15099075, 41.09346993,
        41.03576719, 40.97781851, 40.91963765, 40.86125462, 40.80258228,
        40.74367234, 40.68452555, 40.62511995, 40.56547722, 40.50565436,
        40.44557174, 40.38524601, 40.32453702, 40.2621593 , 40.20123469,
        40.1405152 , 40.07978264, 40.01901273, 39.95814708, 39.8972192 ,
        39.83618115, 39.77507794, 39.71387197, 39.65256169, 39.59110673,
        39.52953014, 39.46777419, 39.40588984, 39.34388697, 39.28177963,
        39.21957742, 39.15735218, 39.09500484, 39.03249418, 38.96942229,
        38.90684988, 38.844359  , 38.78195595, 38.71958796, 38.65727471,
        38.59506103, 38.5329376 , 38.4709424 , 38.40913947, 38.34745895,
        38.28555644, 38.22468151, 38.16447956, 38.10500844, 38.04660242,
        37.98927458, 37.93328614, 37.87899264, 37.82774227, 37.7805801 ,
        37.7400843 , 37.71064605, 37.70197558, 37.73962245, 37.94718361,
        37.48637787, 37.13729207, 36.95865667, 36.82659996, 36.71543356,
        36.61560978, 36.52296676, 36.43521742, 36.35087777, 36.26914888,
        36.18928659, 36.11077548, 36.03304867, 35.95605628, 35.87966326,
        35.80373915, 35.7282081 , 35.65302164, 35.57810116, 35.5033705 ,
        35.4287734 , 35.35422328, 35.27969704, 35.20520765, 35.13071258,
        35.0563235 , 34.9820966 , 34.90806273, 34.83431618, 34.76096615,
        34.68799171, 34.61552827, 34.54363557, 34.47235966, 34.40184374,
        34.33257102, 34.26423679, 34.195681  , 34.12677959, 34.05802201,
        33.98941288, 33.92102566, 33.85282849, 33.78480075, 33.71688593,
        33.64906117, 33.58125207, 33.51358808, 33.44596066, 33.37830449,
        33.31064326, 33.24300523, 33.17524542, 33.10741307, 33.03946403,
        32.97137112, 32.90319731, 32.83496943, 32.76648699, 32.69783248,
        32.62904815, 32.560176  , 32.49118344, 32.42209871, 32.35285961,
        32.28351923, 32.21409139, 32.14457264, 32.07494869, 32.00531014,
        31.93572133, 31.86626251, 31.79704267, 31.7281396 , 31.65955834,
        31.59139791, 31.52374678, 31.45661052, 31.39005938, 31.32420248,
        31.25898133, 31.19452387, 31.13090564, 31.06829473, 31.00629934,
        30.94510406, 30.8851594 , 30.82640249, 30.76895155, 30.71292016,
        30.65852421, 30.60602308, 30.5556222 , 30.50765508, 30.46254433,
        30.42074729, 30.38290958, 30.34990444, 30.32213348, 30.30050117,
        30.2865288 , 30.28251579, 30.29197282, 30.32058485, 30.37862905,
        30.48766078, 30.70557607, 31.3096021 ]]), 'max_oct': np.float64(423.45897717532944)}"
12,13,12,13,30.3,1,1,30.3,"{'P_opt': np.float64(-7.0600000000000005), 'gsnr': array([[38.31382812, 38.25102163, 38.21924074, 38.19688177, 38.17911738,
        38.1640664 , 38.15080462, 38.13880874, 38.12774423, 38.11739607,
        38.10760953, 38.09826955, 38.08926978, 38.08055852, 38.07208827,
        38.06381198, 38.05569583, 38.04771089, 38.03981944, 38.03198684,
        38.02410255, 38.01471812, 38.0069556 , 37.999387  , 37.99189928,
        37.98445873, 37.97705172, 37.96966434, 37.96227926, 37.95489497,
        37.9474957 , 37.94007241, 37.93262275, 37.92514397, 37.91762662,
        37.91007569, 37.9024786 , 37.89477502, 37.88606746, 37.87835555,
        37.87073746, 37.86316081, 37.85560466, 37.84806437, 37.84053772,
        37.83302318, 37.82551595, 37.81801352, 37.81051087, 37.80300534,
        37.79549821, 37.78799328, 37.78047408, 37.77293584, 37.76537205,
        37.75775398, 37.74997602, 37.74056035, 37.73276387, 37.72511353,
        37.71750501, 37.70991259, 37.70233114, 37.69476717, 37.68722338,
        37.67971403, 37.67225395, 37.66486407, 37.65757428, 37.65044432,
        37.64350625, 37.63683994, 37.63057081, 37.62490273, 37.62015498,
        37.61691321, 37.61624111, 37.62037639, 37.6352971 , 37.6886081 ,
        37.98327728, 37.89876971, 37.8570706 , 37.82740862, 37.80314304,
        37.7817958 , 37.76218338, 37.74366536, 37.72569574, 37.70599498,
        37.68893906, 37.67233463, 37.65591726, 37.63961614, 37.62337502,
        37.60715057, 37.59091595, 37.57465446, 37.55833838, 37.54196344,
        37.52551748, 37.50898002, 37.49234831, 37.4756247 , 37.45878544,
        37.44183939, 37.4247845 , 37.40761342, 37.39032896, 37.37294372,
        37.35543835, 37.33782376, 37.32010814, 37.30228928, 37.28435716,
        37.26632746, 37.24817902, 37.22986154, 37.21066234, 37.19216766,
        37.17364576, 37.15505347, 37.13636845, 37.11758605, 37.09869314,
        37.07969394, 37.06057162, 37.04133878, 37.02199391, 37.00253615,
        36.98295768, 36.96321928, 36.94255402, 36.92265919, 36.90277244,
        36.8828316 , 36.86283012, 36.84278695, 36.82268699, 36.80251593,
        36.78195671, 36.7617771 , 36.74164855, 36.7215622 , 36.70135843,
        36.68146634, 36.66173537, 36.64196622, 36.62278641, 36.60409423,
        36.5859177 , 36.56812889, 36.55173127, 36.53685149, 36.52413475,
        36.51474123, 36.51125413, 36.51859157, 36.54967211, 36.66602641,
        35.65803298, 35.5167727 , 35.44718944, 35.39765669, 35.35714693,
        35.32155101, 35.28900889, 35.25849512, 35.22937912, 35.20125566,
        35.17388519, 35.14705221, 35.1205287 , 35.09425384, 35.06815378,
        35.04217531, 35.01627959, 34.99043725, 34.9646107 , 34.93876848,
        34.91289009, 34.88696792, 34.86055032, 34.83420558, 34.80768804,
        34.78108217, 34.75442201, 34.72772581, 34.70103002, 34.6743752 ,
        34.64775884, 34.62122789, 34.5948023 , 34.56848864, 34.54230367,
        34.51624772, 34.4903019 , 34.46445589, 34.43870068, 34.4130242 ,
        34.3873897 , 34.36180713, 34.33625804, 34.31073279, 34.28521053,
        34.25968345, 34.23412649, 34.20858351, 34.18301817, 34.15741155,
        34.13177239, 34.10610878, 34.08037151, 34.05458061, 34.02871914,
        34.00277771, 33.97677688, 33.9507251 , 33.92455594, 33.89830322,
        33.87197867, 33.84559583, 33.81914685, 33.79264503, 33.76607018,
        33.73944252, 33.71276716, 33.68604568, 33.65927741, 33.63249977,
        33.60574039, 33.5790345 , 33.55243107, 33.52596778, 33.49965621,
        33.47354179, 33.44766343, 33.42203164, 33.39668084, 33.37166206,
        33.34696617, 33.32265728, 33.29878014, 33.27544856, 33.2524238 ,
        33.22978707, 33.20783172, 33.18651908, 33.16591375, 33.14608476,
        33.12714734, 33.10923996, 33.09248839, 33.07707984, 33.06324542,
        33.05124502, 33.04142628, 33.03426833, 33.03013557, 33.02965226,
        33.03374946, 33.04379346, 33.06184554, 33.09121716, 33.13781618,
        33.21382512, 33.35129251, 33.69912086]]), 'osnr': array([[39.09096166, 39.08918786, 39.08741934, 39.08565292, 39.0838879 ,
        39.082124  , 39.08036108, 39.07859906, 39.07683789, 39.07507754,
        39.07331799, 39.07155921, 39.0698012 , 39.06804394, 39.06628742,
        39.06453164, 39.06277659, 39.06102226, 39.05926866, 39.05751577,
        39.05576357, 39.05401185, 39.05226108, 39.05051104, 39.04876172,
        39.04701311, 39.04526521, 39.04351801, 39.0417715 , 39.0400257 ,
        39.0382806 , 39.03653619, 39.03479247, 39.03304944, 39.03130711,
        39.02956546, 39.0278245 , 39.02608422, 39.02434448, 39.02260558,
        39.0208674 , 39.01912991, 39.01739312, 39.01565702, 39.01392161,
        39.0121869 , 39.01045288, 39.00871955, 39.00698691, 39.00525495,
        39.00352368, 39.0017931 , 39.00006321, 38.99833399, 38.99660546,
        38.9948776 , 38.9931504 , 38.99142361, 38.98969777, 38.98797264,
        38.9862482 , 38.98452444, 38.98280136, 38.98107897, 38.97935726,
        38.97763624, 38.9759159 , 38.97419625, 38.9724773 , 38.97075906,
        38.96904152, 38.9673247 , 38.96560863, 38.96389334, 38.96217889,
        38.96046537, 38.95875297, 38.95704208, 38.95533372, 38.95363259,
        39.44337342, 39.44165427, 39.43994256, 39.43823345, 39.43652586,
        39.43481941, 39.43311389, 39.43140922, 39.42970529, 39.42800171,
        39.42629924, 39.42459751, 39.42289645, 39.42119607, 39.41949635,
        39.41779729, 39.41609888, 39.41440112, 39.41270399, 39.41100751,
        39.40931166, 39.40761645, 39.40592186, 39.40422791, 39.40253458,
        39.40084189, 39.39914981, 39.39745836, 39.39576753, 39.39407733,
        39.39238775, 39.39069879, 39.38901045, 39.38732274, 39.38563564,
        39.38394916, 39.3822633 , 39.38057804, 39.37889325, 39.37720924,
        39.37552585, 39.37384308, 39.37216093, 39.37047939, 39.36879846,
        39.36711815, 39.36543844, 39.36375934, 39.36208084, 39.36040296,
        39.35872567, 39.35704898, 39.35537273, 39.35369726, 39.35202242,
        39.35034819, 39.34867457, 39.34700156, 39.34532916, 39.34365737,
        39.34198612, 39.34031557, 39.33864565, 39.33697636, 39.33530766,
        39.33363965, 39.33197229, 39.33030553, 39.32863953, 39.32697424,
        39.32530969, 39.32364584, 39.32198292, 39.32032095, 39.31866009,
        39.31700059, 39.31534304, 39.31368854, 39.31203994, 39.31041047,
        37.80046044, 37.79877104, 37.79710159, 37.79543824, 37.79377799,
        37.79211969, 37.79046284, 37.78880715, 37.78715243, 37.78549858,
        37.78384553, 37.78219321, 37.78054156, 37.77889056, 37.77724018,
        37.77559042, 37.77394125, 37.77229267, 37.77064467, 37.76899723,
        37.76735035, 37.76570403, 37.76405811, 37.76241278, 37.76076795,
        37.75912366, 37.75747992, 37.75583672, 37.75419408, 37.75255202,
        37.75091052, 37.74926961, 37.7476293 , 37.74598958, 37.74435047,
        37.74271196, 37.74107404, 37.73943671, 37.73779997, 37.73616382,
        37.73452823, 37.73289322, 37.73125877, 37.72962488, 37.72799155,
        37.72635877, 37.72472652, 37.72309484, 37.72146369, 37.71983307,
        37.71820299, 37.71657344, 37.71494441, 37.71331591, 37.71168792,
        37.71006043, 37.70843347, 37.70680702, 37.70518107, 37.70355562,
        37.70193067, 37.70030624, 37.69868231, 37.69705889, 37.69543597,
        37.69381356, 37.69219166, 37.69057026, 37.68894938, 37.68732901,
        37.68570918, 37.68408989, 37.68247117, 37.68085304, 37.67923549,
        37.67761856, 37.67600226, 37.67438659, 37.67277158, 37.67115724,
        37.66954357, 37.66793062, 37.66631839, 37.66470695, 37.66309533,
        37.66148528, 37.65987609, 37.65826774, 37.65666027, 37.65505372,
        37.65344814, 37.65184362, 37.65024021, 37.64863802, 37.64703716,
        37.64543777, 37.64384004, 37.6422442 , 37.64065045, 37.63905909,
        37.63747059, 37.63588563, 37.63430519, 37.63273086, 37.63116539,
        37.62961433, 37.62809182, 37.62665979]]), 'snr_nli': array([[46.16948879, 45.8079083 , 45.63785342, 45.52363509, 45.43611035,
        45.36415582, 45.30238139, 45.24776709, 45.19840471, 45.15307336,
        45.11090281, 45.07125174, 45.03354319, 44.99748599, 44.9628181 ,
        44.92928697, 44.89671024, 44.86493376, 44.83376486, 44.80302974,
        44.7721995 , 44.73446708, 44.70454112, 44.67565745, 44.64727803,
        44.61924082, 44.59147886, 44.5639253 , 44.53649896, 44.50919153,
        44.4819309 , 44.45467628, 44.42741753, 44.40014281, 44.37281097,
        44.34544515, 44.31799112, 44.29018733, 44.25814567, 44.23055998,
        44.20349279, 44.17671353, 44.15012948, 44.12371879, 44.09747013,
        44.07137535, 44.04541266, 44.0195703 , 43.99382615, 43.96816828,
        43.94260125, 43.91713971, 43.89171543, 43.86630887, 43.84089366,
        43.8153543 , 43.78926839, 43.75673562, 43.73080255, 43.70554714,
        43.68054975, 43.65570638, 43.63099536, 43.60644084, 43.58205169,
        43.55788136, 43.53398485, 43.51043964, 43.48735639, 43.46495822,
        43.44335994, 43.42285624, 43.40391074, 43.38727818, 43.37414198,
        43.36668227, 43.36888078, 43.3891963 , 43.4505939 , 43.66263167,
        43.42691967, 43.14190607, 43.00788051, 42.91531512, 42.84123136,
        42.77717596, 42.71915401, 42.66502073, 42.61300113, 42.55608071,
        42.50764312, 42.46089847, 42.41502196, 42.36978675, 42.32501501,
        42.28057154, 42.23637268, 42.19236624, 42.14846964, 42.10466941,
        42.06092997, 42.01719317, 41.97345192, 41.92971367, 41.88591321,
        41.84207688, 41.7982004 , 41.75426519, 41.71028064, 41.66628214,
        41.62221899, 41.57812189, 41.53401376, 41.4898896 , 41.4457242 ,
        41.40155949, 41.35734162, 41.31294326, 41.26655486, 41.2222246 ,
        41.17807664, 41.13400042, 41.08993967, 41.0458831 , 41.00179889,
        40.95769825, 40.91354105, 40.86935913, 40.82514972, 40.78091162,
        40.73662718, 40.692205  , 40.64584858, 40.60155041, 40.55750783,
        40.5135735 , 40.46973097, 40.42602225, 40.38241118, 40.3388642 ,
        40.29466868, 40.25154978, 40.20876087, 40.16627746, 40.1237441 ,
        40.08210046, 40.04100566, 40.00002002, 39.96049515, 39.92219246,
        39.88515547, 39.84909562, 39.81612805, 39.78648526, 39.76149291,
        39.74355119, 39.73804663, 39.75531682, 39.8229198 , 40.07593298,
        39.75408062, 39.40261473, 39.23662153, 39.12127395, 39.02859466,
        38.94830662, 38.87578604, 38.80850023, 38.74490222, 38.68400246,
        38.62521096, 38.56800928, 38.51186714, 38.45663157, 38.40212589,
        38.34822231, 38.29482703, 38.24186865, 38.18926032, 38.13693009,
        38.08483059, 38.03294212, 37.98033479, 37.92818   , 37.87597202,
        37.823882  , 37.77197611, 37.72028756, 37.66888481, 37.61784287,
        37.56715074, 37.5168941 , 37.46710443, 37.41778682, 37.3689659 ,
        37.32063446, 37.27274911, 37.22528351, 37.17821441, 37.13151328,
        37.08510631, 37.03900759, 36.99317859, 36.94759775, 36.90222336,
        36.85703824, 36.81199432, 36.76716854, 36.72249259, 36.67793056,
        36.63349627, 36.58920221, 36.54495956, 36.50080263, 36.45670049,
        36.41263584, 36.36864366, 36.32473738, 36.28080142, 36.23689382,
        36.19303401, 36.14924413, 36.10550978, 36.06185244, 36.01823701,
        35.97469655, 35.93123839, 35.88786389, 35.84457073, 35.80141929,
        35.75845302, 35.71572718, 35.67331858, 35.63128467, 35.58963986,
        35.54845299, 35.50778154, 35.46763684, 35.42806828, 35.38915115,
        35.3508645 , 35.31330356, 35.27653204, 35.24072161, 35.20549007,
        35.17095834, 35.13757838, 35.10528082, 35.07415756, 35.0443068 ,
        35.01589764, 34.98913398, 34.96419923, 34.94137051, 34.92099142,
        34.90344893, 34.88926405, 34.87915926, 34.87368323, 34.873786  ,
        34.88089406, 34.897115  , 34.92565298, 34.97170168, 35.04462459,
        35.16398795, 35.38225741, 35.95252974]]), 'max_oct': np.float64(482.6550573830283)}"
13,17,13,17,262.8,4,4,65.7,"{'P_opt': np.float64(-13.140000000000002), 'gsnr': array([[32.68464801, 32.6658597 , 32.65540898, 32.64779893, 32.64150038,
        32.63596803, 32.63093948, 32.62626648, 32.62185194, 32.61763512,
        32.61357114, 32.60962622, 32.60576476, 32.60197469, 32.59824332,
        32.59455589, 32.59090348, 32.58727926, 32.58367313, 32.58008253,
        32.57650391, 32.57293226, 32.56936282, 32.56579529, 32.56222259,
        32.55863958, 32.55504444, 32.55143254, 32.54779585, 32.54413186,
        32.5404193 , 32.53651758, 32.53274208, 32.52895718, 32.52514567,
        32.52131057, 32.51745242, 32.51357274, 32.50967745, 32.50577105,
        32.50185569, 32.49793702, 32.49401162, 32.49008003, 32.4861424 ,
        32.48219857, 32.47824645, 32.47428439, 32.47030898, 32.46631656,
        32.4622977 , 32.45816382, 32.45411676, 32.45006559, 32.44600084,
        32.44191649, 32.43780991, 32.4336821 , 32.42952813, 32.42534888,
        32.42114178, 32.41690286, 32.41263114, 32.40832865, 32.40399351,
        32.39962851, 32.39523491, 32.3908151 , 32.38637352, 32.38192638,
        32.37747037, 32.37301768, 32.36857858, 32.36404636, 32.35987105,
        32.35605732, 32.35287985, 32.35094812, 32.35189354, 32.36319103,
        32.76948568, 32.74159021, 32.7257058 , 32.71317313, 32.70210802,
        32.6918061 , 32.68192996, 32.67231026, 32.66282572, 32.65340541,
        32.64399915, 32.63456746, 32.62506663, 32.61549079, 32.60582635,
        32.59605994, 32.58618438, 32.57619662, 32.56608392, 32.55584761,
        32.54548304, 32.53497849, 32.52433404, 32.51355229, 32.50261728,
        32.49153481, 32.48030273, 32.46891523, 32.45737394, 32.44568695,
        32.43384066, 32.42184102, 32.40969071, 32.39738049, 32.38487083,
        32.37197289, 32.35918194, 32.34629443, 32.33326724, 32.32009903,
        32.30677699, 32.29330689, 32.27967925, 32.26589128, 32.25193267,
        32.23780559, 32.22349597, 32.20901166, 32.19435295, 32.17952089,
        32.16451566, 32.14935221, 32.13401016, 32.11849361, 32.10280081,
        32.08691002, 32.07074049, 32.0545291 , 32.03818209, 32.02168582,
        32.00504729, 31.98826285, 31.97134193, 31.95430365, 31.93715235,
        31.91990388, 31.90255938, 31.88504966, 31.86768448, 31.85046386,
        31.83337415, 31.81649787, 31.79998394, 31.78405399, 31.76901892,
        31.75576044, 31.74550035, 31.74086051, 31.74899801, 31.80253999,
        30.54735628, 30.46557023, 30.4206666 , 30.38603479, 30.35593918,
        30.32822173, 30.30191813, 30.27651576, 30.25169824, 30.22723554,
        30.2029784 , 30.17877315, 30.15449566, 30.1301417 , 30.10565807,
        30.08101514, 30.0562011 , 30.03120043, 30.00598542, 29.98053   ,
        29.95481776, 29.92882225, 29.90253152, 29.87594467, 29.84904825,
        29.82188455, 29.79447953, 29.76684389, 29.73900851, 29.71101014,
        29.68284063, 29.65454935, 29.62615627, 29.59767025, 29.56911382,
        29.54049167, 29.51179093, 29.48301857, 29.45421421, 29.42558557,
        29.39700067, 29.36797436, 29.33843146, 29.30859043, 29.27847527,
        29.24809344, 29.21742087, 29.18651788, 29.15533983, 29.12385747,
        29.09208123, 29.06002423, 29.02761965, 28.99488722, 28.96180547,
        28.92835951, 28.89457762, 28.86047133, 28.82594105, 28.79102174,
        28.75573312, 28.72009472, 28.68408787, 28.64772406, 28.6109698 ,
        28.57385005, 28.53637099, 28.49852905, 28.46031465, 28.42177415,
        28.38294205, 28.34386228, 28.30459518, 28.26518581, 28.22564018,
        28.18601726, 28.1463729 , 28.1067167 , 28.06709569, 28.02757964,
        27.98814289, 27.94886628, 27.90980335, 27.87106085, 27.8324253 ,
        27.79401771, 27.75610943, 27.71867837, 27.68180975, 27.6455875 ,
        27.61015915, 27.57570115, 27.54235879, 27.51035762, 27.47998259,
        27.45154311, 27.42547267, 27.40234267, 27.38241505, 27.36626151,
        27.35484989, 27.34963345, 27.35281137, 27.36790533, 27.40119865,
        27.46565548, 27.59528941, 27.94565778]]), 'osnr': array([[32.94574079, 32.94396686, 32.94219812, 32.94043163, 32.93866656,
        32.93690262, 32.93513966, 32.93337761, 32.93161641, 32.92985602,
        32.92809643, 32.92633762, 32.92457956, 32.92282225, 32.92106568,
        32.91930984, 32.91755473, 32.91580034, 32.91404666, 32.9122937 ,
        32.91054145, 32.90878991, 32.90703907, 32.90528894, 32.9035395 ,
        32.90179076, 32.90004272, 32.89829537, 32.89654871, 32.89480273,
        32.89305742, 32.8913127 , 32.88956875, 32.8878255 , 32.88608293,
        32.88434103, 32.88259983, 32.8808593 , 32.87911946, 32.87738031,
        32.87564184, 32.87390407, 32.87216699, 32.87043059, 32.86869488,
        32.86695986, 32.86522552, 32.86349186, 32.86175889, 32.8600266 ,
        32.85829497, 32.85656397, 32.85483371, 32.85310413, 32.85137522,
        32.84964699, 32.84791944, 32.84619255, 32.84446633, 32.84274078,
        32.84101589, 32.83929167, 32.83756811, 32.83584521, 32.83412297,
        32.8324014 , 32.83068049, 32.82896023, 32.82724065, 32.82552174,
        32.82380349, 32.82208593, 32.82036905, 32.81865279, 32.81693741,
        32.81522291, 32.81350946, 32.81179741, 32.8100877 , 32.80838468,
        33.29811844, 33.29639869, 33.29468592, 33.29297558, 33.29126669,
        33.28955885, 33.2878519 , 33.28614574, 33.28444031, 33.28273557,
        33.2810315 , 33.27932806, 33.27762524, 33.27592303, 33.27422142,
        33.27252041, 33.27081999, 33.26912016, 33.2674209 , 33.26572223,
        33.26402413, 33.2623266 , 33.26062963, 33.25893323, 33.25723739,
        33.25554211, 33.25384739, 33.25215322, 33.2504596 , 33.24876654,
        33.24707402, 33.24538205, 33.24369063, 33.24199975, 33.24030939,
        33.23861944, 33.23693018, 33.23524149, 33.23355335, 33.23186576,
        33.2301787 , 33.22849218, 33.22680619, 33.22512073, 33.22343579,
        33.22175138, 33.22006747, 33.21838407, 33.21670119, 33.21501882,
        33.21333696, 33.21165561, 33.20997477, 33.20829443, 33.20661459,
        33.20493524, 33.20325631, 33.20157797, 33.19990015, 33.19822284,
        33.19654603, 33.19486974, 33.19319395, 33.19151869, 33.18984395,
        33.18816975, 33.18649607, 33.18482288, 33.18315038, 33.18147856,
        33.17980741, 33.178137  , 33.17646742, 33.17479881, 33.1731314 ,
        33.17146577, 33.16980275, 33.16814412, 33.16649465, 33.16487593,
        31.65486907, 31.65314681, 31.65145739, 31.64977757, 31.6481023 ,
        31.64642967, 31.64475883, 31.6430893 , 31.64142081, 31.63975314,
        31.63808617, 31.63641973, 31.63475373, 31.63308813, 31.63142291,
        31.62975801, 31.62809342, 31.62642913, 31.62476511, 31.62310132,
        31.62143773, 31.61977433, 31.61811108, 31.61644798, 31.61478501,
        31.61312221, 31.6114596 , 31.60979717, 31.60813496, 31.60647301,
        31.60481129, 31.60314986, 31.60148873, 31.59982791, 31.59816742,
        31.59650727, 31.59484742, 31.5931879 , 31.59152873, 31.58987016,
        31.58821203, 31.58655379, 31.58489533, 31.5832369 , 31.58157851,
        31.57992016, 31.57826182, 31.57660356, 31.5749453 , 31.573287  ,
        31.57162866, 31.5699703 , 31.56831181, 31.56665321, 31.56499447,
        31.56333554, 31.56167645, 31.5600172 , 31.55835765, 31.55669783,
        31.55503775, 31.55337742, 31.5517168 , 31.55005589, 31.54839463,
        31.54673303, 31.54507109, 31.54340878, 31.54174607, 31.54008301,
        31.53841964, 31.53675599, 31.53509216, 31.53342818, 31.53176406,
        31.53009987, 31.5284357 , 31.52677155, 31.52510749, 31.52344362,
        31.52177991, 31.52011648, 31.51845341, 31.51679089, 31.51512773,
        31.51346581, 31.51180476, 31.51014456, 31.50848535, 31.50682731,
        31.50517071, 31.50351589, 31.50186315, 31.50021292, 31.49856575,
        31.49692227, 31.49528332, 31.49365001, 31.4920229 , 31.49040312,
        31.48879252, 31.48719385, 31.48561117, 31.4840509 , 31.48252424,
        31.48105365, 31.47969597, 31.47869498]]), 'snr_nli': array([[45.02443474, 44.73989274, 44.60023051, 44.50790839, 44.43708565,
        44.37868861, 44.32840024, 44.28380487, 44.24334072, 44.20603376,
        44.17117213, 44.13822581, 44.10665545, 44.07626659, 44.04686172,
        44.0182198 , 43.99020532, 43.96271522, 43.9356034 , 43.9088301 ,
        43.88234254, 43.85606959, 43.82994499, 43.80396307, 43.77802844,
        43.7520736 , 43.72607547, 43.69997524, 43.67367081, 43.6471338 ,
        43.62009592, 43.59077419, 43.56320387, 43.53564768, 43.50789047,
        43.47997381, 43.45190795, 43.4237146 , 43.39546941, 43.36722868,
        43.3390194 , 43.31090972, 43.28285789, 43.25486996, 43.2269476 ,
        43.19908845, 43.1712677 , 43.14346625, 43.115645  , 43.08776276,
        43.05971307, 43.0304893 , 43.00240076, 42.97440385, 42.94639162,
        42.918298  , 42.89009568, 42.86179844, 42.83335444, 42.80477644,
        42.77603967, 42.74710474, 42.71796527, 42.6886472 , 42.65913458,
        42.62946083, 42.59964294, 42.5697092 , 42.53970845, 42.50980956,
        42.4799778 , 42.45033679, 42.42098817, 42.39085432, 42.36445064,
        42.34176735, 42.32548373, 42.32158929, 42.34632423, 42.47624004,
        42.17742368, 41.95245388, 41.8339625 , 41.74489221, 41.66887806,
        41.59988226, 41.53504541, 41.47293679, 41.41255753, 41.35332897,
        41.29485087, 41.2368183 , 41.1789091 , 41.12108351, 41.06324928,
        41.0053197 , 40.94725438, 40.88904282, 40.83061004, 40.77197795,
        40.71312834, 40.65399809, 40.59460292, 40.53497389, 40.47502466,
        40.41480776, 40.35432493, 40.29355587, 40.23252606, 40.17129816,
        40.10980543, 40.04809726, 39.98620249, 39.92408129, 39.86152655,
        39.79751562, 39.73481029, 39.6722732 , 39.60967452, 39.54701525,
        39.48423666, 39.42137849, 39.35840093, 39.29529992, 39.23203399,
        39.16862534, 39.10501594, 39.04125627, 38.97735857, 38.91333814,
        38.84920581, 38.78503987, 38.7207543 , 38.65637723, 38.59190948,
        38.52726394, 38.46210036, 38.39746158, 38.33293645, 38.26846908,
        38.20409196, 38.13979234, 38.07561111, 38.01162659, 37.94785459,
        37.88435572, 37.82113044, 37.75790725, 37.69587517, 37.63500219,
        37.57520651, 37.51676681, 37.46019596, 37.40625417, 37.35600064,
        37.31251584, 37.28002705, 37.2677157 , 37.30110873, 37.50091723,
        37.02370667, 36.67706289, 36.49753887, 36.36385099, 36.25068309,
        36.14867093, 36.05365013, 35.96341311, 35.87660795, 35.79227341,
        35.70978883, 35.62855134, 35.54809151, 35.46837298, 35.38919584,
        35.31044837, 35.23208272, 35.1540411 , 35.07622911, 34.99856194,
        34.92098888, 34.84343038, 34.7658549 , 34.68826578, 34.6106285 ,
        34.5330749 , 34.45568299, 34.37848299, 34.3015613 , 34.22501693,
        34.14881885, 34.07309629, 33.99789232, 33.92321808, 33.84912065,
        33.77559781, 33.70260131, 33.63013624, 33.55829137, 33.48757993,
        33.41763888, 33.34723654, 33.27620201, 33.20509064, 33.1339648 ,
        33.06284479, 32.9916748 , 32.9206004 , 32.84951609, 32.77835588,
        32.70714722, 32.6359226 , 32.56453297, 32.49302803, 32.4213643 ,
        32.3495143 , 32.27754542, 32.20548653, 32.13312759, 32.0605512 ,
        31.98780509, 31.91493482, 31.84190543, 31.76874488, 31.69538864,
        31.62189215, 31.5482714 , 31.47452239, 31.40062943, 31.32668633,
        31.25276085, 31.17893667, 31.10532591, 31.03200833, 30.95898791,
        30.88636707, 30.81423936, 30.74261075, 30.67155527, 30.60118597,
        30.53144154, 30.46245235, 30.39429703, 30.32714591, 30.26060616,
        30.19487413, 30.13040294, 30.06713089, 30.00518135, 29.9446732 ,
        29.88583063, 29.82892245, 29.77416093, 29.72188894, 29.67254306,
        29.62659493, 29.58471546, 29.54779588, 29.51621679, 29.490867  ,
        29.47328206, 29.46579264, 29.47196221, 29.49756411, 29.55304097,
        29.66030896, 29.87828026, 30.48943402]]), 'max_oct': np.float64(413.80515149796287)}"
13,30,13,30,185.8,3,3,61.93333333333334,"{'P_opt': np.float64(-12.58666666666667), 'gsnr': array([[33.23175231, 33.21141987, 33.20055934, 33.1925503 , 33.1859312 ,
        33.18013225, 33.17487397, 33.16999785, 33.16540005, 33.16101546,
        33.15679604, 33.1527056 , 33.14870621, 33.14478489, 33.14092791,
        33.13711965, 33.13335048, 33.1296131 , 33.12589673, 33.1221986 ,
        33.11851486, 33.11484017, 33.11116947, 33.1075024 , 33.1038314 ,
        33.100151  , 33.09645904, 33.09275003, 33.08901344, 33.0852347 ,
        33.08125088, 33.07741345, 33.07356786, 33.06969904, 33.06580078,
        33.06187824, 33.05793249, 33.05396523, 33.04998257, 33.04598913,
        33.04198707, 33.03798224, 33.03397102, 33.02995396, 33.02593119,
        33.02190253, 33.01786553, 33.01381816, 33.00975548, 33.00566559,
        33.0014464 , 32.99733515, 32.99322194, 32.98909554, 32.98495426,
        32.98079333, 32.97661055, 32.97240737, 32.96817886, 32.96392613,
        32.95964674, 32.95533672, 32.95099526, 32.94662478, 32.94222359,
        32.93779492, 32.93334051, 32.92886327, 32.92436818, 32.91987252,
        32.91537114, 32.91086349, 32.9062027 , 32.90185728, 32.89773932,
        32.89400792, 32.89097938, 32.8893236 , 32.89082698, 32.9036733 ,
        33.30757053, 33.27768025, 33.26092145, 33.2478342 , 33.23636087,
        33.22573252, 33.21558128, 33.20572241, 33.19602415, 33.18640947,
        33.17682401, 33.16722524, 33.15756637, 33.14784102, 33.13803456,
        33.12813286, 33.1181283 , 33.10801758, 33.09778747, 33.08743936,
        33.07696844, 33.06636273, 33.05562235, 33.04475013, 33.03372978,
        33.02256751, 33.01126131, 32.99980535, 32.98820125, 32.97645722,
        32.96455868, 32.95251057, 32.94031152, 32.92792684, 32.91512621,
        32.90246865, 32.88971992, 32.87684856, 32.8638377 , 32.85069082,
        32.83739644, 32.82396144, 32.81037659, 32.79663973, 32.78274072,
        32.76868223, 32.75445017, 32.74005298, 32.72549077, 32.71076459,
        32.69587464, 32.68083506, 32.66562236, 32.65022537, 32.63455408,
        32.61884102, 32.60299452, 32.58701573, 32.57089156, 32.55462589,
        32.53822896, 32.52169809, 32.50504237, 32.48827783, 32.47138734,
        32.45428638, 32.43728763, 32.42030938, 32.40337161, 32.38656903,
        32.36991403, 32.35349565, 32.33745871, 32.3219987 , 32.30761431,
        32.29501893, 32.28547763, 32.28177306, 32.29110948, 32.347059  ,
        31.09734079, 31.01465317, 30.96975274, 30.9353589 , 30.90562642,
        30.87834582, 30.85254919, 30.82770342, 30.80345497, 30.77961625,
        30.7560021 , 30.7324838 , 30.70893018, 30.68531314, 30.66159755,
        30.63775214, 30.6137574 , 30.58960102, 30.5652599 , 30.54070936,
        30.51593539, 30.49091312, 30.46563198, 30.44009191, 30.41427863,
        30.3882265 , 30.36195534, 30.33547617, 30.30882245, 30.28203445,
        30.25510757, 30.22809339, 30.2010179 , 30.17390307, 30.14680757,
        30.11991868, 30.09313966, 30.06602914, 30.03854057, 30.01085872,
        29.98298593, 29.95495213, 29.92674619, 29.89836114, 29.86977505,
        29.84097915, 29.81194273, 29.78271964, 29.75326493, 29.72355054,
        29.69358574, 29.66338232, 29.63287648, 29.60208817, 29.57099644,
        29.53958728, 29.50788712, 29.47590708, 29.44355365, 29.41086194,
        29.37784934, 29.34453397, 29.31089888, 29.27695608, 29.24267409,
        29.20807691, 29.17316996, 29.13795044, 29.10240991, 29.06659266,
        29.03053099, 28.99426639, 28.95785637, 28.92134408, 28.88473573,
        28.84808727, 28.81145061, 28.77483461, 28.73828301, 28.70186188,
        28.66554693, 28.62941573, 28.59351849, 28.55795773, 28.52252512,
        28.48733222, 28.45264166, 28.41843055, 28.38477853, 28.35176359,
        28.31952402, 28.2882256 , 28.25800471, 28.22907453, 28.20170322,
        28.17618231, 28.15291714, 28.13245272, 28.11505279, 28.10128121,
        28.09206912, 28.08880935, 28.0936067 , 28.10983004, 28.14348794,
        28.20697786, 28.33291836, 28.6694225 ]]), 'osnr': array([[33.50196496, 33.50019138, 33.49842301, 33.49665671, 33.49489178,
        33.49312796, 33.4913651 , 33.48960314, 33.48784203, 33.48608173,
        33.48432222, 33.48256348, 33.4808055 , 33.47904826, 33.47729176,
        33.47553599, 33.47378095, 33.47202663, 33.47027303, 33.46852014,
        33.46676796, 33.4650165 , 33.46326573, 33.46151567, 33.45976632,
        33.45801766, 33.45626969, 33.45452242, 33.45277584, 33.45102993,
        33.44928462, 33.44754009, 33.44579624, 33.44405309, 33.44231061,
        33.44056882, 33.43882771, 33.43708729, 33.43534756, 33.43360851,
        33.43187015, 33.43013249, 33.42839551, 33.42665922, 33.42492362,
        33.42318871, 33.42145448, 33.41972094, 33.41798808, 33.41625589,
        33.41452432, 33.4127935 , 33.41106336, 33.40933391, 33.40760513,
        33.40587702, 33.40414959, 33.40242283, 33.40069674, 33.39897133,
        33.39724658, 33.39552249, 33.39379908, 33.39207632, 33.39035423,
        33.38863281, 33.38691205, 33.38519196, 33.38347254, 33.38175379,
        33.38003572, 33.37831832, 33.37660152, 33.37488555, 33.37317038,
        33.37145607, 33.3697428 , 33.36803091, 33.36632132, 33.36461822,
        33.85435369, 33.85263462, 33.85092233, 33.84921241, 33.84750391,
        33.84579646, 33.8440899 , 33.84238413, 33.8406791 , 33.83897476,
        33.83727109, 33.83556807, 33.83386567, 33.8321639 , 33.83046274,
        33.82876218, 33.82706223, 33.82536288, 33.82366411, 33.82196594,
        33.82026835, 33.81857135, 33.81687493, 33.81517908, 33.81348381,
        33.81178911, 33.81009498, 33.80840142, 33.80670843, 33.805016  ,
        33.80332414, 33.80163284, 33.7999421 , 33.7982519 , 33.79656213,
        33.79487306, 33.79318457, 33.79149666, 33.78980931, 33.78812251,
        33.78643627, 33.78475059, 33.78306545, 33.78138086, 33.77969681,
        33.7780133 , 33.77633032, 33.77464788, 33.77296596, 33.77128458,
        33.76960373, 33.76792342, 33.76624363, 33.76456435, 33.76288554,
        33.76120732, 33.75952963, 33.75785249, 33.75617587, 33.75449978,
        33.75282422, 33.75114919, 33.7494747 , 33.74780075, 33.74612733,
        33.74445439, 33.74278211, 33.74111043, 33.73943938, 33.73776901,
        33.73609932, 33.73443036, 33.73276223, 33.73109503, 33.72942907,
        33.72776476, 33.72610287, 33.72444505, 33.72279557, 33.72117398,
        32.21117984, 32.20946538, 32.20778063, 32.20610461, 32.20443278,
        32.20276341, 32.20109575, 32.19942937, 32.19776399, 32.19609947,
        32.19443565, 32.19277243, 32.19110969, 32.18944741, 32.18778556,
        32.18612411, 32.18446303, 32.18280232, 32.18114195, 32.1794819 ,
        32.17782214, 32.17616266, 32.17450343, 32.17284445, 32.1711857 ,
        32.16952722, 32.167869  , 32.16621107, 32.16455344, 32.16289614,
        32.16123917, 32.15958258, 32.15792638, 32.15627059, 32.15461528,
        32.15296061, 32.1513065 , 32.14965251, 32.1479986 , 32.14634493,
        32.1446915 , 32.14303833, 32.14138542, 32.13973275, 32.13808029,
        32.13642803, 32.13477592, 32.13312402, 32.13147228, 32.12982065,
        32.12816914, 32.12651776, 32.12486643, 32.12321516, 32.12156392,
        32.11991269, 32.11826148, 32.11661029, 32.11495902, 32.11330769,
        32.11165631, 32.11000489, 32.1083534 , 32.10670184, 32.10505016,
        32.10339838, 32.10174649, 32.10009449, 32.09844233, 32.09679008,
        32.09513775, 32.09348538, 32.09183305, 32.09018079, 32.08852861,
        32.08687657, 32.08522475, 32.08357313, 32.08192179, 32.0802708 ,
        32.07862014, 32.07696991, 32.07532018, 32.0736711 , 32.07202153,
        32.07037334, 32.06872605, 32.06707965, 32.06543426, 32.06379   ,
        32.06214711, 32.06050585, 32.05886645, 32.05722926, 32.05559472,
        32.05396331, 32.05233572, 32.05071281, 32.04909507, 32.04748341,
        32.04587934, 32.04428505, 32.04270384, 32.04114084, 32.03960509,
        32.03811468, 32.03671565, 32.03560455]]), 'snr_nli': array([[45.42694443, 45.12730525, 44.98630778, 44.89130373, 44.81830817,
        44.75814957, 44.70638624, 44.66052397, 44.61895092, 44.58065892,
        44.54491281, 44.51116508, 44.47886146, 44.44779984, 44.41777438,
        44.3885589 , 44.36001269, 44.33202888, 44.30445763, 44.27725673,
        44.25037108, 44.22372729, 44.19725723, 44.17095441, 44.14472062,
        44.11848649, 44.09222528, 44.06586947, 44.03929022, 44.01231139,
        43.98293507, 43.95550226, 43.92810113, 43.90054947, 43.87277565,
        43.8448459 , 43.81677606, 43.78858964, 43.76036089, 43.73214574,
        43.7039695 , 43.67590026, 43.64789524, 43.61996033, 43.59209676,
        43.56430184, 43.53654788, 43.5088119 , 43.48103933, 43.45309973,
        43.42387169, 43.39597662, 43.36819589, 43.34040664, 43.31259146,
        43.28470034, 43.25671181, 43.22864363, 43.20044559, 43.17213243,
        43.14368119, 43.11505389, 43.08624574, 43.05728541, 43.02815904,
        42.99890304, 42.96953778, 42.94009532, 42.91062724, 42.88130617,
        42.85207955, 42.8229412 , 42.79246027, 42.76519707, 42.74025409,
        42.71912615, 42.7047957 , 42.70362134, 42.73279479, 42.87346022,
        42.57778592, 42.34349568, 42.22189925, 42.1314203 , 42.054764  ,
        41.98555473, 41.92077709, 41.85892081, 41.79893511, 41.7402107 ,
        41.68232635, 41.62496215, 41.56778247, 41.51074299, 41.45374543,
        41.39669896, 41.33955998, 41.28231496, 41.22488674, 41.16729554,
        41.10952125, 41.05149993, 40.99324561, 40.93478857, 40.87604183,
        40.81705755, 40.757837  , 40.69835912, 40.6386473 , 40.578762  ,
        40.51863152, 40.45829725, 40.39776397, 40.33685281, 40.27432846,
        40.21325898, 40.15235536, 40.09145208, 40.03046682, 39.96942563,
        39.90827731, 39.84706536, 39.78575131, 39.72433309, 39.66276997,
        39.60108486, 39.53921981, 39.4772257 , 39.4151124 , 39.35289394,
        39.29057974, 39.22824188, 39.16578135, 39.10315776, 39.03998824,
        38.97730037, 38.91469174, 38.85216953, 38.7896811 , 38.7272461 ,
        38.66490946, 38.60266187, 38.54054139, 38.47861225, 38.41680549,
        38.35479284, 38.2937885 , 38.23345479, 38.17385099, 38.11531358,
        38.05786146, 38.00179426, 37.94760422, 37.89595022, 37.84855689,
        37.80786687, 37.77822977, 37.76932625, 37.80667011, 38.01362845,
        37.55198274, 37.20321818, 37.02461045, 36.89250687, 36.78125644,
        36.68133251, 36.58857249, 36.50069838, 36.41622632, 36.33435383,
        36.25433099, 36.17564456, 36.09779855, 36.02067309, 35.94413018,
        35.86805112, 35.79236128, 35.71701289, 35.64192538, 35.56701677,
        35.49224223, 35.41752507, 35.34283584, 35.26817833, 35.1935133 ,
        35.11894772, 35.04454093, 34.97032409, 34.89639142, 34.82285219,
        34.74968483, 34.67702484, 34.60493154, 34.53345073, 34.46272539,
        34.39323663, 34.32469512, 34.25591866, 34.18679546, 34.11781305,
        34.04897564, 33.98035695, 33.91192508, 33.84365956, 33.77550389,
        33.70743547, 33.63937956, 33.57146616, 33.50358649, 33.43567521,
        33.36775603, 33.29985768, 33.2318348 , 33.16373699, 33.09552008,
        33.02715687, 32.95871042, 32.89020808, 32.82144867, 32.75251501,
        32.6834493 , 32.61429385, 32.54501574, 32.47564346, 32.40611453,
        32.33648235, 32.26676071, 32.19694626, 32.12702442, 32.0570859 ,
        31.98719486, 31.9174314 , 31.84790431, 31.77869133, 31.70979708,
        31.6413206 , 31.57335048, 31.50589205, 31.43901555, 31.37283055,
        31.30727787, 31.24248586, 31.17853005, 31.11557844, 31.05323944,
        30.99169829, 30.93140516, 30.87229731, 30.81449323, 30.75810643,
        30.70335296, 30.65049252, 30.59973033, 30.55140008, 30.50592458,
        30.46376135, 30.42555587, 30.39218369, 30.36404415, 30.34204246,
        30.32770069, 30.32331997, 30.33241427, 30.36067547, 30.41839811,
        30.52719632, 30.74536362, 31.35080724]]), 'max_oct': np.float64(421.4437214347587)}"
13,43,13,43,66.5,1,1,66.5,"{'P_opt': np.float64(-13.200000000000003), 'gsnr': array([[32.61564065, 32.59658002, 32.58598387, 32.57827311, 32.57189462,
        32.56629419, 32.56120529, 32.55647732, 32.55201153, 32.54774627,
        32.54363588, 32.53964601, 32.5357404 , 32.53190679, 32.52813232,
        32.52440195, 32.52070658, 32.51703932, 32.51338982, 32.50975552,
        32.50613283, 32.50251663, 32.49890205, 32.4952888 , 32.49166962,
        32.48803922, 32.48439574, 32.4807344 , 32.47704695, 32.47333075,
        32.46956388, 32.46560309, 32.46177034, 32.45792752, 32.45405687,
        32.45016147, 32.44624193, 32.44229985, 32.43834139, 32.4343712 ,
        32.43039156, 32.42640825, 32.42241782, 32.41842078, 32.4144173 ,
        32.41040718, 32.40638829, 32.40235888, 32.39831544, 32.39425415,
        32.39016519, 32.38595817, 32.3818394 , 32.37771607, 32.37357831,
        32.3694199 , 32.36523806, 32.36103376, 32.35680189, 32.35254328,
        32.34825523, 32.34393358, 32.33957725, 32.33518818, 32.33076431,
        32.32630829, 32.32182118, 32.31730504, 32.31276384, 32.30821295,
        32.30364615, 32.29906072, 32.29432352, 32.28986253, 32.28559923,
        32.28167851, 32.27839119, 32.27635383, 32.27721112, 32.28849615,
        32.69215819, 32.66391196, 32.64776693, 32.63499609, 32.62370051,
        32.61317031, 32.60306527, 32.59321471, 32.5834962 , 32.57383814,
        32.56418982, 32.55451129, 32.54475817, 32.53492459, 32.52499679,
        32.51496115, 32.50481038, 32.49454143, 32.48414124, 32.47361119,
        32.46294654, 32.45213518, 32.44117723, 32.43007534, 32.41881303,
        32.40739622, 32.39582262, 32.38408619, 32.37218862, 32.36013816,
        32.34792089, 32.33554284, 32.3230067 , 32.31030272, 32.29738942,
        32.28407214, 32.27086343, 32.25755353, 32.24409721, 32.23049287,
        32.21672727, 32.20280623, 32.18871993, 32.17446536, 32.1600318 ,
        32.14542139, 32.13061956, 32.11563428, 32.10046593, 32.08511554,
        32.0695832 , 32.05388438, 32.037998  , 32.02192813, 32.00567278,
        31.98920888, 31.97245274, 31.95565085, 31.93870616, 31.92160377,
        31.90435072, 31.88694306, 31.86939032, 31.85171205, 31.83391244,
        31.81600746, 31.79799712, 31.7798091 , 31.76176647, 31.74386827,
        31.72609862, 31.70854173, 31.69135144, 31.67476543, 31.6591314 ,
        31.64517759, 31.63434084, 31.62928951, 31.63724612, 31.69172905,
        30.44349586, 30.35920207, 30.312823  , 30.27694703, 30.24571821,
        30.2169539 , 30.18961314, 30.16321872, 30.13738055, 30.11192433,
        30.08666753, 30.06147831, 30.03618387, 30.01080034, 29.98528813,
        29.95960487, 29.93373097, 29.90765958, 29.88136005, 29.85480882,
        29.82798647, 29.80086591, 29.77343477, 29.74568891, 29.71761523,
        29.68925702, 29.66063881, 29.63177556, 29.60270455, 29.57346644,
        29.54404831, 29.5145005 , 29.48484309, 29.45508469, 29.42524784,
        29.3953355 , 29.36533043, 29.33523081, 29.30504903, 29.27482406,
        29.24475853, 29.21476904, 29.18427511, 29.1532028 , 29.12178214,
        29.09005606, 29.05801102, 29.02571491, 28.99312355, 28.96020731,
        28.92697792, 28.89344967, 28.8595531 , 28.82530857, 28.79069402,
        28.75569406, 28.72033865, 28.68463985, 28.64849336, 28.61193505,
        28.57498635, 28.53766794, 28.49996025, 28.4618749 , 28.42337701,
        28.38449263, 28.3452286 , 28.30558104, 28.26553994, 28.22515366,
        28.18445857, 28.14350073, 28.10234308, 28.06103249, 28.01957509,
        27.9780324 , 27.93646298, 27.89487696, 27.85332365, 27.81187556,
        27.77050597, 27.72929844, 27.68830876, 27.64764723, 27.60709422,
        27.56677662, 27.52697413, 27.48766433, 27.44893594, 27.41087657,
        27.37363983, 27.33740925, 27.30233594, 27.26865388, 27.23665927,
        27.2066735 , 27.1791486 , 27.15467463, 27.13351649, 27.11625679,
        27.10389312, 27.09792634, 27.10062973, 27.11564587, 27.14947841,
        27.21555759, 27.34916103, 27.7119467 ]]), 'osnr': array([[32.88544355, 32.88366931, 32.88190042, 32.88013381, 32.87836866,
        32.87660464, 32.87484162, 32.87307951, 32.87131825, 32.86955782,
        32.86779818, 32.86603932, 32.86428121, 32.86252386, 32.86076724,
        32.85901136, 32.8572562 , 32.85550176, 32.85374804, 32.85199504,
        32.85024274, 32.84849116, 32.84674027, 32.8449901 , 32.84324062,
        32.84149183, 32.83974374, 32.83799634, 32.83624963, 32.8345036 ,
        32.83275824, 32.83101347, 32.82926946, 32.82752615, 32.82578352,
        32.82404157, 32.82230031, 32.82055972, 32.81881982, 32.81708061,
        32.81534209, 32.81360425, 32.81186711, 32.81013065, 32.80839488,
        32.80665979, 32.80492539, 32.80319167, 32.80145863, 32.79972628,
        32.79799459, 32.79626352, 32.79453319, 32.79280354, 32.79107456,
        32.78934626, 32.78761864, 32.78589168, 32.78416538, 32.78243976,
        32.7807148 , 32.7789905 , 32.77726686, 32.77554388, 32.77382156,
        32.77209991, 32.77037891, 32.76865857, 32.76693889, 32.76521989,
        32.76350155, 32.76178388, 32.76006679, 32.75835054, 32.75663507,
        32.75492049, 32.75320695, 32.75149483, 32.74978509, 32.74808219,
        33.23781506, 33.23609485, 33.2343818 , 33.23267123, 33.23096211,
        33.22925406, 33.22754689, 33.22584053, 33.22413489, 33.22242993,
        33.22072564, 33.21902198, 33.21731893, 33.21561649, 33.21391465,
        33.2122134 , 33.21051273, 33.20881265, 33.20711314, 33.2054142 ,
        33.20371583, 33.20201802, 33.20032078, 33.19862409, 33.19692796,
        33.19523237, 33.19353734, 33.19184285, 33.19014891, 33.18845551,
        33.18676266, 33.18507034, 33.18337857, 33.18168733, 33.1799966 ,
        33.17830626, 33.17661661, 33.17492753, 33.17323899, 33.17155098,
        33.16986351, 33.16817656, 33.16649014, 33.16480423, 33.16311884,
        33.16143396, 33.15974958, 33.1580657 , 33.15638232, 33.15469944,
        33.15301706, 33.15133519, 33.14965381, 33.14797293, 33.14629253,
        33.1446126 , 33.14293309, 33.14125415, 33.13957573, 33.13789779,
        33.13622036, 33.13454343, 33.13286699, 33.13119106, 33.12951565,
        33.12784076, 33.12616638, 33.12449248, 33.12281926, 33.12114672,
        33.11947485, 33.11780372, 33.11613341, 33.11446411, 33.11279604,
        33.11112972, 33.10946615, 33.10780716, 33.10615772, 33.10454057,
        31.59452735, 31.59280105, 31.59110926, 31.5894275 , 31.58775048,
        31.58607622, 31.58440376, 31.58273267, 31.58106259, 31.57939336,
        31.5777248 , 31.57605679, 31.57438915, 31.5727219 , 31.57105499,
        31.56938838, 31.56772205, 31.56605598, 31.56439013, 31.56272448,
        31.561059  , 31.55939365, 31.55772842, 31.55606329, 31.55439824,
        31.55273331, 31.55106851, 31.54940386, 31.54773939, 31.54607513,
        31.54441108, 31.54274727, 31.54108373, 31.53942045, 31.53775747,
        31.53609478, 31.53443236, 31.5327702 , 31.53110832, 31.52944674,
        31.52778572, 31.52612515, 31.52446433, 31.52280316, 31.5211419 ,
        31.5194806 , 31.51781922, 31.51615784, 31.5144964 , 31.51283484,
        31.51117317, 31.50951139, 31.50784941, 31.50618723, 31.50452481,
        31.50286212, 31.50119918, 31.499536  , 31.4978724 , 31.49620844,
        31.49454411, 31.49287943, 31.49121435, 31.48954887, 31.48788292,
        31.48621652, 31.48454966, 31.48288232, 31.48121445, 31.47954611,
        31.47787733, 31.47620818, 31.47453871, 31.472869  , 31.47119905,
        31.46952892, 31.46785872, 31.46618845, 31.46451817, 31.46284801,
        31.46117793, 31.45950805, 31.45783847, 31.45616939, 31.45449959,
        31.45283098, 31.45116322, 31.44949628, 31.44783034, 31.44616558,
        31.44450231, 31.4428409 , 31.44118167, 31.4395251 , 31.43787181,
        31.43622248, 31.43457805, 31.43293974, 31.43130814, 31.4296845 ,
        31.42807083, 31.42647014, 31.4248869 , 31.42332815, 31.42180616,
        31.42034558, 31.41900874, 31.41806281]]), 'snr_nli': array([[44.81722068, 44.53700709, 44.39925259, 44.30810651, 44.23813668,
        44.18040474, 44.13065926, 44.08652072, 44.04644927, 44.00948539,
        43.97492699, 43.94225131, 43.91092509, 43.88075705, 43.85155303,
        43.82309411, 43.79524686, 43.76790974, 43.74093813, 43.71429322,
        43.68792308, 43.6617574 , 43.63573054, 43.60983695, 43.58398199,
        43.55809822, 43.53216262, 43.50611648, 43.47985792, 43.45335795,
        43.4263478 , 43.3970617 , 43.36950432, 43.3419559 , 43.31420067,
        43.28627998, 43.25820488, 43.22999751, 43.20173447, 43.17347244,
        43.14523906, 43.11710249, 43.08902138, 43.06100171, 43.0330451 ,
        43.00514892, 42.97728862, 42.94944464, 42.92157769, 42.89364609,
        42.86554212, 42.83626714, 42.80811623, 42.7800538 , 42.7519716 ,
        42.72380311, 42.6955206 , 42.66713707, 42.63860043, 42.60992282,
        42.58107885, 42.55202861, 42.52276496, 42.49331258, 42.46365433,
        42.43382181, 42.40382954, 42.37370215, 42.34348285, 42.31332804,
        42.28317539, 42.25299905, 42.22149152, 42.19285935, 42.16629223,
        42.14316157, 42.12622817, 42.12137662, 42.1445008 , 42.27043775,
        41.97077734, 41.74935728, 41.63208581, 41.54359825, 41.46787884,
        41.39901687, 41.3342117 , 41.27206257, 41.2115902 , 41.15222743,
        41.09358192, 41.03535431, 40.9772275 , 40.91916335, 40.86107189,
        40.80286786, 40.74451206, 40.68599502, 40.62724256, 40.56827714,
        40.50908119, 40.44959188, 40.38982543, 40.32981316, 40.26946884,
        40.20884505, 40.14794355, 40.08674408, 40.02527254, 39.96359176,
        39.90163558, 39.83945341, 39.77707409, 39.71445681, 39.65139041,
        39.5868507 , 39.52361641, 39.4605482 , 39.39741186, 39.3342075 ,
        39.27087627, 39.2074576 , 39.14391172, 39.0802341 , 39.0163831 ,
        38.95238069, 38.88816878, 38.82379763, 38.75928016, 38.6946318 ,
        38.62986318, 38.56505325, 38.50011588, 38.43507867, 38.369942  ,
        38.30461607, 38.23875854, 38.17342395, 38.10819894, 38.0430242 ,
        37.9779318 , 37.91290838, 37.84799453, 37.78326816, 37.71874438,
        37.65448269, 37.59047944, 37.52645955, 37.46362805, 37.40194928,
        37.3413349 , 37.28206108, 37.22464281, 37.16987398, 37.11890976,
        37.07420053, 37.04060079, 37.02717368, 37.0589069 , 37.25600231,
        36.77327913, 36.42751449, 36.24786242, 36.11358758, 35.99968213,
        35.89696643, 35.80111263, 35.71010705, 35.62237134, 35.53717158,
        35.45378685, 35.37170673, 35.29030996, 35.20963146, 35.12952218,
        35.0498312 , 34.97048741, 34.89146296, 34.81265718, 34.73399577,
        34.65542032, 34.57685207, 34.49825947, 34.41963641, 34.34095109,
        34.26233459, 34.18385873, 34.10556528, 34.02755568, 33.94993602,
        33.87266249, 33.79586249, 33.71957758, 33.64381744, 33.56862731,
        33.49400024, 33.41987807, 33.34624374, 33.27311612, 33.20057893,
        33.12911255, 33.0584868 , 32.98728766, 32.91535709, 32.84325866,
        32.77109884, 32.69884956, 32.62667018, 32.55445999, 32.4821544 ,
        32.40978335, 32.33738125, 32.26479791, 32.19208319, 32.11919399,
        32.04610277, 31.97287881, 31.89955142, 31.82590709, 31.75202828,
        31.67796503, 31.60376414, 31.52938995, 31.45487008, 31.38013924,
        31.30525363, 31.23023011, 31.15506437, 31.07974038, 31.00435322,
        30.92897222, 30.85368261, 30.77859806, 30.70379915, 30.62928977,
        30.55517379, 30.48154674, 30.40841499, 30.33585418, 30.26397859,
        30.19272631, 30.1222284 , 30.05256476, 29.98390669, 29.91586096,
        29.8486282 , 29.78266279, 29.71790352, 29.65447567, 29.59250039,
        29.53220528, 29.47386281, 29.41768833, 29.3640285 , 29.31332565,
        29.26605724, 29.22290515, 29.18476581, 29.15201317, 29.12552871,
        29.10685344, 29.09833028, 29.10354348, 29.12830127, 29.1831116 ,
        29.29003325, 29.50837994, 30.12267036]]), 'max_oct': np.float64(412.2075596154676)}"
17,30,17,30,122.4,2,2,61.2,"{'P_opt': np.float64(-12.440000000000003), 'gsnr': array([[33.3660116 , 33.34478649, 33.33349147, 33.32518417, 33.31833304,
        33.3123411 , 33.30691556, 33.30189035, 33.2971567 , 33.2926464 ,
        33.28830912, 33.28410697, 33.28000023, 33.27597527, 33.27201775,
        33.26811128, 33.26424579, 33.26041362, 33.25660351, 33.25281253,
        33.24903667, 33.24527032, 33.24150819, 33.2377499 , 33.23398754,
        33.23021537, 33.22643112, 33.22262903, 33.21879802, 33.21492261,
        33.21082825, 33.20689151, 33.20294666, 33.19897767, 33.194978  ,
        33.19095303, 33.18690385, 33.18283228, 33.17874466, 33.17464586,
        33.1705381 , 33.16642753, 33.16231035, 33.15818712, 33.15405801,
        33.14992278, 33.14577891, 33.14162422, 33.13745352, 33.1332542 ,
        33.12891681, 33.12469529, 33.12047207, 33.11623521, 33.11198291,
        33.10771017, 33.10341469, 33.09909798, 33.09475487, 33.09038654,
        33.08599042, 33.08156238, 33.07710156, 33.0726105 , 33.06808744,
        33.06353576, 33.05895727, 33.05435503, 33.04973422, 33.04511291,
        33.04048565, 33.03585158, 33.03105262, 33.0265886 , 33.02236309,
        33.01854219, 33.01545661, 33.01380693, 33.01546157, 33.0289815 ,
        33.42902154, 33.39786819, 33.38044077, 33.3668509 , 33.35494814,
        33.34392893, 33.33340889, 33.32319495, 33.31314951, 33.30319209,
        33.29326591, 33.28332656, 33.27332522, 33.26325521, 33.25310129,
        33.24284872, 33.23248959, 33.22202044, 33.2114275 , 33.20071225,
        33.18986967, 33.17888731, 33.16776528, 33.15650653, 33.1450941 ,
        33.13353441, 33.12182531, 33.10996059, 33.09794169, 33.08577655,
        33.07344855, 33.06095822, 33.04827693, 33.03516102, 33.02218983,
        33.00913314, 32.99594863, 32.98263035, 32.96916536, 32.95555872,
        32.94179918, 32.9278942 , 32.91383443, 32.89961774, 32.88523369,
        32.87068515, 32.85595758, 32.84105979, 32.82599198, 32.81075533,
        32.79535009, 32.77979102, 32.76405372, 32.74812646, 32.73191346,
        32.71566165, 32.69927342, 32.68274983, 32.66607732, 32.64925994,
        32.63230836, 32.61521983, 32.59800379, 32.58067688, 32.56322109,
        32.5455459 , 32.52798213, 32.51044198, 32.49294571, 32.47559083,
        32.45838836, 32.44141945, 32.42479532, 32.40891342, 32.39409721,
        32.38112301, 32.37131165, 32.36754991, 32.3773036 , 32.4353906 ,
        31.19544529, 31.10961149, 31.06306445, 31.02743889, 30.99666065,
        30.9684329 , 30.94175142, 30.91606146, 30.89099631, 30.86636228,
        30.84196958, 30.81768419, 30.79334919, 30.76895625, 30.74447   ,
        30.7198549 , 30.69509071, 30.67016618, 30.64505902, 30.61973856,
        30.59418365, 30.56837338, 30.54230173, 30.51596919, 30.48935945,
        30.46250978, 30.43543964, 30.40816039, 30.38070672, 30.35312027,
        30.32539656, 30.29758893, 30.26972444, 30.24182598, 30.21395457,
        30.18630582, 30.15877771, 30.13091178, 30.10265888, 30.07421202,
        30.04557418, 30.01677638, 29.98780731, 29.95865984, 29.92931149,
        29.89975322, 29.86995363, 29.83996811, 29.80975054, 29.77927215,
        29.74854256, 29.71757389, 29.68630075, 29.65474363, 29.62288116,
        29.59069909, 29.55822472, 29.52546945, 29.49233752, 29.45886501,
        29.42507004, 29.39097126, 29.35655154, 29.32182319, 29.28675418,
        29.25136918, 29.21567391, 29.1796656 , 29.14333582, 29.10673009,
        29.06988174, 29.03283344, 28.99564427, 28.9583585 , 28.92098264,
        28.88357398, 28.84618566, 28.80882676, 28.77154206, 28.73439887,
        28.69737249, 28.66054197, 28.62395852, 28.58772677, 28.55163365,
        28.51579285, 28.48047258, 28.44564911, 28.41140345, 28.37781499,
        28.34502458, 28.31320098, 28.28248306, 28.25308784, 28.22528841,
        28.19938153, 28.17578031, 28.15503879, 28.13742555, 28.12351376,
        28.11425139, 28.11105681, 28.11607377, 28.1327337 , 28.16715638,
        28.23196217, 28.36024139, 28.70317569]]), 'osnr': array([[33.64945662, 33.64768289, 33.64591445, 33.64414809, 33.64238313,
        33.64061927, 33.63885639, 33.6370944 , 33.63533327, 33.63357295,
        33.63181342, 33.63005466, 33.62829665, 33.6265394 , 33.62478288,
        33.6230271 , 33.62127204, 33.6195177 , 33.61776408, 33.61601117,
        33.61425898, 33.61250749, 33.61075671, 33.60900664, 33.60725727,
        33.60550859, 33.60376061, 33.60201332, 33.60026672, 33.5985208 ,
        33.59677547, 33.59503091, 33.59328705, 33.59154387, 33.58980138,
        33.58805957, 33.58631845, 33.584578  , 33.58283825, 33.58109918,
        33.57936081, 33.57762312, 33.57588613, 33.57414982, 33.5724142 ,
        33.57067926, 33.56894502, 33.56721146, 33.56547857, 33.56374637,
        33.56201478, 33.56028394, 33.55855378, 33.5568243 , 33.5550955 ,
        33.55336737, 33.55163992, 33.54991314, 33.54818703, 33.54646159,
        33.54473682, 33.54301272, 33.54128928, 33.5395665 , 33.53784439,
        33.53612295, 33.53440217, 33.53268205, 33.53096261, 33.52924384,
        33.52752574, 33.52580832, 33.52409149, 33.5223755 , 33.5206603 ,
        33.51894598, 33.5172327 , 33.51552081, 33.51381125, 33.51210827,
        34.0018435 , 34.00012421, 33.9984118 , 33.9967018 , 33.99499322,
        33.99328571, 33.99157908, 33.98987325, 33.98816815, 33.98646375,
        33.98476002, 33.98305694, 33.98135448, 33.97965265, 33.97795142,
        33.9762508 , 33.97455079, 33.97285137, 33.97115254, 33.96945429,
        33.96775664, 33.96605957, 33.96436307, 33.96266716, 33.96097181,
        33.95927703, 33.95758283, 33.95588919, 33.95419611, 33.95250361,
        33.95081166, 33.94912026, 33.94742941, 33.94573898, 33.94404926,
        33.94236012, 33.94067156, 33.93898356, 33.93729611, 33.93560923,
        33.93392289, 33.93223711, 33.93055187, 33.92886718, 33.92718303,
        33.92549942, 33.92381633, 33.92213378, 33.92045176, 33.91877027,
        33.91708931, 33.91540888, 33.91372897, 33.91204958, 33.91037064,
        33.9086923 , 33.90701449, 33.90533722, 33.90366047, 33.90198425,
        33.90030857, 33.89863341, 33.89695879, 33.8952847 , 33.89361114,
        33.89193806, 33.89026564, 33.88859383, 33.88692265, 33.88525213,
        33.8835823 , 33.8819132 , 33.8802449 , 33.87857761, 33.87691154,
        33.87524714, 33.87358518, 33.87192735, 33.87027797, 33.86865694,
        32.35866162, 32.35694613, 32.35526083, 32.3535844 , 32.35191221,
        32.35024251, 32.34857454, 32.34690786, 32.34524219, 32.34357738,
        32.34191328, 32.34024977, 32.33858674, 32.33692416, 32.33526202,
        32.33360027, 32.33193889, 32.33027788, 32.32861721, 32.32695685,
        32.32529677, 32.32363696, 32.3219774 , 32.32031809, 32.318659  ,
        32.31700017, 32.31534161, 32.31368333, 32.31202534, 32.31036768,
        32.30871035, 32.3070534 , 32.30539683, 32.30374068, 32.302085  ,
        32.30042997, 32.2987755 , 32.29712115, 32.29546685, 32.2938128 ,
        32.29215899, 32.29050543, 32.28885213, 32.28719906, 32.28554619,
        32.28389352, 32.282241  , 32.28058868, 32.27893652, 32.27728446,
        32.27563252, 32.2739807 , 32.27232892, 32.2706772 , 32.2690255 ,
        32.26737379, 32.2657221 , 32.26407044, 32.26241868, 32.26076684,
        32.25911495, 32.25746302, 32.255811  , 32.2541589 , 32.25250668,
        32.25085435, 32.24920191, 32.24754933, 32.2458966 , 32.24424376,
        32.24259083, 32.24093787, 32.23928492, 32.23763205, 32.23597926,
        32.2343266 , 32.23267415, 32.23102191, 32.22936994, 32.22771833,
        32.22606704, 32.22441618, 32.22276583, 32.22111614, 32.21946595,
        32.21781715, 32.21616926, 32.21452226, 32.21287628, 32.21123146,
        32.20958801, 32.20794621, 32.2063063 , 32.20466862, 32.20303363,
        32.20140182, 32.19977387, 32.19815067, 32.19653271, 32.19492091,
        32.1933168 , 32.19172261, 32.19014166, 32.18857917, 32.18704428,
        32.18555528, 32.18415856, 32.18305311]]), 'snr_nli': array([[45.36011827, 45.06025652, 44.91918001, 44.82411754, 44.7510724 ,
        44.69086944, 44.6390653 , 44.59316485, 44.55155577, 44.51322949,
        44.47745063, 44.44367137, 44.41133754, 44.38024674, 44.35019305,
        44.32095029, 44.29237767, 44.26436825, 44.23677221, 44.20954725,
        44.18263826, 44.15597183, 44.12947983, 44.10315566, 44.07690111,
        44.05064674, 44.02436561, 43.99798998, 43.97139038, 43.94438766,
        43.91493688, 43.88748178, 43.86006331, 43.83249635, 43.80470866,
        43.77676614, 43.74868451, 43.72048721, 43.69224839, 43.66402391,
        43.63583907, 43.60776185, 43.57974951, 43.55180789, 43.52393818,
        43.49613761, 43.46837841, 43.44063743, 43.41285971, 43.38491299,
        43.35564796, 43.32774705, 43.29996371, 43.27217326, 43.24435782,
        43.21646726, 43.18848005, 43.16041383, 43.13221844, 43.10390851,
        43.07546109, 43.04683821, 43.01803506, 42.98908024, 42.95995995,
        42.93071055, 42.9013524 , 42.87191756, 42.84245758, 42.81314474,
        42.78392613, 42.75479284, 42.72427163, 42.69701672, 42.67208831,
        42.65097918, 42.63667279, 42.63553103, 42.66475525, 42.80553779,
        42.50993148, 42.27554845, 42.15392497, 42.0634365 , 41.98677856,
        41.91757195, 41.85279974, 41.79095068, 41.73097359, 41.67225873,
        41.61438463, 41.55703107, 41.49986238, 41.442834  , 41.38584759,
        41.32881227, 41.27168435, 41.2144502 , 41.15703264, 41.09945178,
        41.04168739, 40.98367549, 40.92542992, 40.86698077, 40.80824089,
        40.74926202, 40.69004491, 40.63056762, 40.57085189, 40.51095481,
        40.45079684, 40.39039478, 40.32960895, 40.26716968, 40.2061654 ,
        40.14536448, 40.08454925, 40.02369556, 39.96274506, 39.90173131,
        39.84060638, 39.77941531, 39.71812049, 39.65672035, 39.59517451,
        39.53350599, 39.47165707, 39.40967868, 39.34758078, 39.28537747,
        39.22307826, 39.16075512, 39.09830899, 39.03569867, 38.97253132,
        38.90985714, 38.8472634 , 38.78475648, 38.72228361, 38.65986437,
        38.59754363, 38.53531199, 38.47320744, 38.41129396, 38.34950161,
        38.28749132, 38.22650166, 38.16618345, 38.10659438, 38.04806865,
        37.99061888, 37.93450588, 37.88008706, 37.82870482, 37.78140527,
        37.74076451, 37.71117071, 37.70232239, 37.7397464 , 37.94690702,
        37.48531789, 37.13637538, 36.95771239, 36.82558329, 36.71432312,
        36.61439518, 36.52163951, 36.43377316, 36.34931296, 36.2674598 ,
        36.18747129, 36.10883162, 36.03097425, 35.95384983, 35.87732317,
        35.80126457, 35.72559904, 35.6502831 , 35.57524067, 35.50037327,
        35.42561565, 35.35090604, 35.27622958, 35.2015911 , 35.12694628,
        35.05240678, 34.97802862, 34.90384252, 34.82994272, 34.75643856,
        34.68330889, 34.61068937, 34.5386398 , 34.46720658, 34.39653392,
        34.32710945, 34.25863796, 34.18992826, 34.12086521, 34.05194271,
        33.98316622, 33.9146097 , 33.84624144, 33.77804091, 33.70995157,
        33.64195061, 33.57396349, 33.50611996, 33.4383113 , 33.37047202,
        33.30262587, 33.23480127, 33.16685297, 33.0988303 , 33.03068908,
        32.96240209, 32.89403247, 32.82560722, 32.75692536, 32.68806944,
        32.6190819 , 32.55000491, 32.48080573, 32.41151263, 32.34206328,
        32.27251091, 32.2028694 , 32.13313531, 32.06329423, 31.99343689,
        31.92362773, 31.85394706, 31.78450394, 31.71537623, 31.64656882,
        31.57818088, 31.51030106, 31.44293488, 31.37615274, 31.31006398,
        31.24460986, 31.17991849, 31.11606551, 31.05321907, 30.99098737,
        30.92955554, 30.86937409, 30.81038023, 30.75269241, 30.69642435,
        30.64179227, 30.58905591, 30.53842088, 30.49022104, 30.44487949,
        30.40285408, 30.36479119, 30.33156516, 30.30357629, 30.28172857,
        30.26754374, 30.26332229, 30.27257674, 30.30099508, 30.3588602 ,
        30.46773991, 30.68556538, 31.28975314]]), 'max_oct': np.float64(422.6564917289699)}"
43,46,43,46,365.4,5,5,73.08,"{'P_opt': np.float64(-14.116000000000001), 'gsnr': array([[31.70257027, 31.68544088, 31.67600986, 31.66890916, 31.66276557,
        31.65749979, 31.65271265, 31.64825154, 31.64402449, 31.63997546,
        31.63606302, 31.63225622, 31.62852203, 31.62484957, 31.62122752,
        31.61764202, 31.61408502, 31.61055035, 31.60702856, 31.60351751,
        31.60001397, 31.59651332, 31.59301111, 31.5895071 , 31.58599467,
        31.5824689 , 31.57892819, 31.57536844, 31.57178274, 31.56817109,
        31.56452618, 31.56084137, 31.55710203, 31.55318884, 31.5493796 ,
        31.54556186, 31.54172328, 31.5378629 , 31.53398609, 31.53009698,
        31.52619778, 31.5222939 , 31.51838208, 31.51446277, 31.51053609,
        31.50660174, 31.50265788, 31.49870283, 31.49473361, 31.49074774,
        31.48674339, 31.48271261, 31.4785685 , 31.47449642, 31.47041775,
        31.46631881, 31.46219549, 31.45804796, 31.45387102, 31.44966514,
        31.44542742, 31.44115367, 31.43684252, 31.43249534, 31.42810974,
        31.42368765, 31.41922937, 31.41473602, 31.41021055, 31.40566629,
        31.40109832, 31.39651537, 31.39192267, 31.38722363, 31.38281803,
        31.3787062 , 31.37512276, 31.37259283, 31.37252363, 31.3813616 ,
        31.78698681, 31.7617324 , 31.7468514 , 31.73485056, 31.72409817,
        31.71398389, 31.70421429, 31.69464243, 31.6851619 , 31.67571042,
        31.66624369, 31.65672646, 31.64711889, 31.63741593, 31.62760533,
        31.61767447, 31.60761666, 31.59742923, 31.58709964, 31.57662916,
        31.56601322, 31.55523985, 31.54430908, 31.53322315, 31.52196576,
        31.51054213, 31.49894955, 31.4871817 , 31.47524006, 31.46313242,
        31.45084552, 31.4383854 , 31.42575569, 31.41295059, 31.3999557 ,
        31.38674716, 31.37312711, 31.35958504, 31.3459182 , 31.33209507,
        31.31809727, 31.30392821, 31.28957715, 31.27503991, 31.26030511,
        31.24537403, 31.23023165, 31.21488492, 31.19933435, 31.18358052,
        31.16762272, 31.15147662, 31.13512137, 31.11856111, 31.10179657,
        31.08482154, 31.06763257, 31.05022629, 31.03251338, 31.01471721,
        30.99676804, 30.97864112, 30.96034168, 30.94188756, 30.92328284,
        30.90454702, 30.88570488, 30.86677854, 30.84780355, 30.82884651,
        30.80982339, 30.79109098, 30.77270663, 30.75486857, 30.73791681,
        30.72259895, 30.71017239, 30.70324744, 30.70879058, 30.75919856,
        29.50684177, 29.42314722, 29.37616795, 29.339301  , 29.30692676,
        29.27688642, 29.24816879, 29.22033553, 29.19300889, 29.16598792,
        29.13909634, 29.11221419, 29.08516726, 29.05799313, 29.03062784,
        29.00301121, 28.9751433 , 28.94703398, 28.91863455, 28.88991715,
        28.86086183, 28.83144725, 28.80166779, 28.77150556, 28.74093344,
        28.71000604, 28.67874863, 28.64717363, 28.61532001, 28.58323453,
        28.55090618, 28.51838801, 28.48570495, 28.45286876, 28.41990317,
        28.38680759, 28.3535502 , 28.3201169 , 28.28650029, 28.25268647,
        28.2186295 , 28.18434724, 28.14982169, 28.11504413, 28.07999668,
        28.0446906 , 28.00915673, 27.97378891, 27.93838161, 27.90218612,
        27.86510223, 27.82749102, 27.78934751, 27.75071933, 27.71159586,
        27.67196657, 27.63187036, 27.59132358, 27.55020791, 27.50856087,
        27.46641031, 27.4237813 , 27.38065031, 27.33702851, 27.292876  ,
        27.24822193, 27.20307516, 27.15743024, 27.11127425, 27.06466071,
        27.01763106, 26.97023706, 26.92254807, 26.8746152 , 26.82644345,
        26.77810146, 26.7296571 , 26.68112186, 26.63255276, 26.58403134,
        26.53552663, 26.48713   , 26.43890489, 26.39097086, 26.34309785,
        26.29543515, 26.24828153, 26.20161678, 26.15554261, 26.11016022,
        26.06564461, 26.022204  , 25.98000938, 25.93932265, 25.90047819,
        25.86383769, 25.82991794, 25.79936719, 25.77243826, 25.74972271,
        25.73229463, 25.72178478, 25.72067205, 25.73293568, 25.76569382,
        25.83367898, 25.97570436, 26.37051916]]), 'osnr': array([[31.96544449, 31.96366933, 31.96190008, 31.96013312, 31.95836751,
        31.95660322, 31.95483996, 31.95307763, 31.95131618, 31.94955556,
        31.94779574, 31.9460367 , 31.94427842, 31.94252089, 31.94076411,
        31.93900805, 31.93725273, 31.93549812, 31.93374423, 31.93199105,
        31.93023858, 31.92848682, 31.92673576, 31.9249854 , 31.92323573,
        31.92148676, 31.91973848, 31.91799089, 31.91624398, 31.91449774,
        31.91275219, 31.9110073 , 31.90926308, 31.90751943, 31.90577655,
        31.90403436, 31.90229284, 31.90055201, 31.89881186, 31.8970724 ,
        31.89533362, 31.89359553, 31.89185812, 31.8901214 , 31.88838537,
        31.88665002, 31.88491535, 31.88318137, 31.88144806, 31.87971543,
        31.87798347, 31.87625218, 31.87452149, 31.87279154, 31.87106227,
        31.86933367, 31.86760574, 31.86587847, 31.86415187, 31.86242592,
        31.86070064, 31.858976  , 31.85725203, 31.8555287 , 31.85380603,
        31.852084  , 31.85036263, 31.84864192, 31.84692185, 31.84520245,
        31.8434837 , 31.84176562, 31.84004821, 31.83833139, 31.83661546,
        31.83490042, 31.83318643, 31.83147388, 31.8297638 , 31.82806088,
        32.31778987, 32.31606833, 32.31435429, 32.31264282, 32.31093284,
        32.30922394, 32.30751592, 32.30580869, 32.30410217, 32.30239632,
        32.30069112, 32.29898653, 32.29728253, 32.29557911, 32.29387627,
        32.29217399, 32.29047227, 32.28877111, 32.2870705 , 32.28537043,
        32.2836709 , 32.2819719 , 32.28027344, 32.2785755 , 32.27687809,
        32.27518119, 32.27348481, 32.27178894, 32.27009358, 32.26839873,
        32.26670439, 32.26501055, 32.26331722, 32.26162439, 32.25993205,
        32.25824018, 32.25654863, 32.25485776, 32.25316741, 32.25147757,
        32.24978822, 32.24809936, 32.24641098, 32.24472308, 32.24303564,
        32.24134866, 32.23966213, 32.23797606, 32.23629043, 32.23460525,
        32.23292052, 32.23123625, 32.22955241, 32.22786901, 32.22618605,
        32.22450352, 32.2228214 , 32.22113971, 32.21945836, 32.21777753,
        32.21609716, 32.21441723, 32.21273774, 32.21105871, 32.20938012,
        32.20770201, 32.20602438, 32.20434725, 32.20267065, 32.20099463,
        32.19931912, 32.19764442, 32.19597058, 32.19429777, 32.19262628,
        32.19095675, 32.18929025, 32.18762904, 32.18597905, 32.18436751,
        30.6743236 , 30.67257978, 30.67087727, 30.66918658, 30.66750141,
        30.66581934, 30.66413923, 30.66246057, 30.66078293, 30.65910608,
        30.6574298 , 30.65575396, 30.65407834, 30.65240297, 30.65072777,
        30.64905266, 30.64737764, 30.6457027 , 30.64402778, 30.64235283,
        30.64067781, 30.63900269, 30.63732745, 30.63565205, 30.63397645,
        30.63230069, 30.63062481, 30.62894881, 30.62727273, 30.62559662,
        30.62392046, 30.62224431, 30.6205682 , 30.61889213, 30.61721614,
        30.61554021, 30.61386429, 30.61218836, 30.61051238, 30.60883634,
        30.60716014, 30.60548382, 30.60380732, 30.60213062, 30.60045368,
        30.5987765 , 30.59709912, 30.59542215, 30.59374527, 30.59206726,
        30.59038791, 30.58870778, 30.58702684, 30.58534514, 30.58366262,
        30.58197925, 30.58029506, 30.57861005, 30.57692399, 30.57523691,
        30.57354882, 30.57185974, 30.57016958, 30.56847834, 30.56678591,
        30.56509229, 30.56339748, 30.56170141, 30.56000403, 30.5583054 ,
        30.55660556, 30.55490458, 30.55320256, 30.55149957, 30.5497956 ,
        30.54809077, 30.54638518, 30.54467885, 30.54297188, 30.54126443,
        30.53955643, 30.53784806, 30.53613946, 30.53443091, 30.53272103,
        30.53101187, 30.52930328, 30.52759524, 30.52588801, 30.52418189,
        30.52247734, 30.52077493, 30.51907516, 30.51737878, 30.51568674,
        30.5140001 , 30.51232034, 30.51064932, 30.50898788, 30.50733778,
        30.50570204, 30.50408519, 30.50249399, 30.50093905, 30.49943893,
        30.49803081, 30.49680865, 30.49617433]]), 'snr_nli': array([[44.01370756, 43.75764014, 43.63402093, 43.54927966, 43.4804985 ,
        43.42582238, 43.3788439 , 43.33709479, 43.29909941, 43.26395884,
        43.23101637, 43.1997858 , 43.16976529, 43.14078013, 43.11265346,
        43.08517764, 43.05823047, 43.03171873, 43.00550589, 42.97955832,
        42.95382879, 42.92825171, 42.90276525, 42.87736539, 42.85196273,
        42.82649249, 42.8009351 , 42.77523843, 42.74931467, 42.72316769,
        42.69670684, 42.66985219, 42.64242268, 42.6129063 , 42.58486289,
        42.55685009, 42.52871324, 42.50044339, 42.47211008, 42.44376609,
        42.41543949, 42.38719675, 42.35899764, 42.33084769, 42.30274818,
        42.27469564, 42.24666808, 42.21864608, 42.19059524, 42.16248807,
        42.13430475, 42.10595565, 42.07644779, 42.04791531, 42.0194511 ,
        41.99090059, 41.96221975, 41.93341351, 41.90442724, 41.87526992,
        41.84591358, 41.81631664, 41.78646955, 41.75639221, 41.72606394,
        41.69551072, 41.6647406 , 41.63377037, 41.60263538, 41.57147803,
        41.540249  , 41.50904004, 41.47790515, 41.44586538, 41.416964  ,
        41.39115225, 41.37072638, 41.36085515, 41.37553736, 41.48048764,
        41.17819444, 40.97606549, 40.86567574, 40.78067012, 40.70689752,
        40.63912688, 40.57487178, 40.51289197, 40.45231299, 40.39262993,
        40.33349292, 40.27463358, 40.21576229, 40.15684966, 40.09781703,
        40.03858693, 39.97912602, 39.91943007, 39.85942888, 39.79914753,
        39.73857166, 39.67763996, 39.61637118, 39.55479747, 39.4928336 ,
        39.43053203, 39.36789435, 39.30490072, 39.24157915, 39.17799382,
        39.11408346, 39.04990117, 38.98548405, 38.9208147 , 38.85582884,
        38.79041341, 38.72351628, 38.65782393, 38.59222589, 38.52656058,
        38.46074213, 38.39480021, 38.32869181, 38.2624086 , 38.19590738,
        38.12920885, 38.06225433, 37.99509274, 37.92774045, 37.86021364,
        37.7925219 , 37.72474887, 37.65681045, 37.58873735, 37.52054409,
        37.45221443, 37.38374488, 37.31513237, 37.24601497, 37.17733924,
        37.10881144, 37.04033263, 36.97192797, 36.90367118, 36.83557886,
        36.76772629, 36.70020536, 36.63309384, 36.56651596, 36.50070503,
        36.43533465, 36.37168407, 36.30991001, 36.25066278, 36.19506811,
        36.14563609, 36.10657698, 36.08670673, 36.10995383, 36.29149345,
        35.78285547, 35.44361154, 35.26357252, 35.1269893 , 35.01008768,
        34.90389069, 34.80423636, 34.70927721, 34.6174975 , 34.52808027,
        34.44033939, 34.35381488, 34.26789254, 34.18267926, 34.09795015,
        34.01350366, 33.92933665, 33.84547621, 33.76176938, 33.67813332,
        33.59451267, 33.51085052, 33.42713836, 33.34333266, 33.25936597,
        33.17540231, 33.09151669, 33.00774544, 32.92419451, 32.84098545,
        32.75808192, 32.67561575, 32.59364031, 32.51217288, 32.4312599 ,
        32.35088516, 32.27095613, 32.19142719, 32.11227065, 32.03344433,
        31.95483194, 31.87647099, 31.7983143 , 31.72033768, 31.64249702,
        31.56481532, 31.48735808, 31.41098848, 31.33522837, 31.25844172,
        31.18044305, 31.10203384, 31.02321579, 30.9441002 , 30.86467395,
        30.7849245 , 30.70493989, 30.62475961, 30.54415356, 30.46320721,
        30.38198398, 30.30053969, 30.21883458, 30.13689634, 30.05465519,
        29.97217282, 29.88947108, 29.80654463, 29.72337452, 29.64006256,
        29.55668525, 29.47333485, 29.39013154, 29.30715956, 29.22442038,
        29.14202495, 29.06007943, 28.97859116, 28.89764389, 28.81735995,
        28.73767157, 28.65871463, 28.58057559, 28.50343001, 28.42688523,
        28.35116585, 28.27673083, 28.20352225, 28.13167617, 28.06132523,
        27.99271467, 27.92613664, 27.86182095, 27.80013354, 27.74154582,
        27.68656457, 27.63592606, 27.590558  , 27.55078661, 27.51745004,
        27.4921102 , 27.47716403, 27.47628965, 27.49545374, 27.54546205,
        27.64902439, 27.86728838, 28.49416984]]), 'max_oct': np.float64(399.0114158091771)}"
18,19,18,19,198.5,3,3,66.16666666666667,"{'P_opt': np.float64(-13.133333333333336), 'gsnr': array([[32.68007579, 32.66079335, 32.65008364, 32.64229804, 32.63586187,
        32.6302138 , 32.62508386, 32.62031953, 32.61582081, 32.61152526,
        32.60738665, 32.6033702 , 32.5994392 , 32.59558123, 32.59178329,
        32.58803012, 32.58431254, 32.58062355, 32.57695269, 32.57329737,
        32.56965393, 32.56601721, 32.56238229, 32.55874885, 32.55510957,
        32.55145911, 32.54779557, 32.54411416, 32.5404065 , 32.53666996,
        32.53288232, 32.52889747, 32.52504359, 32.52117974, 32.51728794,
        32.51337129, 32.5094304 , 32.50546685, 32.50148686, 32.49749512,
        32.49349392, 32.48948909, 32.48547714, 32.48145859, 32.47743361,
        32.473402  , 32.46936161, 32.46531069, 32.46124568, 32.45716273,
        32.4530519 , 32.448821  , 32.4446803 , 32.44053516, 32.43637561,
        32.43219534, 32.42799157, 32.4237653 , 32.41951136, 32.41523062,
        32.41092034, 32.40657637, 32.4021976 , 32.39778604, 32.39333962,
        32.38886106, 32.38435144, 32.37981292, 32.37524955, 32.37067695,
        32.36608889, 32.36148271, 32.35672264, 32.35224428, 32.34796724,
        32.3440385 , 32.340753  , 32.33873603, 32.33965553, 32.35115142,
        32.75407489, 32.72549669, 32.70918869, 32.69630256, 32.6849131 ,
        32.67430061, 32.66412024, 32.65419896, 32.64441272, 32.63468895,
        32.62497629, 32.61523429, 32.60541805, 32.5955216 , 32.58553103,
        32.57543257, 32.56521887, 32.55488684, 32.54442328, 32.53382963,
        32.52310108, 32.51222545, 32.50120288, 32.49003603, 32.47870833,
        32.46722576, 32.45558606, 32.44378317, 32.43181878, 32.41970128,
        32.40741659, 32.39497084, 32.38236678, 32.36959462, 32.35661265,
        32.34322306, 32.32994555, 32.31656708, 32.30304215, 32.28936918,
        32.27553485, 32.26154506, 32.24738996, 32.23306655, 32.21856407,
        32.20388472, 32.18901386, 32.17395956, 32.15872222, 32.14330289,
        32.12770173, 32.11193431, 32.09597945, 32.07984128, 32.06351786,
        32.04698608, 32.03016111, 32.01329219, 31.99628101, 31.97911271,
        31.96179442, 31.94432222, 31.92670576, 31.90896475, 31.89110346,
        31.87313806, 31.8550687 , 31.83682198, 31.81872404, 31.80077313,
        31.78295337, 31.76534909, 31.74811341, 31.73147384, 31.71574981,
        31.70185582, 31.69105783, 31.68607437, 31.69419273, 31.74918163,
        30.50277038, 30.41792812, 30.37127601, 30.33526117, 30.30391645,
        30.27504909, 30.24761678, 30.22113965, 30.19522455, 30.16969513,
        30.14436021, 30.11908983, 30.09375538, 30.06832776, 30.04276484,
        30.01703132, 29.9911086 , 29.96499017, 29.93864534, 29.91205061,
        29.88518645, 29.85802574, 29.83055602, 29.8027728 , 29.77466151,
        29.74626785, 29.71761938, 29.68873074, 29.65963663, 29.63037599,
        29.60093737, 29.57137156, 29.5416988 , 29.51192776, 29.48208101,
        29.4521615 , 29.42215192, 29.39205032, 29.36186875, 29.33164537,
        29.30157882, 29.27158207, 29.24109237, 29.21003262, 29.17862899,
        29.14692372, 29.114903  , 29.08263463, 29.05007441, 29.01719278,
        28.9840015 , 28.95051484, 28.91666341, 28.88246768, 28.84790561,
        28.81296185, 28.77766636, 28.74203121, 28.7059523 , 28.66946568,
        28.63259269, 28.59535398, 28.55773009, 28.51973278, 28.48132722,
        28.44253952, 28.40337649, 28.36383432, 28.32390311, 28.28363126,
        28.24305508, 28.20222062, 28.16119085, 28.12001261, 28.07869214,
        28.03729089, 27.99586728, 27.9544314 , 27.91303244, 27.87174278,
        27.83053574, 27.78949485, 27.74867575, 27.70818867, 27.66781372,
        27.62767727, 27.5880591 , 27.54893659, 27.51039817, 27.47253112,
        27.43548865, 27.39945378, 27.36457722, 27.33109244, 27.29929493,
        27.2695053 , 27.24217424, 27.21789096, 27.19692129, 27.17984863,
        27.16767005, 27.16188508, 27.16476485, 27.1799484 , 27.21393297,
        27.28013545, 27.41379797, 27.7764141 ]]), 'osnr': array([[32.95243414, 32.95065992, 32.94889103, 32.94712444, 32.94535929,
        32.94359528, 32.94183226, 32.94007015, 32.9383089 , 32.93654847,
        32.93478884, 32.93302998, 32.93127188, 32.92951453, 32.92775791,
        32.92600203, 32.92424688, 32.92249245, 32.92073873, 32.91898573,
        32.91723344, 32.91548186, 32.91373098, 32.91198081, 32.91023133,
        32.90848255, 32.90673447, 32.90498707, 32.90324036, 32.90149434,
        32.89974898, 32.89800422, 32.89626022, 32.89451691, 32.89277429,
        32.89103235, 32.88929109, 32.88755051, 32.88581062, 32.88407141,
        32.88233289, 32.88059507, 32.87885793, 32.87712147, 32.87538571,
        32.87365063, 32.87191624, 32.87018253, 32.8684495 , 32.86671715,
        32.86498547, 32.8632544 , 32.86152408, 32.85979444, 32.85806547,
        32.85633718, 32.85460956, 32.85288261, 32.85115633, 32.84943071,
        32.84770576, 32.84598147, 32.84425784, 32.84253487, 32.84081256,
        32.83909092, 32.83736993, 32.8356496 , 32.83392994, 32.83221094,
        32.83049262, 32.82877495, 32.82705788, 32.82534164, 32.82362619,
        32.82191162, 32.8201981 , 32.81848599, 32.81677627, 32.81507338,
        33.30480636, 33.30308618, 33.30137316, 33.29966261, 33.29795351,
        33.29624548, 33.29453835, 33.292832  , 33.29112639, 33.28942146,
        33.28771719, 33.28601356, 33.28431054, 33.28260813, 33.28090632,
        33.2792051 , 33.27750446, 33.27580441, 33.27410493, 33.27240603,
        33.27070769, 33.26900992, 33.26731271, 33.26561607, 33.26391997,
        33.26222443, 33.26052944, 33.25883499, 33.25714109, 33.25544774,
        33.25375493, 33.25206266, 33.25037093, 33.24867974, 33.24698906,
        33.24529877, 33.24360918, 33.24192015, 33.24023166, 33.23854372,
        33.2368563 , 33.23516941, 33.23348305, 33.23179721, 33.23011188,
        33.22842706, 33.22674275, 33.22505894, 33.22337563, 33.22169282,
        33.22001052, 33.21832872, 33.21664742, 33.21496661, 33.21328629,
        33.21160645, 33.20992703, 33.20824817, 33.20656983, 33.20489199,
        33.20321465, 33.20153781, 33.19986147, 33.19818564, 33.19651033,
        33.19483554, 33.19316127, 33.19148747, 33.18981436, 33.18814193,
        33.18647017, 33.18479914, 33.18312895, 33.18145974, 33.17979174,
        33.17812557, 33.1764621 , 33.17480319, 33.17315379, 33.17153648,
        31.66152423, 31.65979845, 31.65810697, 31.65642551, 31.65474876,
        31.65307474, 31.65140252, 31.64973167, 31.64806183, 31.64639284,
        31.64472451, 31.64305673, 31.64138937, 31.63972239, 31.63805575,
        31.63638941, 31.63472335, 31.63305756, 31.63139201, 31.62972665,
        31.62806148, 31.62639644, 31.62473153, 31.62306672, 31.621402  ,
        31.61973741, 31.61807297, 31.61640868, 31.61474458, 31.6130807 ,
        31.61141703, 31.60975361, 31.60809046, 31.60642759, 31.60476503,
        31.60310276, 31.60144076, 31.59977903, 31.59811759, 31.59645646,
        31.59479588, 31.59313575, 31.59147539, 31.58981471, 31.58815395,
        31.58649316, 31.58483231, 31.58317147, 31.58151058, 31.57984959,
        31.5781885 , 31.57652732, 31.57486595, 31.57320439, 31.57154262,
        31.5698806 , 31.56821834, 31.56655585, 31.56489297, 31.56322974,
        31.56156617, 31.55990226, 31.55823798, 31.55657332, 31.55490821,
        31.55324267, 31.5515767 , 31.54991026, 31.54824333, 31.54657595,
        31.54490815, 31.54324   , 31.54157156, 31.5399029 , 31.53823402,
        31.53656498, 31.53489589, 31.53322675, 31.53155763, 31.52988864,
        31.52821974, 31.52655107, 31.52488272, 31.52321487, 31.52154632,
        31.51987898, 31.51821249, 31.51654683, 31.51488218, 31.51321871,
        31.51155673, 31.50989659, 31.50823862, 31.50658329, 31.50493121,
        31.50328305, 31.50163971, 31.50000242, 31.49837175, 31.49674893,
        31.49513595, 31.49353576, 31.49195276, 31.49039389, 31.48887121,
        31.48740899, 31.48606857, 31.4851129 ]]), 'snr_nli': array([[44.84197947, 44.56078232, 44.42256042, 44.33113719, 44.26096443,
        44.20307228, 44.15319438, 44.10894303, 44.06877342, 44.03172275,
        43.99708672, 43.96434091, 43.93295067, 43.90272399, 43.87346598,
        43.84495723, 43.81706385, 43.78968393, 43.76267254, 43.73599065,
        43.70958615, 43.68338853, 43.65733202, 43.63141105, 43.60553079,
        43.57962377, 43.55366693, 43.5276015 , 43.50132549, 43.47480984,
        43.44778505, 43.41846711, 43.39089876, 43.36334191, 43.33558009,
        43.30765454, 43.27957603, 43.25136659, 43.22310258, 43.19484058,
        43.16660809, 43.13847324, 43.11039459, 43.08237813, 43.05442548,
        43.02653406, 42.99867922, 42.97084149, 42.94298157, 42.91505776,
        42.8869621 , 42.85768561, 42.82954518, 42.80149484, 42.77342608,
        42.74527237, 42.71700603, 42.68864017, 42.66012275, 42.63146601,
        42.60264466, 42.57361887, 42.54438163, 42.51495783, 42.48533051,
        42.45553155, 42.42557581, 42.39548834, 42.36531284, 42.33520665,
        42.3051079 , 42.27499142, 42.24353605, 42.21498368, 42.18851257,
        42.16550138, 42.14872467, 42.14409664, 42.16759221, 42.29444155,
        41.99497525, 41.77274152, 41.65518995, 41.56656811, 41.49078033,
        41.42188676, 41.35707335, 41.29493249, 41.23448041, 41.17514728,
        41.11653896, 41.05835475, 41.00027636, 40.94226528, 40.88423103,
        40.82608799, 40.76779672, 40.70934749, 40.65066594, 40.59177441,
        40.53265517, 40.47324532, 40.41356097, 40.35363337, 40.29337627,
        40.23284222, 40.17203301, 40.11092837, 40.0495541 , 39.987973  ,
        39.92611876, 39.86404078, 39.80176786, 39.7392593 , 39.67630424,
        39.61186981, 39.54875111, 39.48579991, 39.42278232, 39.35969855,
        39.29648968, 39.23319521, 39.16977534, 39.10622561, 39.04250441,
        38.97863376, 38.91455555, 38.8503201 , 38.78594019, 38.72143121,
        38.65680388, 38.592137  , 38.52734441, 38.46245382, 38.39746567,
        38.33229049, 38.26658341, 38.20140325, 38.13633397, 38.07131679,
        38.00638382, 37.94152177, 37.8767713 , 37.81221036, 37.74785419,
        37.68376241, 37.61993193, 37.5560851 , 37.49343078, 37.43193045,
        37.37149611, 37.31240268, 37.25515937, 37.20051962, 37.14953398,
        37.10528758, 37.07200831, 37.05888318, 37.09098381, 37.28873015,
        36.80720404, 36.46115754, 36.28144399, 36.14738464, 36.03366859,
        35.93112849, 35.83545464, 35.7446338 , 35.65708477, 35.57206996,
        35.48884247, 35.4069018 , 35.32577767, 35.24535081, 35.16546537,
        35.08599479, 35.00687147, 34.92806869, 34.84948596, 34.77104942,
        34.69270045, 34.61436039, 34.5359974 , 34.4576043 , 34.37914509,
        34.30075716, 34.22252049, 34.14447526, 34.0667151 , 33.9893408 ,
        33.91231287, 33.83575925, 33.75972177, 33.68421011, 33.60926936,
        33.53489254, 33.46102146, 33.38763873, 33.31476228, 33.24247355,
        33.17124164, 33.10082881, 33.02986864, 32.95819528, 32.88636094,
        32.81446981, 32.74249316, 32.67058955, 32.5986583 , 32.52663512,
        32.45454977, 32.38243638, 32.31014518, 32.23772603, 32.16513581,
        32.09234703, 32.01942865, 31.94640979, 31.87307776, 31.79951501,
        31.72577116, 31.65189272, 31.57784424, 31.50365336, 31.42925499,
        31.35470512, 31.28002047, 31.20519675, 31.13021807, 31.05517924,
        30.98014937, 30.90521341, 30.83048481, 30.75604403, 30.68189506,
        30.6081415 , 30.53487848, 30.46211235, 30.38991843, 30.31841069,
        30.24752746, 30.1773996 , 30.10810677, 30.03982006, 29.97214629,
        29.90528512, 29.83969073, 29.7753018 , 29.71224317, 29.65063556,
        29.59070588, 29.53272585, 29.47691024, 29.42360497, 29.37325125,
        29.32632539, 29.28350719, 29.24569168, 29.21325465, 29.187079  ,
        29.16870472, 29.1604724 , 29.16596223, 29.19097566, 29.24600788,
        29.35308989, 29.57145708, 30.18522215]]), 'max_oct': np.float64(413.01012586659095)}"
18,20,18,20,53.6,1,1,53.6,"{'P_opt': np.float64(-11.320000000000002), 'gsnr': array([[34.47008831, 34.44626064, 34.43358785, 34.42432399, 34.4167278 ,
        34.41011688, 34.40415596, 34.39865492, 34.39348963, 34.38858199,
        34.38387462, 34.37932438, 34.37488634, 34.37054491, 34.36628347,
        34.36208366, 34.35793392, 34.35382553, 34.34974574, 34.34569113,
        34.341657  , 34.33763695, 34.33362492, 34.3296203 , 34.32561374,
        34.32159793, 34.31756707, 34.31349784, 34.30915406, 34.30504482,
        34.30093595, 34.29680511, 34.29264836, 34.28846425, 34.28424854,
        34.28000809, 34.2757441 , 34.27145848, 34.26715769, 34.26284683,
        34.25852791, 34.25420757, 34.24988146, 34.24555019, 34.24121384,
        34.23687208, 34.23252147, 34.22815818, 34.22376669, 34.21919588,
        34.2147815 , 34.2103781 , 34.20596399, 34.2015358 , 34.19709345,
        34.19263229, 34.18815029, 34.18364971, 34.17912522, 34.17457857,
        34.17000743, 34.16540774, 34.16077903, 34.15612471, 34.1514434 ,
        34.14673937, 34.14201511, 34.13727395, 34.13251902, 34.1277521 ,
        34.12271758, 34.11801646, 34.11343492, 34.10902317, 34.1048888 ,
        34.10125077, 34.09850482, 34.09748173, 34.10039375, 34.11738085,
        34.51189155, 34.4763671 , 34.45704834, 34.44227565, 34.42951523,
        34.4178208 , 34.40674065, 34.39604767, 34.38558111, 34.37524712,
        34.36497974, 34.35472792, 34.34443622, 34.33409676, 34.3236919 ,
        34.31320524, 34.30262781, 34.29195551, 34.28117348, 34.27028323,
        34.2592793 , 34.24814871, 34.23689149, 34.22551096, 34.21398931,
        34.2023336 , 34.19054152, 34.17860605, 34.16652667, 34.15430605,
        34.14189478, 34.1289882 , 34.1163238 , 34.103582  , 34.09072103,
        34.07774892, 34.06465474, 34.05143913, 34.0380912 , 34.02461776,
        34.01100767, 33.99726972, 33.98339458, 33.96938112, 33.95521909,
        33.94091221, 33.92644564, 33.91182896, 33.89706093, 33.88213995,
        33.8670506 , 33.8516824 , 33.83632025, 33.82084202, 33.80523318,
        33.78948709, 33.77360546, 33.75760753, 33.74148266, 33.72523642,
        33.70887642, 33.69237905, 33.6756107 , 33.65895648, 33.64227475,
        33.62556617, 33.60885551, 33.59216933, 33.57554296, 33.55901589,
        33.54277996, 33.52686693, 33.51142997, 33.49669643, 33.4831427 ,
        33.47151014, 33.46332499, 33.46146906, 33.47375754, 33.53628761,
        32.3085804 , 32.22141895, 32.17508058, 32.14012663, 32.11023478,
        32.08308455, 32.05754495, 32.03309337, 32.00933618, 31.98605437,
        31.96307187, 31.94025496, 31.91745476, 31.89464881, 31.87179945,
        31.84888387, 31.82588051, 31.80277432, 31.77953966, 31.75615291,
        31.73259412, 31.70883615, 31.68486761, 31.66068541, 31.63627638,
        31.61168032, 31.58692393, 31.56202885, 31.53705378, 31.51216302,
        31.48724804, 31.4621372 , 31.43679624, 31.41136725, 31.38589813,
        31.36040102, 31.33486231, 31.30927589, 31.28363668, 31.25793537,
        31.23213432, 31.2062475 , 31.1802566 , 31.15415214, 31.1279115 ,
        31.10152639, 31.07496702, 31.04828429, 31.02143575, 30.99439736,
        30.96717818, 30.93978925, 30.9121714 , 30.8843461 , 30.85629329,
        30.82800062, 30.79949212, 30.77077875, 30.74177575, 30.71251935,
        30.68302332, 30.65330393, 30.62334689, 30.59316535, 30.56273082,
        30.53206619, 30.50117577, 30.47005814, 30.43870657, 30.4071625 ,
        30.37545489, 30.34362148, 30.31171562, 30.27977758, 30.24781368,
        30.21587537, 30.1840085 , 30.15222065, 30.12055052, 30.0890586 ,
        30.05772245, 30.02661485, 29.99578092, 29.96531727, 29.93502193,
        29.90499185, 29.87547808, 29.84645602, 29.8179967 , 29.79016897,
        29.76309698, 29.73693009, 29.71179097, 29.68787388, 29.66542121,
        29.64469695, 29.62606347, 29.6100249 , 29.59684912, 29.58708933,
        29.5816225 , 29.58175322, 29.58945205, 29.60788576, 29.6428281 ,
        29.70653163, 29.82688376, 30.14087431]]), 'osnr': array([[34.77681004, 34.7750374 , 34.77326946, 34.77150345, 34.76973875,
        34.76797512, 34.76621244, 34.76445063, 34.76268966, 34.76092949,
        34.7591701 , 34.75741148, 34.75565361, 34.75389649, 34.7521401 ,
        34.75038444, 34.74862951, 34.7468753 , 34.74512181, 34.74336903,
        34.74161696, 34.73986561, 34.73811496, 34.73636501, 34.73461577,
        34.73286723, 34.73111938, 34.72937222, 34.72762566, 34.72587989,
        34.72413481, 34.72239043, 34.72064673, 34.71890372, 34.7171614 ,
        34.71541976, 34.71367882, 34.71193855, 34.71019898, 34.7084601 ,
        34.70672191, 34.70498441, 34.7032476 , 34.70151148, 34.69977605,
        34.69804131, 34.69630725, 34.69457388, 34.69284119, 34.69110912,
        34.6893778 , 34.68764716, 34.68591721, 34.68418795, 34.68245936,
        34.68073145, 34.67900421, 34.67727766, 34.67555177, 34.67382657,
        34.67210203, 34.67037817, 34.66865497, 34.66693245, 34.6652106 ,
        34.66348941, 34.6617689 , 34.66004906, 34.6583299 , 34.6566114 ,
        34.65489348, 34.65317636, 34.65145997, 34.64974432, 34.64802944,
        34.64631544, 34.64460246, 34.64289082, 34.64118139, 34.63947809,
        35.12921635, 35.12749848, 35.125787  , 35.12407778, 35.12236995,
        35.12066315, 35.11895723, 35.11725211, 35.11554773, 35.11384405,
        35.11214106, 35.11043872, 35.10873703, 35.10703598, 35.10533555,
        35.10363575, 35.10193657, 35.100238  , 35.09854005, 35.09684271,
        35.09514597, 35.09344984, 35.0917543 , 35.09005937, 35.08836503,
        35.08667129, 35.08497814, 35.08328558, 35.08159361, 35.07990222,
        35.07821141, 35.07652104, 35.07483141, 35.07314239, 35.07145396,
        35.06976612, 35.06807888, 35.06639222, 35.06470615, 35.06302066,
        35.06133575, 35.05965142, 35.05796767, 35.05628449, 35.05460188,
        35.05291985, 35.05123838, 35.04955747, 35.04787713, 35.04619735,
        35.04451813, 35.04283941, 35.04116132, 35.03948381, 35.03780686,
        35.03613047, 35.03445464, 35.03277938, 35.03110468, 35.02943055,
        35.02775698, 35.02608397, 35.02441146, 35.0227396 , 35.02106834,
        35.01939769, 35.01772764, 35.01605821, 35.01438941, 35.01272127,
        35.01105386, 35.0093872 , 35.00772137, 35.00605646, 35.00439268,
        35.00273039, 35.00107027, 34.99941362, 34.99776397, 34.99613731,
        33.48616316, 33.48446153, 33.48278431, 33.48111438, 33.47944802,
        33.47778386, 33.47612121, 33.47445978, 33.47279933, 33.47113972,
        33.46948084, 33.46782262, 33.46616495, 33.46450782, 33.46285121,
        33.46119509, 33.45953947, 33.45788431, 33.45622961, 33.45457534,
        33.45292149, 33.45126804, 33.44961498, 33.4479623 , 33.44630999,
        33.44465807, 33.44300657, 33.44135548, 33.43970485, 33.43805479,
        33.43640524, 33.43475605, 33.43310721, 33.43145881, 33.42981089,
        33.42816344, 33.42651648, 33.42486997, 33.42322393, 33.42157833,
        33.41993316, 33.41828842, 33.41664409, 33.41500016, 33.41335661,
        33.41171344, 33.41007061, 33.40842817, 33.40678607, 33.4051443 ,
        33.40350285, 33.40186174, 33.4002209 , 33.39858036, 33.39694009,
        33.39530007, 33.39366032, 33.39202085, 33.39038158, 33.38874253,
        33.38710371, 33.38546513, 33.38382676, 33.38218863, 33.38055068,
        33.37891294, 33.37727541, 33.37563808, 33.37400093, 33.372364  ,
        33.3707273 , 33.36909088, 33.36745476, 33.365819  , 33.36418358,
        33.36254856, 33.36091398, 33.35927984, 33.35764619, 33.35601308,
        33.35438049, 33.35274849, 33.35111714, 33.34948654, 33.34785562,
        33.34622621, 33.3445977 , 33.34297009, 33.34134345, 33.33971786,
        33.33809347, 33.33647045, 33.33484895, 33.33322919, 33.33161146,
        33.32999606, 33.32838341, 33.3267741 , 33.32516845, 33.32356709,
        33.32197101, 33.32038167, 33.31880122, 33.3172331 , 33.31568341,
        33.31416483, 33.31270512, 33.31143403]]), 'snr_nli': array([[46.1329443 , 45.818444  , 45.66944453, 45.56906029, 45.49199908,
        45.42855037, 45.37400658, 45.32572615, 45.28200791, 45.24178443,
        45.20428089, 45.16892103, 45.13512607, 45.10268143, 45.0713669 ,
        45.04094802, 45.01127541, 44.98223597, 44.9536735 , 44.92554143,
        44.89778024, 44.87031225, 44.8430652 , 44.81602947, 44.78909838,
        44.76219011, 44.73524109, 44.70799722, 44.67789311, 44.65048727,
        44.62321541, 44.59583695, 44.56831212, 44.5406288 , 44.51274531,
        44.48473758, 44.45662094, 44.42841764, 44.40019641, 44.37201047,
        44.34388061, 44.31587382, 44.28794509, 44.26009985, 44.23233818,
        44.20465632, 44.1770197 , 44.14939054, 44.12161805, 44.09223759,
        44.06451851, 44.03703774, 44.00958475, 43.98212779, 43.95466692,
        43.9271589 , 43.89958635, 43.87197186, 43.8442675 , 43.81649129,
        43.78862388, 43.76063045, 43.7325093 , 43.70429398, 43.67597422,
        43.64759069, 43.61916698, 43.59073392, 43.56231967, 43.53394032,
        43.50337977, 43.47585646, 43.44948873, 43.42468853, 43.4023493 ,
        43.38429588, 43.37383298, 43.37795207, 43.41555767, 43.57614366,
        43.28960423, 43.03902274, 42.91240676, 42.81997736, 42.74275925,
        42.67376753, 42.6097057 , 42.54891999, 42.49026647, 42.43308112,
        42.37690511, 42.32139235, 42.26618355, 42.21122569, 42.15640869,
        42.10163407, 42.04685169, 41.99204194, 41.93712334, 41.88211226,
        41.82698461, 41.77167476, 41.71619275, 41.6605664 , 41.60470684,
        41.54866372, 41.49243453, 41.43599189, 41.379344  , 41.32251529,
        41.26526106, 41.20604468, 41.14865415, 41.09144148, 41.034199  ,
        40.97697118, 40.91970884, 40.8624204 , 40.80505909, 40.7476632 ,
        40.69018613, 40.63267487, 40.57509192, 40.51743841, 40.45967459,
        40.40182422, 40.3438288 , 40.28573817, 40.22755369, 40.16927528,
        40.11084468, 40.05180977, 39.99336798, 39.93500662, 39.87666831,
        39.81832938, 39.76000033, 39.70175997, 39.64356791, 39.5854476 ,
        39.5274295 , 39.4694248 , 39.41093598, 39.35340858, 39.2962983 ,
        39.23959913, 39.18339206, 39.12776164, 39.07282045, 39.01869179,
        38.96602566, 38.91489765, 38.86579808, 38.8194561 , 38.77742491,
        38.74211531, 38.71853357, 38.71620865, 38.76147546, 38.98054674,
        38.55200447, 38.20130897, 38.02528752, 37.89697663, 37.79000199,
        37.69482516, 37.60685965, 37.52396185, 37.44456445, 37.36778701,
        37.29294074, 37.2195129 , 37.14696428, 37.07519635, 37.00406552,
        36.93348208, 36.86336409, 36.79365357, 36.72426176, 36.65510974,
        36.58613296, 36.51724769, 36.44842074, 36.37964469, 36.31088285,
        36.24225374, 36.17383336, 36.10568021, 36.03795489, 35.97110626,
        35.90481202, 35.83858911, 35.77234504, 35.70646463, 35.64106768,
        35.57617521, 35.51174018, 35.4477365 , 35.3841417 , 35.32092316,
        35.25797786, 35.19533544, 35.13294429, 35.07077622, 35.00877185,
        34.94690839, 34.88511201, 34.82350363, 34.76197944, 34.70048212,
        34.63903308, 34.57765767, 34.51621944, 34.45476951, 34.39326368,
        34.33167632, 34.27006339, 34.20845029, 34.14665212, 34.0847523 ,
        34.02278332, 33.96078202, 33.89871921, 33.83662435, 33.77443885,
        33.71221255, 33.64995553, 33.58766572, 33.52533033, 33.46303415,
        33.40083458, 33.33880479, 33.27704689, 33.2156344 , 33.15457266,
        33.09395431, 33.03385889, 32.97429062, 32.91531291, 32.85702891,
        32.79938342, 32.74250071, 32.6864508 , 32.63139747, 32.57695343,
        32.52328394, 32.47083301, 32.41953671, 32.36950488, 32.32084178,
        32.27374877, 32.22846901, 32.18519516, 32.14424391, 32.10601284,
        32.07093361, 32.03960641, 32.01287457, 31.99116891, 31.97541813,
        31.96711569, 31.96850594, 31.98301451, 32.01621309, 32.07840023,
        32.19181042, 32.40862832, 32.99661842]]), 'max_oct': np.float64(438.0536406465391)}"
18,21,18,21,118.4,2,2,59.2,"{'P_opt': np.float64(-12.140000000000004), 'gsnr': array([[33.66040879, 33.63862058, 33.62695115, 33.61837592, 33.61131487,
        33.60514834, 33.59957186, 33.59441266, 33.58955762, 33.58493572,
        33.5804946 , 33.57619486, 33.57199525, 33.56788159, 33.56383885,
        33.5598501 , 33.55590481, 33.55199501, 33.54810901, 33.54424373,
        33.54039495, 33.53655684, 33.53272386, 33.52889555, 33.52506357,
        33.52122173, 33.51736696, 33.51349103, 33.50956933, 33.50542204,
        33.50145045, 33.49747159, 33.49346877, 33.48943849, 33.48537621,
        33.48128818, 33.47717571, 33.47304076, 33.46888979, 33.46472779,
        33.46055698, 33.45638367, 33.45220394, 33.44801839, 33.44382718,
        33.43963013, 33.43542461, 33.43120844, 33.42697629, 33.42271514,
        33.41830626, 33.41402366, 33.40974019, 33.40544357, 33.40113198,
        33.39680034, 33.39244633, 33.38807163, 33.38367098, 33.37924567,
        33.37479318, 33.37030935, 33.36579339, 33.36124804, 33.3566716 ,
        33.35206766, 33.34743815, 33.34278619, 33.33811657, 33.33344567,
        33.32875223, 33.32385048, 33.31924726, 33.31480078, 33.31058964,
        33.30680507, 33.30379765, 33.30230487, 33.30429152, 33.31875994,
        33.71697086, 33.68456138, 33.66657273, 33.65261958, 33.6404439 ,
        33.62920207, 33.61849079, 33.60810744, 33.59790789, 33.58780787,
        33.577748  , 33.56768194, 33.55755898, 33.54737208, 33.53710535,
        33.52674357, 33.51627852, 33.50570658, 33.49501367, 33.48420127,
        33.47326427, 33.46219003, 33.45097868, 33.4396333 , 33.42813669,
        33.41649556, 33.40470783, 33.39276732, 33.38067553, 33.36844065,
        33.35604579, 33.34349168, 33.33074978, 33.31756146, 33.30453682,
        33.29143047, 33.27819985, 33.26483913, 33.25133529, 33.23769364,
        33.2239028 , 33.20997054, 33.19588744, 33.1816516 , 33.16725257,
        33.15269344, 33.13795957, 33.12306006, 33.1079949 , 33.09276508,
        33.07737035, 33.06182328, 33.0460852 , 33.03005752, 33.01400705,
        32.99782296, 32.98148994, 32.96502376, 32.94841321, 32.93166339,
        32.91478513, 32.8977751 , 32.88063996, 32.86337731, 32.84587328,
        32.82846855, 32.81106778, 32.7936751 , 32.77633195, 32.75914073,
        32.74211499, 32.725339  , 32.70892449, 32.6932768 , 32.67871755,
        32.66601395, 32.65661451, 32.65334406, 32.66380505, 32.72337865,
        31.48763982, 31.40100534, 31.35425085, 31.31863257, 31.28791536,
        31.25984802, 31.2333272 , 31.20783288, 31.1830114 , 31.15860898,
        31.13446474, 31.11045657, 31.08640991, 31.06232196, 31.03814504,
        31.01386232, 30.9894525 , 30.96489548, 30.9401602 , 30.91522672,
        30.89008162, 30.86470126, 30.83907679, 30.81320387, 30.78706326,
        30.76069169, 30.73411222, 30.70733737, 30.68040222, 30.65334879,
        30.62617422, 30.59893384, 30.57166107, 30.54439987, 30.51734331,
        30.49039523, 30.46317735, 30.43562387, 30.4079112 , 30.3800674 ,
        30.35206714, 30.32393178, 30.29564605, 30.26720121, 30.23857418,
        30.2097558 , 30.18071489, 30.15150569, 30.12208288, 30.09241883,
        30.06252306, 30.03240737, 30.00200785, 29.97134533, 29.9403987 ,
        29.90915422, 29.87763839, 29.84586251, 29.81373356, 29.78128779,
        29.74854222, 29.71551493, 29.68218956, 29.64857872, 29.61465125,
        29.58043144, 29.54592466, 29.51112851, 29.47603507, 29.44068895,
        29.40512245, 29.36937712, 29.33351077, 29.29756679, 29.26155174,
        29.22552154, 29.18952754, 29.15357846, 29.11771757, 29.08201052,
        29.04643319, 29.01106319, 28.97595019, 28.94119701, 28.90659272,
        28.87224671, 28.83842346, 28.80509885, 28.77235134, 28.74025765,
        28.70895447, 28.67860573, 28.64934626, 28.62138755, 28.59499507,
        28.57045754, 28.54817539, 28.52869075, 28.51227327, 28.49949287,
        28.49128131, 28.48903036, 28.49484235, 28.51208231, 28.54675216,
        28.61123616, 28.73811785, 29.07553656]]), 'osnr': array([[33.9512434 , 33.94947002, 33.9477017 , 33.94593544, 33.94417053,
        33.94240673, 33.9406439 , 33.93888196, 33.93712086, 33.93536058,
        33.93360108, 33.93184236, 33.93008439, 33.92832717, 33.92657068,
        33.92481493, 33.9230599 , 33.9213056 , 33.91955201, 33.91779914,
        33.91604697, 33.91429552, 33.91254477, 33.91079473, 33.90904539,
        33.90729675, 33.9055488 , 33.90380155, 33.90205497, 33.900309  ,
        33.8985638 , 33.89681929, 33.89507548, 33.89333235, 33.8915899 ,
        33.88984813, 33.88810706, 33.88636666, 33.88462695, 33.88288794,
        33.88114961, 33.87941197, 33.87767502, 33.87593876, 33.87420319,
        33.87246831, 33.87073411, 33.8690006 , 33.86726777, 33.86553562,
        33.86380408, 33.86207329, 33.86034319, 33.85861377, 33.85688502,
        33.85515695, 33.85342956, 33.85170283, 33.84997678, 33.84825141,
        33.8465267 , 33.84480266, 33.84307928, 33.84135657, 33.83963453,
        33.83791315, 33.83619244, 33.8344724 , 33.83275303, 33.83103433,
        33.8293163 , 33.82759885, 33.82588221, 33.82416632, 33.82245122,
        33.82073698, 33.81902379, 33.81731198, 33.81560246, 33.81389944,
        34.30363546, 34.3019165 , 34.30020431, 34.2984945 , 34.29678611,
        34.29507878, 34.29337233, 34.29166669, 34.28996177, 34.28825756,
        34.28655402, 34.28485113, 34.28314887, 34.28144724, 34.27974623,
        34.27804582, 34.27634602, 34.27464682, 34.27294822, 34.27125021,
        34.2695528 , 34.26785597, 34.26615973, 34.26446407, 34.26276899,
        34.26107448, 34.25938056, 34.2576872 , 34.25599442, 34.25430221,
        34.25261056, 34.25091949, 34.24922896, 34.24753886, 34.24584947,
        34.24416067, 34.24247246, 34.24078481, 34.23909773, 34.23741121,
        34.23572525, 34.23403986, 34.23235502, 34.23067073, 34.22898699,
        34.22730379, 34.22562114, 34.22393903, 34.22225745, 34.22057642,
        34.21889593, 34.21721597, 34.21553654, 34.21385758, 34.21217923,
        34.21050142, 34.20882414, 34.20714741, 34.20547122, 34.20379556,
        34.20212045, 34.20044587, 34.19877184, 34.19709834, 34.19542532,
        34.19375296, 34.19208119, 34.19041003, 34.1887395 , 34.18706965,
        34.18540048, 34.18373205, 34.18206441, 34.18039778, 34.17873235,
        34.17706852, 34.1754071 , 34.17374963, 34.17210023, 34.17047781,
        32.66048828, 32.65877643, 32.65709326, 32.65541858, 32.65374795,
        32.65207977, 32.65041324, 32.64874799, 32.64708376, 32.64542037,
        32.6437577 , 32.64209565, 32.64043409, 32.63877302, 32.63711239,
        32.6354522 , 32.63379242, 32.63213303, 32.630474  , 32.62881532,
        32.62715698, 32.62549894, 32.62384119, 32.62218373, 32.62052654,
        32.61886964, 32.61721305, 32.61555677, 32.61390082, 32.61224525,
        32.61059004, 32.60893524, 32.60728088, 32.60562699, 32.60397374,
        32.60232105, 32.60066858, 32.59901627, 32.59736426, 32.59571258,
        32.59406121, 32.59241015, 32.59075939, 32.58910892, 32.58745871,
        32.58580874, 32.58415899, 32.5825095 , 32.58086021, 32.5792111 ,
        32.57756217, 32.57591342, 32.57426479, 32.57261628, 32.57096787,
        32.56931954, 32.5676713 , 32.56602316, 32.56437501, 32.56272688,
        32.56107878, 32.55943072, 32.55778267, 32.55613464, 32.55448658,
        32.5528385 , 32.55119041, 32.54954229, 32.54789412, 32.54624594,
        32.54459777, 32.54294966, 32.54130167, 32.53965383, 32.53800616,
        32.53635871, 32.53471154, 32.53306466, 32.53141811, 32.52977199,
        32.52812626, 32.52648102, 32.52483633, 32.52319233, 32.52154791,
        32.51990491, 32.51826283, 32.51662165, 32.51498149, 32.51334246,
        32.51170477, 32.51006865, 32.50843432, 32.50680209, 32.50517236,
        32.50354556, 32.50192231, 32.50030341, 32.49868928, 32.49708078,
        32.49547927, 32.49388676, 32.49230622, 32.49074235, 32.48920334,
        32.48770566, 32.48629116, 32.48513887]]), 'snr_nli': array([[45.54639694, 45.24546044, 45.10250833, 45.00606721, 44.93196337,
        44.87090173, 44.81837381, 44.77184683, 44.72968508, 44.69086414,
        44.65463791, 44.6204506 , 44.58774129, 44.55630403, 44.52592897,
        44.49638758, 44.46753663, 44.43926737, 44.41142821, 44.38397554,
        44.35685299, 44.32998585, 44.30330469, 44.27680182, 44.25037642,
        44.22395542, 44.19750326, 44.17092539, 44.14393964, 44.11448482,
        44.08719245, 44.05994669, 44.03255834, 44.00499103, 43.97719762,
        43.94925193, 43.92117186, 43.8929817 , 43.8647549 , 43.83654709,
        43.80838279, 43.78032995, 43.75234549, 43.72443534, 43.69660079,
        43.66883942, 43.64112308, 43.61342916, 43.58570263, 43.55781039,
        43.52853845, 43.5007045 , 43.47299622, 43.44528834, 43.41756328,
        43.38977127, 43.36189121, 43.33394165, 43.3058728 , 43.27769997,
        43.24940095, 43.2209384 , 43.19230815, 43.1635399 , 43.13462055,
        43.1055873 , 43.07646098, 43.04727294, 43.01806955, 42.9890032 ,
        42.95987693, 42.92899688, 42.90099406, 42.87454211, 42.85032482,
        42.83002449, 42.81672839, 42.816975  , 42.84843129, 42.99454515,
        42.7009459 , 42.46207557, 42.33901226, 42.24791442, 42.1710225 ,
        42.10179215, 42.03713027, 41.97548663, 41.91578482, 41.85740019,
        41.79990104, 41.74295996, 41.68623484, 41.62967879, 41.57319041,
        41.51667681, 41.46009264, 41.40342272, 41.3465888 , 41.28961007,
        41.23246537, 41.17509033, 41.11749795, 41.05971789, 41.00166281,
        40.94338428, 40.88488295, 40.82613673, 40.76716671, 40.70802964,
        40.64864528, 40.58903069, 40.52904874, 40.46737499, 40.40719961,
        40.34723434, 40.28726383, 40.22726436, 40.16717786, 40.10703785,
        40.04679616, 39.98649794, 39.92610543, 39.86561757, 39.80499406,
        39.74425804, 39.68335165, 39.62232572, 39.56118858, 39.49995283,
        39.4386251 , 39.37726665, 39.31571927, 39.2535804 , 39.1919792 ,
        39.13044885, 39.0689293 , 39.007488  , 38.94608214, 38.88473496,
        38.82349101, 38.76233835, 38.70130366, 38.64037821, 38.57913641,
        38.51885386, 38.45915617, 38.400045  , 38.34165615, 38.28433783,
        38.22811154, 38.17324613, 38.12009693, 38.07002046, 38.02404689,
        37.98469884, 37.95676073, 37.94964001, 37.98912807, 38.19971601,
        37.74629874, 37.39655073, 37.21832345, 37.08711867, 36.97681701,
        36.87811125, 36.78650198, 36.6998482 , 36.61671969, 36.53611085,
        36.45738579, 36.38007113, 36.3035424 , 36.22776857, 36.15257431,
        36.07789117, 36.00363944, 35.92974666, 35.85610944, 35.78266294,
        35.70936478, 35.63614364, 35.56297514, 35.48984903, 35.41671219,
        35.34367436, 35.27080179, 35.19812814, 35.12574831, 35.05377233,
        34.98218327, 34.91112182, 34.84066439, 34.77091225, 34.70235336,
        34.63470676, 34.56697661, 34.49899972, 34.43123018, 34.36373445,
        34.29644423, 34.22940821, 34.16258417, 34.09594702, 34.02943816,
        33.96303399, 33.89665979, 33.83044258, 33.76427481, 33.69809302,
        33.63192024, 33.56578389, 33.49954107, 33.43324142, 33.36684076,
        33.30031224, 33.23371706, 33.16708166, 33.10020943, 33.0331831 ,
        32.96604249, 32.89882828, 32.83150874, 32.76411242, 32.69657802,
        32.62895782, 32.56126467, 32.49349547, 32.42563633, 32.35777645,
        32.28997848, 32.22232095, 32.15491121, 32.08782608, 32.0210707 ,
        31.95474257, 31.88892792, 31.82363199, 31.75892333, 31.6949096 ,
        31.63153311, 31.56892094, 31.50714723, 31.44637905, 31.38622545,
        31.32686619, 31.2687503 , 31.21181457, 31.15617511, 31.10194315,
        31.04933096, 30.99859392, 30.94993427, 30.9036814 , 30.86025177,
        30.82009641, 30.78384956, 30.75237763, 30.72608977, 30.70589732,
        30.69331521, 30.69062949, 30.70132893, 30.73106323, 30.79004807,
        30.89972482, 31.11789216, 31.72017573]]), 'max_oct': np.float64(426.69065191693517)}"
18,23,18,23,147.9,2,2,73.95,"{'P_opt': np.float64(-14.290000000000003), 'gsnr': array([[31.5400471 , 31.52363256, 31.51455795, 31.50770556, 31.50176933,
        31.49666673, 31.49202043, 31.48768497, 31.4835727 , 31.47963015,
        31.47581782, 31.47210621, 31.4684638 , 31.46488022, 31.46134467,
        31.45784393, 31.45437032, 31.45091795, 31.44747781, 31.44404784,
        31.44062498, 31.43720481, 31.43378309, 31.43035957, 31.42692794,
        31.4234835 , 31.42002472, 31.41654768, 31.4130458 , 31.40951905,
        31.40596049, 31.40236379, 31.39871509, 31.39490297, 31.39118735,
        31.38746335, 31.3837193 , 31.37995432, 31.37617356, 31.37238096,
        31.36857865, 31.36477179, 31.36095727, 31.35713553, 31.35330666,
        31.34947041, 31.34562499, 31.34176882, 31.33789903, 31.33401329,
        31.33010982, 31.32618111, 31.32214585, 31.3181775 , 31.31420263,
        31.31020826, 31.30619045, 31.30214937, 31.29808006, 31.29398295,
        31.28985529, 31.28569303, 31.28149489, 31.27726215, 31.27299252,
        31.26868782, 31.26434833, 31.25997509, 31.25557091, 31.25114848,
        31.2467031 , 31.24224309, 31.23777353, 31.23320484, 31.22891286,
        31.22490046, 31.22139155, 31.21888707, 31.2187293 , 31.22706641,
        31.63630548, 31.61210091, 31.59779694, 31.58624161, 31.5758773 ,
        31.56612134, 31.55669353, 31.54745356, 31.53829978, 31.52917272,
        31.52003002, 31.51083801, 31.50155858, 31.49218689, 31.48271118,
        31.47311938, 31.46340505, 31.45356561, 31.44358901, 31.43347646,
        31.42322355, 31.41281876, 31.40226211, 31.39155571, 31.38068391,
        31.36965168, 31.35845638, 31.34709195, 31.33555983, 31.32386753,
        31.31200247, 31.29997072, 31.28777631, 31.27541515, 31.2628781 ,
        31.25017014, 31.23724869, 31.22393702, 31.21068294, 31.19731249,
        31.18378019, 31.17008456, 31.15621374, 31.142163  , 31.12792103,
        31.11348881, 31.09885174, 31.08401634, 31.06898298, 31.05375212,
        31.03832296, 31.02271046, 31.00689452, 30.99087901, 30.97466454,
        30.95824506, 30.94161717, 30.92477757, 30.90764171, 30.89042121,
        30.87305044, 30.85550556, 30.83779153, 30.81992547, 30.80191123,
        30.78376754, 30.76551821, 30.74718452, 30.72880069, 30.71043097,
        30.69199618, 30.67383648, 30.65600916, 30.63870559, 30.62225396,
        30.6073757 , 30.59528429, 30.58849876, 30.59374115, 30.64225015,
        29.38066035, 29.29998458, 29.2546289 , 29.21900143, 29.18769273,
        29.15862549, 29.13082648, 29.10387301, 29.07740174, 29.05121877,
        29.02515467, 28.99909333, 28.97286734, 28.94651258, 28.91996891,
        28.89318717, 28.86615804, 28.83885426, 28.81126548, 28.78337329,
        28.75514953, 28.72657196, 28.69763433, 28.66831923, 28.63859996,
        28.60852903, 28.57813055, 28.5474164 , 28.5164239 , 28.48519822,
        28.45372843, 28.42206575, 28.39023419, 28.35824499, 28.32612104,
        28.29386173, 28.26143613, 28.22883046, 28.1960375 , 28.16304369,
        28.12980426, 28.09633654, 28.06262292, 28.0286548 , 27.99441465,
        27.95991335, 27.92518058, 27.89059938, 27.85597503, 27.82056914,
        27.78428848, 27.74748407, 27.71015057, 27.67233412, 27.63402412,
        27.59520999, 27.55592944, 27.51619832, 27.47590067, 27.43507284,
        27.39374175, 27.35193176, 27.30961947, 27.26681562, 27.22348084,
        27.17964345, 27.13531189, 27.09048061, 27.04513658, 26.99933198,
        26.9531071 , 26.90651239, 26.85961557, 26.81246655, 26.76507002,
        26.7174932 , 26.66980269, 26.62200975, 26.57417032, 26.52636472,
        26.47856242, 26.43085338, 26.38330009, 26.33602026, 26.28878811,
        26.24175087, 26.19520242, 26.14912332, 26.10361411, 26.05877479,
        26.01477808, 25.97182956, 25.93009816, 25.8898424 , 25.85139242,
        25.81510537, 25.78149118, 25.75119041, 25.72445215, 25.70186031,
        25.68447429, 25.67390218, 25.67258784, 25.6844531 , 25.71651092,
        25.78326929, 25.92292592, 26.31119924]]), 'osnr': array([[31.7907823 , 31.78900725, 31.78723806, 31.78547113, 31.78370556,
        31.78194129, 31.78017806, 31.77841575, 31.77665432, 31.77489371,
        31.77313391, 31.77137489, 31.76961662, 31.76785911, 31.76610234,
        31.7643463 , 31.76259099, 31.76083639, 31.75908252, 31.75732935,
        31.75557689, 31.75382514, 31.7520741 , 31.75032375, 31.7485741 ,
        31.74682514, 31.74507687, 31.74332929, 31.7415824 , 31.73983618,
        31.73809064, 31.73634577, 31.73460156, 31.73285792, 31.73111506,
        31.72937288, 31.72763139, 31.72589057, 31.72415043, 31.72241098,
        31.72067222, 31.71893414, 31.71719675, 31.71546005, 31.71372403,
        31.7119887 , 31.71025405, 31.70852008, 31.70678678, 31.70505417,
        31.70332223, 31.70159095, 31.69986028, 31.69813035, 31.6964011 ,
        31.69467252, 31.6929446 , 31.69121735, 31.68949076, 31.68776483,
        31.68603956, 31.68431495, 31.68259099, 31.68086768, 31.67914502,
        31.67742302, 31.67570167, 31.67398097, 31.67226092, 31.67054153,
        31.66882281, 31.66710475, 31.66538735, 31.66367055, 31.66195464,
        31.66023961, 31.65852563, 31.65681308, 31.65510298, 31.65339995,
        32.14312914, 32.14140777, 32.13969383, 32.13798243, 32.13627251,
        32.13456366, 32.13285569, 32.13114851, 32.12944204, 32.12773624,
        32.12603108, 32.12432654, 32.12262259, 32.12091923, 32.11921643,
        32.11751421, 32.11581254, 32.11411143, 32.11241087, 32.11071086,
        32.10901138, 32.10731244, 32.10561403, 32.10391616, 32.1022188 ,
        32.10052196, 32.09882564, 32.09712984, 32.09543454, 32.09373976,
        32.09204548, 32.09035171, 32.08865845, 32.0869657 , 32.08527344,
        32.08358167, 32.08189037, 32.0801994 , 32.0785091 , 32.07681932,
        32.07513004, 32.07344126, 32.07175295, 32.07006512, 32.06837776,
        32.06669087, 32.06500442, 32.06331843, 32.06163289, 32.0599478 ,
        32.05826316, 32.05657897, 32.05489522, 32.05321192, 32.05152905,
        32.04984661, 32.04816459, 32.046483  , 32.04480175, 32.04312102,
        32.04144075, 32.03976092, 32.03808154, 32.0364026 , 32.03472413,
        32.03304612, 32.03136859, 32.02969157, 32.02801507, 32.02633916,
        32.02466376, 32.02298917, 32.02131543, 32.01964271, 32.01797131,
        32.01630185, 32.0146354 , 32.0129742 , 32.01132411, 32.00971212,
        30.49966911, 30.49792611, 30.49622404, 30.49453367, 30.49284879,
        30.49116698, 30.4894871 , 30.48780867, 30.48613126, 30.48445463,
        30.48277858, 30.48110295, 30.47942755, 30.4777524 , 30.47607743,
        30.47440256, 30.47272778, 30.47105305, 30.46937834, 30.46770361,
        30.46602883, 30.46435395, 30.46267895, 30.46100379, 30.45932843,
        30.45765293, 30.4559773 , 30.45430155, 30.45262573, 30.45094987,
        30.44927397, 30.44759808, 30.44592222, 30.44424642, 30.44257068,
        30.44089501, 30.43921934, 30.43754366, 30.43586794, 30.43419214,
        30.4325162 , 30.43084012, 30.42916387, 30.42748742, 30.42581073,
        30.4241338 , 30.42245667, 30.42077995, 30.41910331, 30.41742554,
        30.41574645, 30.41406657, 30.41238589, 30.41070444, 30.40902219,
        30.40733908, 30.40565515, 30.40397041, 30.40228462, 30.40059781,
        30.39890999, 30.39722118, 30.39553129, 30.39384033, 30.39214817,
        30.39045483, 30.38876029, 30.3870645 , 30.38536739, 30.38366904,
        30.38196947, 30.38026876, 30.37856701, 30.37686429, 30.37516058,
        30.373456  , 30.37175066, 30.37004457, 30.36833783, 30.3666306 ,
        30.3649228 , 30.36321463, 30.36150622, 30.35979784, 30.35808812,
        30.35637911, 30.35467065, 30.35296272, 30.35125559, 30.34954954,
        30.34784505, 30.34614267, 30.34444291, 30.34274651, 30.34105442,
        30.33936769, 30.3376878 , 30.33601661, 30.33435495, 30.33270457,
        30.33106849, 30.32945122, 30.3278595 , 30.32630391, 30.32480295,
        30.32339368, 30.32216977, 30.32153186]]), 'snr_nli': array([[44.0505015 , 43.79489235, 43.67149327, 43.58690719, 43.51830909,
        43.46373595, 43.41684455, 43.37517245, 43.33724672, 43.30217007,
        43.26928685, 43.23811175, 43.20814376, 43.1792084 , 43.15112915,
        43.1236986 , 43.09679477, 43.07032457, 43.04415169, 43.01824254,
        42.99254993, 42.96700836, 42.94155608, 42.91618901, 42.89081789,
        42.86537798, 42.83984971, 42.81418101, 42.78828417, 42.76216307,
        42.73572736, 42.7088975 , 42.68149406, 42.65203969, 42.62402013,
        42.59602766, 42.56790939, 42.53965676, 42.51133956, 42.48301066,
        42.45469824, 42.42646876, 42.3982821 , 42.37014379, 42.34205513,
        42.31401264, 42.28599443, 42.25798108, 42.22993822, 42.20183847,
        42.17366213, 42.14532061, 42.11584163, 42.08731501, 42.05885422,
        42.03030577, 42.00162586, 41.9728194 , 41.94383185, 41.91467217,
        41.8853124 , 41.85571097, 41.82585831, 41.79577422, 41.76543798,
        41.73487544, 41.70409452, 41.67311181, 41.64196248, 41.61078844,
        41.57954039, 41.54831001, 41.51715207, 41.48511752, 41.4561799 ,
        41.43031781, 41.40982192, 41.39984599, 41.41434707, 41.51883761,
        41.21652744, 41.01483464, 40.90460499, 40.81968378, 40.7459614 ,
        40.67822194, 40.61398595, 40.55201659, 40.49144186, 40.4317583 ,
        40.37261705, 40.31375055, 40.25487006, 40.19594626, 40.13690075,
        40.0776563 , 40.01817969, 39.95846682, 39.89844766, 39.83814732,
        39.77755158, 39.71659925, 39.6553092 , 39.59371358, 39.53172741,
        39.46940318, 39.40674261, 39.34372611, 39.2803821 , 39.21677525,
        39.15284547, 39.08864762, 39.02422235, 38.9595608 , 38.8946256 ,
        38.82946221, 38.76384509, 38.69681068, 38.63088864, 38.56509803,
        38.49919638, 38.43318684, 38.36701805, 38.30067807, 38.23412203,
        38.16736959, 38.10036162, 38.03314653, 37.96574052, 37.8981596 ,
        37.83041312, 37.76258462, 37.69459011, 37.62646018, 37.55820931,
        37.48982126, 37.42129256, 37.35262034, 37.28344957, 37.21471165,
        37.14611988, 37.07757571, 37.00910435, 36.94077942, 36.87261751,
        36.80469384, 36.73710025, 36.66991441, 36.60326043, 36.53737167,
        36.47192895, 36.40819563, 36.34633528, 36.28699778, 36.23130748,
        36.18177128, 36.14259383, 36.12257968, 36.14562825, 36.32674596,
        35.81766605, 35.47868281, 35.29868972, 35.16209802, 35.04515882,
        34.93890936, 34.83919412, 34.74416511, 34.65231045, 34.56281312,
        34.47498972, 34.38837938, 34.30237148, 34.21707147, 34.13226042,
        34.04776651, 33.96355534, 33.87953687, 33.79567867, 33.71192476,
        33.62819182, 33.54441862, 33.46059461, 33.37667676, 33.29259698,
        33.20851866, 33.12451636, 33.04062641, 32.95695393, 32.87362041,
        32.79058922, 32.70799184, 32.62588139, 32.54427496, 32.46321887,
        32.38269701, 32.30261701, 32.22293337, 32.14361856, 32.06463061,
        31.9858533 , 31.90732435, 31.82899666, 31.75084615, 31.67282875,
        31.59496755, 31.5173276 , 31.44077074, 31.36483113, 31.28785338,
        31.20966323, 31.13106081, 31.05204744, 30.97273442, 30.89310867,
        30.81315762, 30.73296934, 30.65258364, 30.5717701 , 30.49061423,
        30.40917949, 30.3275219 , 30.24560149, 30.16344608, 30.08098576,
        29.99828238, 29.91535783, 29.83220685, 29.7488103 , 29.66526998,
        29.58166226, 29.49807928, 29.41464098, 29.3314315 , 29.24845205,
        29.1658135 , 29.08362212, 29.00188513, 28.92068623, 28.84014808,
        28.76020251, 28.68098555, 28.60258374, 28.52517269, 28.44835981,
        28.37237027, 28.29766292, 28.22417991, 28.15205751, 28.08142841,
        28.01253796, 27.94567855, 27.88107994, 27.81910814, 27.76023473,
        27.70496665, 27.65404012, 27.6083843 , 27.56832353, 27.53469585,
        27.50906317, 27.49382257, 27.49265261, 27.51152083, 27.56123452,
        27.66450683, 27.88249489, 28.50918677]]), 'max_oct': np.float64(397.4243951468798)}"
19,21,19,21,148.0,2,2,74.0,"{'P_opt': np.float64(-14.300000000000002), 'gsnr': array([[31.527008  , 31.51051005, 31.50139132, 31.49450655, 31.48854198,
        31.48341631, 31.47874952, 31.47439524, 31.47026527, 31.46630585,
        31.46247726, 31.45874979, 31.45509173, 31.45149268, 31.44794176,
        31.44442567, 31.44093668, 31.43746889, 31.4340132 , 31.43056756,
        31.42712888, 31.42369273, 31.42025482, 31.41681492, 31.41336666,
        31.40990529, 31.40642927, 31.40293466, 31.39941479, 31.39586965,
        31.39229222, 31.38867614, 31.38500735, 31.38117337, 31.37743674,
        31.37369156, 31.36992603, 31.36613926, 31.36233647, 31.35852165,
        31.35469695, 31.35086758, 31.34703041, 31.34318587, 31.33933407,
        31.33547472, 31.33160606, 31.32772644, 31.32383298, 31.31992332,
        31.31599564, 31.31204234, 31.30798128, 31.30398773, 31.29998748,
        31.29596742, 31.29192355, 31.28785603, 31.28375984, 31.27963541,
        31.27547993, 31.27128932, 31.26706227, 31.26280005, 31.25850031,
        31.25416488, 31.24979397, 31.2453886 , 31.24095154, 31.23649549,
        31.23201561, 31.22752018, 31.22301405, 31.2184063 , 31.21407625,
        31.21002573, 31.2064791 , 31.20393864, 31.20375037, 31.21207961,
        31.62043367, 31.59612077, 31.58173501, 31.57010451, 31.55966728,
        31.54983902, 31.54033868, 31.53102558, 31.5217977 , 31.51259537,
        31.50337607, 31.494106  , 31.48474684, 31.47529374, 31.46573489,
        31.45605815, 31.44625702, 31.43632893, 31.42626172, 31.41605662,
        31.40570917, 31.39520775, 31.38455238, 31.37374517, 31.36277029,
        31.35163278, 31.34032993, 31.3288556 , 31.31721125, 31.30540443,
        31.29342247, 31.28127146, 31.26895549, 31.25647037, 31.24380686,
        31.23096994, 31.21791637, 31.20446701, 31.19107605, 31.17756711,
        31.16389407, 31.15005534, 31.13603895, 31.12184007, 31.10744724,
        31.09286144, 31.07806792, 31.06307322, 31.04787778, 31.03248204,
        31.01688522, 31.00110252, 30.9851137 , 30.96892282, 30.95253085,
        30.93593251, 30.91912703, 30.90212753, 30.88490286, 30.86738093,
        30.84978218, 30.83202754, 30.81410532, 30.79602999, 30.77780449,
        30.7594473 , 30.74098219, 30.72243041, 30.70382625, 30.68523414,
        30.66657318, 30.64818843, 30.63013668, 30.61261013, 30.59593902,
        30.58085033, 30.5685665 , 30.56162488, 30.56679696, 30.61555771,
        29.35628014, 29.274832  , 29.22900355, 29.19298333, 29.1613186 ,
        29.13192227, 29.1038135 , 29.07650701, 29.04969642, 29.02318588,
        28.99679794, 28.97042484, 28.94389074, 28.91717381, 28.89027205,
        28.8631417 , 28.83576366, 28.80811404, 28.7801759 , 28.7519139 ,
        28.72332428, 28.69437956, 28.66505227, 28.63534065, 28.60523083,
        28.57476524, 28.54396885, 28.51285116, 28.48144845, 28.44980915,
        28.4179197 , 28.38583908, 28.35358067, 28.3211603 , 28.28860117,
        28.25590398, 28.22304173, 28.18999751, 28.15676343, 28.12332556,
        28.08963847, 28.05571977, 28.02155171, 27.9871257 , 27.95242422,
        27.91745884, 27.88226126, 27.84722797, 27.81215859, 27.7762876 ,
        27.73951787, 27.70221332, 27.66437009, 27.62603546, 27.587199  ,
        27.54785018, 27.50802743, 27.46774693, 27.42689101, 27.38549635,
        27.34359053, 27.30119839, 27.25829617, 27.21489467, 27.170954  ,
        27.12650291, 27.08155007, 27.03608985, 26.99010901, 26.94366045,
        26.89678508, 26.84953408, 26.80197604, 26.75416147, 26.70609502,
        26.65784477, 26.60947831, 26.56100705, 26.51248775, 26.46400168,
        26.41551788, 26.36712724, 26.31889301, 26.27093403, 26.22302273,
        26.17530847, 26.12808773, 26.08134103, 26.03517013, 25.98967633,
        25.94503444, 25.90145248, 25.8591013 , 25.81824227, 25.77920931,
        25.74236356, 25.70822133, 25.67742918, 25.65023605, 25.62722814,
        25.60947378, 25.59859571, 25.5970609 , 25.60882907, 25.64098248,
        25.70817664, 25.84901177, 26.24117105]]), 'osnr': array([[31.78074246, 31.77896732, 31.77719808, 31.77543112, 31.77366552,
        31.77190123, 31.77013797, 31.76837564, 31.76661419, 31.76485357,
        31.76309375, 31.76133471, 31.75957643, 31.7578189 , 31.75606211,
        31.75430605, 31.75255072, 31.75079612, 31.74904222, 31.74728904,
        31.74553657, 31.7437848 , 31.74203374, 31.74028337, 31.73853371,
        31.73678473, 31.73503645, 31.73328885, 31.73154193, 31.7297957 ,
        31.72805014, 31.72630525, 31.72456102, 31.72281736, 31.72107447,
        31.71933228, 31.71759076, 31.71584992, 31.71410976, 31.71237029,
        31.7106315 , 31.7088934 , 31.70715599, 31.70541927, 31.70368322,
        31.70194787, 31.70021319, 31.6984792 , 31.69674588, 31.69501324,
        31.69328127, 31.69154997, 31.68981928, 31.68808932, 31.68636004,
        31.68463144, 31.68290349, 31.68117621, 31.6794496 , 31.67772364,
        31.67599834, 31.6742737 , 31.67254971, 31.67082637, 31.66910369,
        31.66738165, 31.66566027, 31.66393954, 31.66221946, 31.66050004,
        31.65878128, 31.65706318, 31.65534575, 31.65362891, 31.65191296,
        31.65019789, 31.64848388, 31.6467713 , 31.64506118, 31.64335817,
        32.13308704, 32.13136553, 32.1296515 , 32.12794002, 32.12623002,
        32.1245211 , 32.12281306, 32.1211058 , 32.11939926, 32.11769339,
        32.11598815, 32.11428353, 32.1125795 , 32.11087606, 32.10917318,
        32.10747087, 32.10576912, 32.10406792, 32.10236727, 32.10066716,
        32.09896759, 32.09726855, 32.09557004, 32.09387206, 32.0921746 ,
        32.09047766, 32.08878123, 32.08708531, 32.08538989, 32.08369499,
        32.0820006 , 32.0803067 , 32.07861331, 32.07692043, 32.07522803,
        32.07353613, 32.07184469, 32.07015358, 32.06846312, 32.0667732 ,
        32.06508377, 32.06339483, 32.06170636, 32.06001838, 32.05833085,
        32.05664378, 32.05495716, 32.05327099, 32.05158527, 32.0499    ,
        32.04821517, 32.04653079, 32.04484684, 32.04316333, 32.04148026,
        32.03979761, 32.03811538, 32.03643359, 32.0347522 , 32.03307115,
        32.03139063, 32.02971055, 32.02803091, 32.02635173, 32.02467299,
        32.02299472, 32.02131693, 32.01963964, 32.01796287, 32.01628668,
        32.014611  , 32.01293613, 32.0112621 , 32.00958911, 32.00791743,
        32.00624771, 32.00458104, 32.00291966, 32.00126954, 31.99965803,
        30.48961256, 30.48786813, 30.48616518, 30.4844741 , 30.48278856,
        30.48110613, 30.47942567, 30.47774661, 30.47606857, 30.47439133,
        30.47271466, 30.47103843, 30.46936241, 30.46768658, 30.46601092,
        30.46433537, 30.4626599 , 30.46098447, 30.45930904, 30.45763356,
        30.45595802, 30.45428237, 30.45260655, 30.45093056, 30.44925436,
        30.44757799, 30.44590148, 30.44422484, 30.44254809, 30.44087129,
        30.43919442, 30.43751755, 30.4358407 , 30.43416387, 30.43248709,
        30.43081035, 30.42913361, 30.42745684, 30.42578   , 30.42410307,
        30.42242597, 30.42074872, 30.41907126, 30.41739358, 30.41571564,
        30.41403743, 30.412359  , 30.41068099, 30.40900305, 30.40732392,
        30.4056434 , 30.40396204, 30.40227983, 30.40059682, 30.39891295,
        30.39722818, 30.39554255, 30.39385605, 30.39216845, 30.39047978,
        30.38879005, 30.38709927, 30.38540737, 30.38371433, 30.38202003,
        30.3803245 , 30.3786277 , 30.37692959, 30.3752301 , 30.3735293 ,
        30.37182722, 30.37012393, 30.36841954, 30.36671412, 30.36500765,
        30.36330025, 30.36159203, 30.35988301, 30.35817328, 30.35646302,
        30.35475214, 30.35304083, 30.35132923, 30.34961764, 30.34790464,
        30.34619231, 30.34448051, 30.34276922, 30.34105872, 30.33934928,
        30.3376414 , 30.33593567, 30.33423258, 30.33253292, 30.33083765,
        30.32914786, 30.32746508, 30.3257912 , 30.3241271 , 30.32247454,
        30.32083665, 30.31921805, 30.31762566, 30.31607037, 30.31457118,
        30.31316618, 30.31195163, 30.31133916]]), 'snr_nli': array([[43.98730608, 43.73313863, 43.61035906, 43.52615759, 43.45783619,
        43.40347238, 43.356749  , 43.31521564, 43.27740683, 43.24243024,
        43.20963362, 43.1785342 , 43.14863311, 43.119757  , 43.09173049,
        43.06434693, 43.03748508, 43.01105238, 42.98491305, 42.95903383,
        42.93336782, 42.90784981, 42.88241827, 42.85706921, 42.83171365,
        42.80628695, 42.78076961, 42.75510966, 42.72921954, 42.70310307,
        42.6766702 , 42.64984139, 42.62243701, 42.59298081, 42.56495739,
        42.53695995, 42.50883559, 42.48057578, 42.45225049, 42.4239126 ,
        42.39559042, 42.36735035, 42.33915238, 42.31100203, 42.28290057,
        42.25484445, 42.22681186, 42.1987833 , 42.1707244 , 42.14260768,
        42.11441331, 42.08605241, 42.05655313, 42.02800513, 41.99952197,
        41.97095001, 41.94224537, 41.91341277, 41.88439767, 41.85520891,
        41.82581841, 41.79618457, 41.7662977 , 41.73617733, 41.70580254,
        41.67519886, 41.64437379, 41.61334343, 41.58214228, 41.550911  ,
        41.51959964, 41.48829826, 41.45705909, 41.42492902, 41.39587695,
        41.36987044, 41.34918071, 41.33892044, 41.35293492, 41.45619891,
        41.15384413, 40.95331381, 40.84351282, 40.75881872, 40.68523246,
        40.61757853, 40.55339617, 40.49145812, 40.43089862, 40.37121791,
        40.31206965, 40.2531881 , 40.19428614, 40.13533496, 40.0762568 ,
        40.01697488, 39.95745629, 39.89769723, 39.83762789, 39.77727347,
        39.71661996, 39.65560621, 39.59425123, 39.53258721, 39.47052917,
        39.40812959, 39.34539015, 39.28229127, 39.2188614 , 39.15516525,
        39.09114289, 39.02684917, 38.96232477, 38.89756076, 38.83251973,
        38.76724695, 38.70151576, 38.63435908, 38.56831726, 38.50240571,
        38.43638084, 38.37024552, 38.30394833, 38.23747721, 38.17078721,
        38.10389801, 38.03675045, 37.96939291, 37.90184188, 37.83411347,
        37.76621713, 37.69823686, 37.63008907, 37.56180504, 37.49340081,
        37.42486383, 37.35620216, 37.28748388, 37.21858377, 37.14920863,
        37.08030663, 37.01153976, 36.94286173, 36.8743342 , 36.80596977,
        36.73784194, 36.67004153, 36.60264531, 36.53577654, 36.46966693,
        36.40399395, 36.340027  , 36.2779259 , 36.21833678, 36.16237999,
        36.11255715, 36.07306214, 36.05267537, 36.07522986, 36.25541106,
        35.74490025, 35.40634767, 35.22636383, 35.08966806, 34.97258263,
        34.86619585, 34.76636275, 34.67102445, 34.57889504, 34.48915633,
        34.40110184, 34.31430306, 34.22812503, 34.14247921, 34.05734649,
        33.97257325, 33.88809238, 33.80382494, 33.7197174 , 33.63566224,
        33.55165302, 33.46761237, 33.38346676, 33.29922135, 33.214846  ,
        33.13047253, 33.04617706, 32.96198886, 32.8780092 , 32.79436739,
        32.71102002, 32.62811798, 32.5456854 , 32.46375148, 32.38236287,
        32.3015069 , 32.22110182, 32.14109434, 32.06145538, 31.98214232,
        31.90303836, 31.82418144, 31.74552455, 31.6670437 , 31.58869523,
        31.5105035 , 31.43253738, 31.35568036, 31.27945742, 31.20216862,
        31.12363366, 31.04467407, 30.96529467, 30.88560826, 30.80560247,
        30.72526505, 30.64468488, 30.56390214, 30.4826851 , 30.40111935,
        30.31926913, 30.23719098, 30.15484462, 30.0722578 , 29.98936027,
        29.90621422, 29.82284182, 29.73923773, 29.65538261, 29.57137868,
        29.48730283, 29.40324766, 29.31933358, 29.23564498, 29.15218291,
        29.06905875, 28.98637946, 28.90415234, 28.82246165, 28.74143053,
        28.66099048, 28.58127782, 28.50237951, 28.42447145, 28.34716114,
        28.27067526, 28.19547297, 28.12149667, 28.0488833 , 27.97776635,
        27.90839235, 27.84105501, 27.77598506, 27.71354982, 27.65422281,
        27.59851292, 27.54716012, 27.50109527, 27.46063963, 27.42662799,
        27.40062336, 27.38502613, 27.38352062, 27.40208415, 27.45154244,
        27.55464903, 27.77267473, 28.40018362]]), 'max_oct': np.float64(397.0251691027937)}"
19,24,19,24,166.5,3,3,55.5,"{'P_opt': np.float64(-11.600000000000003), 'gsnr': array([[34.19676791, 34.173805  , 34.16155931, 34.15258954, 34.14522254,
        34.1388025 , 34.13300714, 34.12765372, 34.1226228 , 34.11783927,
        34.11324792, 34.10880721, 34.10447381, 34.10023272, 34.096068  ,
        34.0919619 , 34.08790331, 34.08388383, 34.07989116, 34.07592201,
        34.07197188, 34.06803459, 34.06410429, 34.06018036, 34.05625378,
        34.05231745, 34.0483658 , 34.0443765 , 34.04013384, 34.03610389,
        34.03207284, 34.02801933, 34.02393958, 34.01983226, 34.0156933 ,
        34.0115294 , 34.00734184, 34.00313254, 33.99890791, 33.99467298,
        33.99042979, 33.98618482, 33.98193389, 33.97767758, 33.97341597,
        33.96914873, 33.96487256, 33.96058371, 33.95626733, 33.95178521,
        33.94744549, 33.94311547, 33.9387743 , 33.93441867, 33.93004848,
        33.92565913, 33.92124861, 33.91681901, 33.91236512, 33.90788852,
        33.90338688, 33.89885618, 33.89429588, 33.88970919, 33.88509474,
        33.88045668, 33.87579759, 33.87112139, 33.86643375, 33.86175292,
        33.85705774, 33.85213549, 33.84755798, 33.84315957, 33.83902605,
        33.83536359, 33.8325494 , 33.83137683, 33.83395937, 33.84998319,
        34.24668157, 34.21245376, 34.19372083, 34.1793317 , 34.16686261,
        34.15540825, 34.14453628, 34.13402938, 34.12373349, 34.11355865,
        34.10344155, 34.09333311, 34.08317985, 34.07297426, 34.06269939,
        34.05233939, 34.0418856 , 34.03133411, 34.02067045, 34.00989613,
        33.99900585, 33.98798686, 33.97683925, 33.96556628, 33.95415054,
        33.942599  , 33.93090961, 33.91907601, 33.90709915, 33.89498609,
        33.88271509, 33.87026062, 33.85734112, 33.84463258, 33.83183632,
        33.81893331, 33.80590828, 33.79276031, 33.779478  , 33.7660676 ,
        33.75251801, 33.73883761, 33.72501711, 33.71105517, 33.6969416 ,
        33.68267993, 33.66825558, 33.65367806, 33.63894691, 33.62406266,
        33.60902321, 33.59382788, 33.57833912, 33.56284931, 33.54724177,
        33.53149628, 33.51561222, 33.49960794, 33.48347296, 33.46721319,
        33.4508389 , 33.43434443, 33.41771888, 33.40085067, 33.38408638,
        33.36731168, 33.35053274, 33.33377394, 33.31707843, 33.30053907,
        33.28411236, 33.26805852, 33.25247605, 33.23758083, 33.22384539,
        33.21203946, 33.20349372, 33.20121627, 33.21286322, 33.27395364,
        32.04118542, 31.95500101, 31.90893007, 31.87409771, 31.8442278 ,
        31.81701354, 31.79140528, 31.76686441, 31.74299533, 31.71957345,
        31.69644317, 31.67346072, 31.65048149, 31.6274948 , 31.60444644,
        31.58131483, 31.55808644, 31.53473689, 31.51124296, 31.48758924,
        31.46375859, 31.43972105, 31.4154629 , 31.39098015, 31.36625867,
        31.3413376 , 31.31624192, 31.29098856, 31.265621  , 31.24020702,
        31.2148808 , 31.18960224, 31.16410451, 31.13835381, 31.11251806,
        31.08663025, 31.06068342, 31.03467425, 31.00859924, 30.98244969,
        30.95618812, 30.92982889, 30.9033538 , 30.87675315, 30.85000407,
        30.82309788, 30.79600445, 30.76877518, 30.74136703, 30.71375507,
        30.68594837, 30.65795809, 30.62972407, 30.60126744, 30.57256796,
        30.54361292, 30.51442685, 30.48502072, 30.45530798, 30.42532462,
        30.3950852 , 30.36460636, 30.33387327, 30.30289887, 30.27165405,
        30.24016194, 30.2084271 , 30.1764478 , 30.14421701, 30.11177678,
        30.07915682, 30.04639568, 30.01354766, 29.98065368, 29.94772009,
        29.9147993 , 29.88193845, 29.84914539, 29.81645989, 29.78394362,
        29.75157373, 29.71942407, 29.68754081, 29.65602179, 29.6246636 ,
        29.59356618, 29.56298306, 29.53288996, 29.50335968, 29.47446294,
        29.44632684, 29.41910415, 29.39292039, 29.36797381, 29.3445122 ,
        29.32280532, 29.30322449, 29.28628271, 29.27224746, 29.26167504,
        29.25545469, 29.25491106, 29.26204602, 29.28007763, 29.31487755,
        29.37880463, 29.50039575, 29.81894907]]), 'osnr': array([[34.49479091, 34.49301809, 34.49125005, 34.48948398, 34.48771923,
        34.48595556, 34.48419284, 34.482431  , 34.48067   , 34.4789098 ,
        34.47715039, 34.47539175, 34.47363385, 34.47187671, 34.47012029,
        34.46836461, 34.46660966, 34.46485543, 34.46310191, 34.46134911,
        34.45959702, 34.45784564, 34.45609497, 34.454345  , 34.45259574,
        34.45084717, 34.4490993 , 34.44735211, 34.44560553, 34.44385973,
        34.44211463, 34.44037021, 34.43862649, 34.43688345, 34.4351411 ,
        34.43339943, 34.43165845, 34.42991816, 34.42817855, 34.42643964,
        34.42470141, 34.42296388, 34.42122703, 34.41949088, 34.41775541,
        34.41602064, 34.41428655, 34.41255314, 34.41082042, 34.40908831,
        34.40735695, 34.40562628, 34.4038963 , 34.40216699, 34.40043836,
        34.39871041, 34.39698314, 34.39525654, 34.39353062, 34.39180537,
        34.39008079, 34.38835688, 34.38663364, 34.38491107, 34.38318917,
        34.38146794, 34.37974738, 34.37802749, 34.37630828, 34.37458974,
        34.37287188, 34.37115459, 34.36943813, 34.36772241, 34.36600748,
        34.36429342, 34.36258038, 34.36086869, 34.35915924, 34.357456  ,
        34.84719368, 34.84547555, 34.84376389, 34.84205452, 34.84034655,
        34.83863961, 34.83693356, 34.8352283 , 34.83352379, 34.83181997,
        34.83011684, 34.82841437, 34.82671253, 34.82501132, 34.82331075,
        34.82161079, 34.81991145, 34.81821272, 34.8165146 , 34.81481709,
        34.81312018, 34.81142387, 34.80972815, 34.80803303, 34.8063385 ,
        34.80464456, 34.80295121, 34.80125845, 34.79956627, 34.79787468,
        34.79618366, 34.79449321, 34.79280321, 34.79111393, 34.78942526,
        34.78773717, 34.78604968, 34.78436276, 34.78267643, 34.78099067,
        34.77930549, 34.77762089, 34.77593686, 34.7742534 , 34.7725705 ,
        34.77088816, 34.76920639, 34.76752517, 34.76584451, 34.76416441,
        34.76248487, 34.76080588, 34.75912738, 34.7574495 , 34.75577219,
        34.75409543, 34.75241923, 34.75074359, 34.74906851, 34.74739399,
        34.74572002, 34.74404662, 34.74237376, 34.74070141, 34.73902971,
        34.73735861, 34.73568812, 34.73401825, 34.73234901, 34.73068045,
        34.72901255, 34.72734543, 34.72567914, 34.72401378, 34.72234958,
        34.72068692, 34.71902643, 34.71736957, 34.71571999, 34.71409442,
        33.20411633, 33.20241208, 33.20073332, 33.19906218, 33.19739472,
        33.19572951, 33.19406587, 33.19240347, 33.19074205, 33.18908146,
        33.18742161, 33.1857624 , 33.18410374, 33.1824456 , 33.18078796,
        33.17913081, 33.17747411, 33.17581787, 33.17416206, 33.17250666,
        33.17085166, 33.16919704, 33.16754279, 33.16588889, 33.16423533,
        33.16258214, 33.16092933, 33.15927691, 33.15762492, 33.15597339,
        33.15432243, 33.15267201, 33.15102193, 33.14937215, 33.14772279,
        33.14607389, 33.14442544, 33.14277742, 33.14112984, 33.13948269,
        33.13783593, 33.13618958, 33.1345436 , 33.13289801, 33.13125277,
        33.12960787, 33.12796328, 33.12631904, 33.12467512, 33.12303148,
        33.12138814, 33.11974509, 33.11810227, 33.11645971, 33.11481738,
        33.11317526, 33.11153337, 33.1098917 , 33.10825019, 33.10660884,
        33.10496768, 33.10332671, 33.1016859 , 33.10004527, 33.09840477,
        33.09676443, 33.09512424, 33.09348419, 33.09184427, 33.09020452,
        33.08856494, 33.08692558, 33.08528649, 33.0836477 , 33.08200921,
        33.08037108, 33.07873334, 33.07709602, 33.07545914, 33.07382278,
        33.07218691, 33.07055161, 33.06891693, 33.06728299, 33.06564871,
        33.06401591, 33.06238403, 33.06075304, 33.05912304, 33.05749412,
        33.05586643, 33.05424016, 33.05261548, 33.05099263, 33.04937193,
        33.04775372, 33.04613845, 33.04452678, 33.04291905, 33.04131594,
        33.03971855, 33.03812847, 33.03654807, 33.0349811 , 33.03343427,
        33.03192138, 33.03047303, 33.02923131]]), 'snr_nli': array([[45.98027257, 45.66947015, 45.52213748, 45.42285251, 45.34662486,
        45.28385592, 45.22989171, 45.18211988, 45.13885679, 45.09904651,
        45.06192185, 45.02691196, 44.99344268, 44.96130174, 44.93027173,
        44.90011969, 44.87069788, 44.84189432, 44.81355397, 44.78563103,
        44.75806672, 44.73078402, 44.70371118, 44.67683862, 44.65006031,
        44.62329455, 44.59647854, 44.56936194, 44.53953021, 44.51222802,
        44.48504269, 44.45773734, 44.43027312, 44.40263866, 44.37479325,
        44.34681337, 44.31871567, 44.29052334, 44.26230674, 44.23411997,
        44.205985  , 44.17796919, 44.150028  , 44.12216691, 44.09438607,
        44.06668156, 44.03901923, 44.01136125, 43.98355874, 43.9542322 ,
        43.92647288, 43.89894295, 43.87143423, 43.84391474, 43.81638416,
        43.78879888, 43.7611411 , 43.73343262, 43.70562515, 43.67773612,
        43.64974548, 43.62161783, 43.59335102, 43.56497792, 43.53648813,
        43.50792259, 43.47930664, 43.45067735, 43.42208702, 43.39369953,
        43.36532319, 43.33507056, 43.30802071, 43.28266919, 43.25974269,
        43.24100728, 43.22970047, 43.23268349, 43.26851028, 43.42496442,
        43.13610383, 42.88877735, 42.76311097, 42.67100406, 42.59382445,
        42.52471146, 42.46042592, 42.39934333, 42.34033871, 42.28275911,
        42.22615333, 42.17018048, 42.11448601, 42.05901874, 42.00367109,
        41.94834621, 41.89299537, 41.8376003 , 41.78208047, 41.72645315,
        41.67069517, 41.61474133, 41.55860266, 41.50230776, 41.44576843,
        41.38903541, 41.33210803, 41.27496228, 41.2176146 , 41.1601135 ,
        41.10235378, 41.04421499, 40.98426091, 40.9260045 , 40.8678887 ,
        40.80981864, 40.75172183, 40.69359916, 40.63540059, 40.57716291,
        40.51883892, 40.46047505, 40.40203367, 40.3435153 , 40.28488006,
        40.22615171, 40.16727222, 40.10829246, 40.04921758, 39.99005696,
        39.93080832, 39.87147556, 39.81148762, 39.75208388, 39.69277064,
        39.63346675, 39.57417335, 39.51496722, 39.45580813, 39.39672155,
        39.33774889, 39.2788686 , 39.22004014, 39.16084525, 39.10259057,
        39.0448303 , 38.9875764 , 38.9309063 , 38.87496212, 38.82005799,
        38.76601559, 38.71372659, 38.66349207, 38.61600982, 38.57283862,
        38.5365142 , 38.51143624, 38.50767307, 38.55131134, 38.76793765,
        38.33198744, 37.98153523, 37.80471265, 37.67555106, 37.56758744,
        37.47124484, 37.38219314, 37.29820653, 37.21769555, 37.1397527 ,
        37.06375492, 36.98915018, 36.91540983, 36.8424742 , 36.77014332,
        36.69833201, 36.62698446, 36.55601272, 36.48533617, 36.4149018 ,
        36.34465332, 36.27449782, 36.20439492, 36.13433499, 36.06427875,
        35.99434388, 35.92460234, 35.85510006, 35.78595611, 35.71735289,
        35.64964978, 35.58271336, 35.51579802, 35.44881446, 35.38221564,
        35.31608051, 35.25038026, 35.18509659, 35.12021129, 35.05569344,
        34.99144038, 34.92748292, 34.8637698 , 34.80027244, 34.73693085,
        34.67372151, 34.61056993, 34.54759859, 34.4847024 , 34.42182217,
        34.35897967, 34.2962008 , 34.23334713, 34.17046939, 34.10752332,
        34.04448287, 33.98140549, 33.9183169 , 33.85502875, 33.79162435,
        33.72813822, 33.6646083 , 33.60100462, 33.53735646, 33.47360438,
        33.40979894, 33.345951  , 33.28205817, 33.21810734, 33.15418459,
        33.09034879, 33.02667465, 32.96326579, 32.90019672, 32.83747268,
        32.77518771, 32.71342329, 32.65218385, 32.59153425, 32.53157901,
        32.47226209, 32.41370865, 32.35598989, 32.29927045, 32.24316192,
        32.18783371, 32.13373122, 32.08079072, 32.02912385, 31.97883677,
        31.93013398, 31.88326213, 31.83841657, 31.79591767, 31.75616846,
        31.7196062 , 31.68684072, 31.65872284, 31.63567744, 31.61862967,
        31.60908078, 31.60929005, 31.6227078 , 31.65494735, 31.71639206,
        31.82928133, 32.04653039, 32.6380715 ]]), 'max_oct': np.float64(434.39384695135294)}"
19,40,19,40,207.0,3,3,69.0,"{'P_opt': np.float64(-13.600000000000003), 'gsnr': array([[32.22391222, 32.20597699, 32.19614404, 32.18859172, 32.18246423,
        32.1770852 , 32.17218932, 32.16763281, 32.16332216, 32.15919926,
        32.15522108, 32.15135531, 32.14756772, 32.14384684, 32.14018064,
        32.13655488, 32.13296106, 32.12939268, 32.12583999, 32.12230063,
        32.11877123, 32.11524696, 32.11172324, 32.10819982, 32.10466984,
        32.10112832, 32.0975736 , 32.09400139, 32.09040443, 32.08678216,
        32.08312508, 32.07941519, 32.07552542, 32.07175083, 32.06796309,
        32.06415389, 32.06032201, 32.05646835, 32.05259872, 32.04871747,
        32.04482679, 32.04093219, 32.03703036, 32.03312177, 32.02920656,
        32.02528449, 32.02135355, 32.017412  , 32.01345645, 32.00948322,
        32.00548292, 32.00137363, 31.99734326, 31.99330755, 31.98925707,
        31.98518584, 31.98109113, 31.97697377, 31.97282882, 31.96865699,
        31.9644556 , 31.96022059, 31.95595083, 31.95164801, 31.94731005,
        31.94293932, 31.93853663, 31.93410377, 31.92964449, 31.92517358,
        31.92068702, 31.91619534, 31.9117065 , 31.90712067, 31.90285928,
        31.8989268 , 31.89557851, 31.89338282, 31.89386186, 31.90398913,
        32.31056073, 32.28398565, 32.26862515, 32.25638749, 32.24551138,
        32.23533825, 32.22555213, 32.2159946 , 32.20655167, 32.19715665,
        32.18776224, 32.17833106, 32.16882133, 32.1592276 , 32.14953694,
        32.13973641, 32.12981909, 32.11978211, 32.1096129 , 32.09931279,
        32.08887716, 32.07829427, 32.06756419, 32.05668935, 32.04565374,
        32.03446291, 32.02311449, 32.01160252, 31.99992863, 31.98810082,
        31.97610591, 31.96395018, 31.95163752, 31.93916271, 31.92651204,
        31.91366407, 31.90041912, 31.88726462, 31.873996  , 31.86058413,
        31.84701137, 31.83328164, 31.81938463, 31.8053168 , 31.79106732,
        31.7766379 , 31.76201411, 31.74720335, 31.73220599, 31.71702288,
        31.70165385, 31.68611412, 31.6703833 , 31.65446573, 31.6383617 ,
        31.62206314, 31.6055522 , 31.58876745, 31.57191499, 31.5549176 ,
        31.53776653, 31.52045507, 31.50299161, 31.48539493, 31.46766961,
        31.44983416, 31.4319092 , 31.41389216, 31.39573364, 31.37779742,
        31.3599992 , 31.34239729, 31.32513702, 31.30844831, 31.2926781 ,
        31.27856102, 31.26732105, 31.26172225, 31.26874807, 31.32075347,
        30.06549911, 29.98310376, 29.93746352, 29.90201496, 29.87101311,
        29.8423764 , 29.81512893, 29.78876143, 29.76293926, 29.73743269,
        29.71212203, 29.68685282, 29.66147942, 29.63598214, 29.61034055,
        29.58451076, 29.55847392, 29.53221223, 29.50569748, 29.47891268,
        29.45183939, 29.42445343, 29.39674386, 29.36870034, 29.34030521,
        29.31160305, 29.28262037, 29.25336835, 29.22388738, 29.19422229,
        29.16436374, 29.13436044, 29.10422818, 29.07397393, 29.04361898,
        29.01316411, 28.98258841, 28.95188365, 28.92104825, 28.89007915,
        28.85895414, 28.82774433, 28.7966981 , 28.76569865, 28.73410321,
        28.70183113, 28.66912757, 28.6361114 , 28.60275477, 28.56903419,
        28.53496535, 28.50056518, 28.46576387, 28.43058206, 28.39499796,
        28.3589959 , 28.32260695, 28.28584355, 28.24859813, 28.21090615,
        28.17279033, 28.13427215, 28.09533086, 28.05597766, 28.01617641,
        27.97595362, 27.93531648, 27.89426057, 27.852775  , 27.81090896,
        27.76869977, 27.72619456, 27.68345737, 27.64053577, 27.59743546,
        27.55421937, 27.51094821, 27.46763242, 27.42432312, 27.38109482,
        27.33791987, 27.29488342, 27.25204308, 27.20951098, 27.16706651,
        27.1248422 , 27.08312095, 27.04188137, 27.00121545, 26.96121427,
        26.92203667, 26.88387218, 26.84687684, 26.8112913 , 26.77742102,
        26.74559718, 26.71628767, 26.69009611, 26.66728248, 26.6484287 ,
        26.63454831, 26.62717009, 26.62861186, 26.64258896, 26.67573741,
        26.74176689, 26.87670946, 27.24583305]]), 'osnr': array([[32.48359833, 32.48182387, 32.48005497, 32.47828815, 32.47652291,
        32.47475882, 32.47299574, 32.47123358, 32.46947227, 32.46771179,
        32.46595211, 32.4641932 , 32.46243505, 32.46067765, 32.45892099,
        32.45716507, 32.45540987, 32.45365539, 32.45190162, 32.45014857,
        32.44839624, 32.4466446 , 32.44489368, 32.44314345, 32.44139392,
        32.43964509, 32.43789695, 32.4361495 , 32.43440274, 32.43265666,
        32.43091126, 32.42916652, 32.42742237, 32.42567899, 32.42393629,
        32.42219428, 32.42045295, 32.4187123 , 32.41697233, 32.41523305,
        32.41349446, 32.41175656, 32.41001934, 32.40828282, 32.40654698,
        32.40481182, 32.40307735, 32.40134356, 32.39961045, 32.39787802,
        32.39614626, 32.39441511, 32.3926847 , 32.39095498, 32.38922593,
        32.38749755, 32.38576984, 32.3840428 , 32.38231642, 32.38059071,
        32.37886566, 32.37714127, 32.37541754, 32.37369447, 32.37197206,
        32.3702503 , 32.3685292 , 32.36680876, 32.36508898, 32.36336987,
        32.36165142, 32.35993365, 32.35821655, 32.35650006, 32.35478446,
        32.35306974, 32.35135607, 32.34964383, 32.34793398, 32.34623103,
        32.83596283, 32.83424229, 32.83252899, 32.83081817, 32.82910882,
        32.82740054, 32.82569314, 32.82398654, 32.82228066, 32.82057546,
        32.81887091, 32.817167  , 32.81546368, 32.81376097, 32.81205885,
        32.81035732, 32.80865636, 32.80695597, 32.80525616, 32.8035569 ,
        32.80185821, 32.80016007, 32.79846249, 32.79676545, 32.79506896,
        32.79337301, 32.7916776 , 32.78998273, 32.78828839, 32.78659459,
        32.78490131, 32.78320857, 32.78151637, 32.77982469, 32.77813352,
        32.77644286, 32.77475258, 32.77306297, 32.77137392, 32.7696854 ,
        32.76799739, 32.76630991, 32.76462293, 32.76293647, 32.7612505 ,
        32.75956503, 32.75788004, 32.75619554, 32.75451153, 32.75282801,
        32.75114497, 32.74946242, 32.74778035, 32.74609876, 32.74441764,
        32.74273699, 32.74105679, 32.739377  , 32.73769776, 32.73601902,
        32.73434076, 32.73266298, 32.73098568, 32.72930888, 32.72763258,
        32.72595678, 32.7242815 , 32.72260674, 32.72093246, 32.71925892,
        32.71758607, 32.71591394, 32.71424264, 32.71257235, 32.71090333,
        32.70923612, 32.70757167, 32.70591204, 32.70426248, 32.70264686,
        31.19262505, 31.19089379, 31.18919899, 31.18751475, 31.18583543,
        31.18415895, 31.18248436, 31.18081113, 31.17913894, 31.17746754,
        31.17579681, 31.1741266 , 31.17245674, 31.1707872 , 31.16911797,
        31.16744899, 31.16578023, 31.16411166, 31.16244326, 31.16077499,
        31.15910682, 31.15743873, 31.15577069, 31.15410267, 31.15243466,
        31.15076668, 31.14909877, 31.14743093, 31.14576319, 31.14409561,
        31.14242817, 31.14076092, 31.13909386, 31.13742702, 31.1357604 ,
        31.134094  , 31.13242779, 31.13076176, 31.1290959 , 31.12743019,
        31.12576461, 31.12409923, 31.12243439, 31.12076992, 31.11910498,
        31.11743942, 31.11577356, 31.11410754, 31.11244132, 31.11077485,
        31.10910813, 31.10744118, 31.10577387, 31.10410623, 31.1024382 ,
        31.10076975, 31.09910089, 31.09743163, 31.0957618 , 31.09409141,
        31.09242049, 31.09074905, 31.08907702, 31.08740441, 31.08573114,
        31.08405722, 31.08238264, 31.08070737, 31.07903136, 31.07735468,
        31.07567735, 31.07399943, 31.07232102, 31.07064217, 31.06896287,
        31.06728323, 31.06560332, 31.06392317, 31.06224285, 31.0605625 ,
        31.05888204, 31.05720165, 31.05552143, 31.05384159, 31.05216086,
        31.05048121, 31.04880234, 31.04712422, 31.04544707, 31.04377108,
        31.04209661, 31.04042408, 31.03875387, 31.03708652, 31.03542276,
        31.03376334, 31.03210937, 31.03046223, 31.0288226 , 31.02719184,
        31.02557228, 31.02396731, 31.02238205, 31.0208245 , 31.01930866,
        31.0178626 , 31.0165573 , 31.01569679]]), 'snr_nli': array([[44.58646422, 44.31433273, 44.18334821, 44.09104645, 44.02216707,
        43.96551147, 43.91669652, 43.87336335, 43.83399688, 43.79765739,
        43.76365719, 43.73148498, 43.70061736, 43.6708682 , 43.64204884,
        43.61394385, 43.58642335, 43.55938841, 43.532697  , 43.50631196,
        43.48018292, 43.4542411 , 43.42842215, 43.40272117, 43.37704538,
        43.3513286 , 43.32554974, 43.29965398, 43.27354841, 43.24722945,
        43.22057771, 43.19336662, 43.16397396, 43.13620518, 43.10840404,
        43.08046722, 43.05238199, 43.02416323, 42.99588579, 42.96760517,
        42.93934924, 42.9111856 , 42.88307319, 42.85501775, 42.82702069,
        42.79907887, 42.77116826, 42.74326863, 42.71534068, 42.68734249,
        42.659167  , 42.62987162, 42.60163432, 42.57347567, 42.54528819,
        42.51700531, 42.488599  , 42.4600812 , 42.43139961, 42.40256569,
        42.37355333, 42.34432213, 42.31486426, 42.28520297, 42.2553201 ,
        42.22524571, 42.19499271, 42.16458415, 42.13406282, 42.1035858 ,
        42.07311157, 42.04274941, 42.01257969, 41.98158464, 41.95404026,
        41.92993717, 41.91178814, 41.90522585, 41.92551477, 42.04447802,
        41.74353878, 41.52839961, 41.41331934, 41.32590432, 41.2507523 ,
        41.18217592, 41.1174777 , 41.05530955, 40.99472658, 40.93518205,
        40.87629759, 40.81778398, 40.75933317, 40.70090995, 40.64242816,
        40.58380516, 40.52500378, 40.46601636, 40.4067701 , 40.34728843,
        40.28755494, 40.22750734, 40.16716284, 40.10655314, 40.04559245,
        39.98433347, 39.92277814, 39.86090661, 39.79874595, 39.73636013,
        39.67368582, 39.61077598, 39.54766765, 39.48434462, 39.42074381,
        39.35676255, 39.29132615, 39.22713296, 39.16305105, 39.09892893,
        39.03468226, 38.970342  , 38.90586508, 38.84124461, 38.77643786,
        38.71146603, 38.64627066, 38.58090145, 38.51537247, 38.44969942,
        38.38389275, 38.31803323, 38.25203612, 38.18593178, 38.11973117,
        38.05340815, 37.98689534, 37.91994134, 37.8534421 , 37.78706397,
        37.72077225, 37.6545421 , 37.58841104, 37.52245659, 37.45669635,
        37.39120183, 37.32604951, 37.26122341, 37.19653012, 37.13333808,
        37.07129151, 37.0105748 , 36.95168309, 36.89539975, 36.84290167,
        36.79671169, 36.76102572, 36.74542568, 36.77452024, 36.96649214,
        36.4749991 , 36.13094102, 35.95102672, 35.81604507, 35.70102348,
        35.59703007, 35.49991262, 35.40750639, 35.31841217, 35.2316861 ,
        35.14682217, 35.06322232, 34.98034993, 34.89811891, 34.81644466,
        34.73517   , 34.65422621, 34.57355113, 34.49305265, 34.41267793,
        34.33237206, 34.25206517, 34.17173038, 34.09134384, 34.01086122,
        33.93042036, 33.85010091, 33.7699353 , 33.69003599, 33.61052233,
        33.5313602 , 33.4526736 , 33.37449298, 33.29682401, 33.21970941,
        33.14313692, 33.06703915, 32.99138352, 32.91615531, 32.84133667,
        32.7668632 , 32.69290007, 32.62003314, 32.54795427, 32.47512315,
        32.40137372, 32.32730242, 32.25319308, 32.17898487, 32.10462905,
        32.03016605, 31.95563758, 31.8808934 , 31.80598531, 31.73087174,
        31.65552568, 31.58001984, 31.50438524, 31.42840233, 31.35215382,
        31.27569347, 31.19907058, 31.12224796, 31.0452531 , 30.9680192 ,
        30.89060407, 30.81302605, 30.73528048, 30.65735038, 30.57933285,
        30.50129942, 30.42333746, 30.34556259, 30.26805653, 30.1908224 ,
        30.11396623, 30.03758683, 29.96169087, 29.88635647, 29.81170045,
        29.73765904, 29.66436482, 29.59189975, 29.5204365 , 29.44958174,
        29.37954374, 29.31077838, 29.24322539, 29.17701343, 29.11226721,
        29.04921978, 28.98814975, 28.92927695, 28.87295408, 28.81963251,
        28.76979891, 28.72415187, 28.68359841, 28.64849784, 28.6197193 ,
        28.59881129, 28.58813477, 28.59130505, 28.61418266, 28.66737372,
        28.77315135, 28.99143309, 29.60984738]]), 'max_oct': np.float64(407.0019035192841)}"
20,42,20,42,100.3,2,2,50.15,"{'P_opt': np.float64(-10.730000000000002), 'gsnr': array([[35.0384386 , 35.01226727, 34.9984356 , 34.98837296, 34.98015363,
        34.97302331, 34.96661141, 34.96070789, 34.95517584, 34.94992899,
        34.9449041 , 34.94005369, 34.93532848, 34.9307112 , 34.92618342,
        34.92172506, 34.91732333, 34.91296861, 34.90864691, 34.90435436,
        34.9000857 , 34.89583379, 34.89159181, 34.88735867, 34.88312322,
        34.87887461, 34.87458977, 34.86998224, 34.86566505, 34.86136069,
        34.85703934, 34.85269217, 34.84831756, 34.84391472, 34.83947928,
        34.83501876, 34.83053434, 34.82602798, 34.8215064 , 34.81697494,
        34.81243559, 34.80789539, 34.80334952, 34.79879849, 34.79424212,
        34.78967945, 34.78510472, 34.78050255, 34.77568579, 34.77106127,
        34.7664475 , 34.76183379, 34.75720709, 34.7525657 , 34.74791024,
        34.74323604, 34.73854119, 34.73382836, 34.72909201, 34.72433418,
        34.71955261, 34.71474314, 34.70990542, 34.70504335, 34.70015553,
        34.69524654, 34.6903184 , 34.68537184, 34.68039088, 34.67508893,
        34.67016771, 34.66534301, 34.66063659, 34.65612439, 34.65193035,
        34.64829983, 34.64567458, 34.64498132, 34.64868765, 34.66810916,
        35.05590498, 35.01695109, 34.99603968, 34.9801952 , 34.9665993 ,
        34.95419977, 34.94249477, 34.93123166, 34.92023243, 34.90939311,
        34.89864076, 34.88791922, 34.87716793, 34.86637793, 34.85552977,
        34.84460557, 34.83359551, 34.82249492, 34.81128788, 34.79997586,
        34.78855292, 34.77700529, 34.76533278, 34.75353869, 34.7416038 ,
        34.72953474, 34.71732693, 34.70496645, 34.69241833, 34.67931019,
        34.66650683, 34.65362841, 34.6406437 , 34.62754301, 34.61431607,
        34.60097783, 34.58751901, 34.57394145, 34.5602344 , 34.54640547,
        34.53244326, 34.51835734, 34.50413813, 34.48978487, 34.47528705,
        34.46064879, 34.44585452, 34.4309139 , 34.4158232 , 34.400567  ,
        34.38499553, 34.36948404, 34.35385573, 34.3381009 , 34.3222187 ,
        34.30620478, 34.29006182, 34.2738099 , 34.25743739, 34.24094778,
        34.22433085, 34.20741239, 34.19062553, 34.17381601, 34.15696897,
        34.1401042 , 34.12324947, 34.10642441, 34.0895986 , 34.07308095,
        34.05680548, 34.04082608, 34.02542669, 34.01083326, 33.99739785,
        33.98613175, 33.97844409, 33.97739148, 33.99112717, 34.05783184,
        32.8458997 , 32.75517815, 32.70735619, 32.67153183, 32.64107394,
        32.61350568, 32.58766313, 32.56296724, 32.53901737, 32.5155977 ,
        32.49251504, 32.46962416, 32.44678189, 32.42396707, 32.40113511,
        32.3782595 , 32.35531956, 32.3323017 , 32.30917158, 32.28590229,
        32.26247706, 32.23887113, 32.21507422, 32.19108459, 32.16689206,
        32.14254205, 32.11807864, 32.09361981, 32.06906434, 32.04434134,
        32.01937075, 31.9943156 , 31.96921957, 31.94409883, 31.91897646,
        31.89385602, 31.86872023, 31.84356101, 31.81837193, 31.79314312,
        31.76783672, 31.74246634, 31.71701344, 31.69146883, 31.66581024,
        31.64002989, 31.61409848, 31.58806636, 31.56189183, 31.53555216,
        31.50905647, 31.48241564, 31.45557182, 31.4285471 , 31.40132168,
        31.37388375, 31.34625672, 31.31845147, 31.29038595, 31.26209689,
        31.23359702, 31.20490208, 31.17599873, 31.14690053, 31.11758   ,
        31.08805975, 31.05834388, 31.02843142, 30.99831637, 30.96803938,
        30.93762856, 30.90712064, 30.87656789, 30.84600977, 30.81545285,
        30.78494728, 30.75453708, 30.7242296 , 30.69406211, 30.66409337,
        30.63430181, 30.60475881, 30.57550814, 30.54664563, 30.51796923,
        30.48957153, 30.46170253, 30.4343366 , 30.4075423 , 30.38138612,
        30.35598828, 30.33149354, 30.30802117, 30.28576041, 30.26494666,
        30.24583675, 30.22878174, 30.2142743 , 30.20258808, 30.19427754,
        30.19021028, 30.19167682, 30.20063765, 30.22035513, 30.2572487 ,
        30.32023717, 30.43964935, 30.74946209]]), 'osnr': array([[35.37151577, 35.36974337, 35.36797554, 35.36620961, 35.36444497,
        35.36268139, 35.36091875, 35.35915698, 35.35739604, 35.35563591,
        35.35387655, 35.35211796, 35.35036012, 35.34860303, 35.34684667,
        35.34509104, 35.34333613, 35.34158195, 35.33982848, 35.33807573,
        35.33632369, 35.33457237, 35.33282175, 35.33107183, 35.32932262,
        35.3275741 , 35.32582628, 35.32407905, 35.32233262, 35.32058689,
        35.31884185, 35.3170975 , 35.31535385, 35.31361088, 35.3118686 ,
        35.310127  , 35.3083861 , 35.30664588, 35.30490635, 35.30316751,
        35.30142937, 35.29969191, 35.29795515, 35.29621908, 35.2944837 ,
        35.292749  , 35.29101499, 35.28928167, 35.28754896, 35.285817  ,
        35.28408573, 35.28235515, 35.28062526, 35.27889604, 35.27716751,
        35.27543965, 35.27371248, 35.27198598, 35.27026016, 35.26853501,
        35.26681053, 35.26508673, 35.2633636 , 35.26164115, 35.25991936,
        35.25819825, 35.25647781, 35.25475804, 35.25303894, 35.25132041,
        35.24960268, 35.24788566, 35.24616936, 35.2444538 , 35.24273902,
        35.24102511, 35.23931222, 35.23760067, 35.2358913 , 35.23418798,
        35.7239271 , 35.72220957, 35.72049832, 35.71878932, 35.71708169,
        35.71537509, 35.71366937, 35.71196445, 35.71026027, 35.7085568 ,
        35.70685401, 35.7051519 , 35.70345042, 35.70174959, 35.7000494 ,
        35.69834984, 35.6966509 , 35.69495258, 35.69325488, 35.6915578 ,
        35.68986133, 35.68816547, 35.68647021, 35.68477557, 35.68308152,
        35.68138808, 35.67969523, 35.67800298, 35.67631131, 35.67462009,
        35.67292962, 35.67123977, 35.66955051, 35.66786186, 35.66617381,
        35.66448636, 35.6627995 , 35.66111323, 35.65942756, 35.65774248,
        35.65605799, 35.65437409, 35.65269078, 35.65100805, 35.6493259 ,
        35.64764432, 35.64596333, 35.64428291, 35.64260306, 35.64092378,
        35.63924501, 35.63756688, 35.63588934, 35.63421237, 35.63253598,
        35.63086016, 35.62918492, 35.62751025, 35.62583615, 35.62416263,
        35.62248968, 35.62081723, 35.61914544, 35.61747426, 35.61580367,
        35.6141337 , 35.61246434, 35.6107956 , 35.60912747, 35.60746007,
        35.60579338, 35.60412742, 35.6024623 , 35.60079811, 35.59913499,
        35.59747336, 35.59581378, 35.59415748, 35.59250773, 35.59087951,
        34.08091154, 34.07921394, 34.07753906, 34.07587101, 34.07420636,
        34.07254379, 34.07088271, 34.0692228 , 34.06756386, 34.06590576,
        34.06424841, 34.06259171, 34.0609356 , 34.05928006, 34.05762506,
        34.05597059, 34.05431663, 34.05266317, 34.0510102 , 34.04935769,
        34.04770564, 34.04605402, 34.04440283, 34.04275206, 34.0411017 ,
        34.03945178, 34.03780233, 34.03615341, 34.03450496, 34.03285693,
        34.03120927, 34.02956208, 34.02791539, 34.02626921, 34.02462354,
        34.02297839, 34.02133375, 34.01968961, 34.01804597, 34.01640281,
        34.01476012, 34.01311789, 34.01147612, 34.00983479, 34.00819389,
        34.00655341, 34.00491333, 34.00327368, 34.00163443, 33.99999555,
        33.99835706, 33.99671896, 33.9950812 , 33.9934438 , 33.99180673,
        33.99016998, 33.98853358, 33.98689751, 33.98526172, 33.98362624,
        33.98199105, 33.98035618, 33.9787216 , 33.97708733, 33.97545333,
        33.97381963, 33.97218621, 33.97055308, 33.96892022, 33.96728766,
        33.96565542, 33.96402353, 33.96239202, 33.96076092, 33.95913025,
        33.95750003, 33.95587031, 33.95424109, 33.9526124 , 33.9509843 ,
        33.94935676, 33.94772986, 33.94610362, 33.94447815, 33.94285241,
        33.94122819, 33.93960487, 33.93798244, 33.93636095, 33.93474049,
        33.93312117, 33.93150314, 33.92988651, 33.92827149, 33.92665831,
        33.92504722, 33.92343859, 33.92183291, 33.92023045, 33.91863177,
        33.91703772, 33.91544955, 33.9138691 , 33.91229945, 33.91074651,
        33.90921813, 33.90774077, 33.90642467]]), 'snr_nli': array([[46.35630735, 46.03515237, 45.8831248 , 45.78072408, 45.70211967,
        45.637402  , 45.58176801, 45.53252401, 45.48793814, 45.44692234,
        45.4086883 , 45.37265037, 45.33822283, 45.30518613, 45.27331488,
        45.24237208, 45.21220532, 45.18269913, 45.15369536, 45.12514531,
        45.09698728, 45.06914139, 45.04153253, 45.01414648, 44.98686625,
        44.95958023, 44.93205547, 44.90141107, 44.87383965, 44.8465273 ,
        44.81917492, 44.79169701, 44.76408006, 44.73631939, 44.70837567,
        44.6803249 , 44.65218093, 44.62396467, 44.59574176, 44.5675635 ,
        44.5394484 , 44.51146195, 44.48355804, 44.45574077, 44.4280076 ,
        44.40034924, 44.37271273, 44.34495923, 44.31540826, 44.28772851,
        44.26027585, 44.23295285, 44.20564318, 44.17833241, 44.15102654,
        44.12368564, 44.09629438, 44.06887714, 44.04138752, 44.01384476,
        43.98623115, 43.95851346, 43.93069106, 43.90279865, 43.87482646,
        43.84681398, 43.8187791 , 43.79072873, 43.76253442, 43.73189283,
        43.70446059, 43.67792486, 43.65244526, 43.62860633, 43.60736084,
        43.59060096, 43.58174172, 43.58800689, 43.6289375 , 43.79714866,
        43.51557016, 43.25916931, 43.13094193, 43.03804437, 42.96087627,
        42.89222631, 42.8286938 , 42.76857054, 42.71067903, 42.65433494,
        42.59906564, 42.54451571, 42.49031843, 42.43641634, 42.38269471,
        42.32905214, 42.27543568, 42.22182286, 42.16813076, 42.11437347,
        42.060525  , 42.00651896, 41.95236281, 41.89808172, 41.84358461,
        41.78891514, 41.73405909, 41.67895646, 41.62344577, 41.56572484,
        41.51004331, 41.45452729, 41.39902772, 41.34350247, 41.28790819,
        41.23231947, 41.17669742, 41.12105495, 41.06534825, 41.00961639,
        40.9538136 , 40.89798702, 40.84209957, 40.78615325, 40.73010878,
        40.67398953, 40.61773657, 40.56139665, 40.50496046, 40.4483719 ,
        40.39104169, 40.3344756 , 40.277964  , 40.22147096, 40.16499583,
        40.10852464, 40.05207046, 39.99571077, 39.93940287, 39.88316114,
        39.82694942, 39.7701428 , 39.71430486, 39.65886712, 39.60376957,
        39.54907459, 39.49486976, 39.441212  , 39.38798666, 39.33622269,
        39.28566688, 39.236471  , 39.18953784, 39.14555683, 39.10561065,
        39.07288761, 39.0518109 , 39.05209646, 39.10013954, 39.32411717,
        38.90991391, 38.55923579, 38.38450833, 38.25791965, 38.15293289,
        38.05979679, 37.97397555, 37.89320609, 37.81595412, 37.74138024,
        37.66876116, 37.59756352, 37.52728431, 37.45783105, 37.38904117,
        37.32081526, 37.2530759 , 37.18577036, 37.11878523, 37.05203367,
        36.98546228, 36.91899625, 36.8526056 , 36.78628613, 36.72000963,
        36.65390595, 36.58809623, 36.52290176, 36.45802993, 36.39328135,
        36.32843906, 36.26394332, 36.19990263, 36.13634927, 36.07333244,
        36.01084923, 35.94884348, 35.8872843 , 35.8261459 , 35.76539473,
        35.70492903, 35.64477665, 35.58488616, 35.52523032, 35.46575135,
        35.4064277 , 35.34718755, 35.28814792, 35.22920818, 35.17031446,
        35.11148739, 35.05275097, 34.99397334, 34.93520554, 34.87640392,
        34.8175437 , 34.758678  , 34.69983117, 34.64082586, 34.5817447 ,
        34.52261683, 34.46347688, 34.40429741, 34.34510781, 34.28585158,
        34.22657685, 34.16729255, 34.10799708, 34.04867862, 33.9894192 ,
        33.93027368, 33.87131245, 33.81263462, 33.75431178, 33.69634981,
        33.63883853, 33.58185389, 33.52540012, 33.46953813, 33.41436795,
        33.35983707, 33.30606729, 33.25312679, 33.20117842, 33.14983668,
        33.09925928, 33.04988851, 33.00166012, 32.95468067, 32.90905159,
        32.86496876, 32.82266893, 32.78234085, 32.74429473, 32.70891875,
        32.67663532, 32.64802888, 32.6239278 , 32.60477788, 32.5915161 ,
        32.58562772, 32.58934381, 32.60608856, 32.64162562, 32.70743654,
        32.8199754 , 33.03584528, 33.6178909 ]]), 'max_oct': np.float64(445.33911906144095)}"
21,25,21,25,170.5,3,3,56.833333333333336,"{'P_opt': np.float64(-11.866666666666669), 'gsnr': array([[33.9452833 , 33.92363677, 33.91204031, 33.90351655, 33.89649632,
        33.89036441, 33.88481853, 33.8796872 , 33.87485832, 33.87026142,
        33.86584464, 33.86156899, 33.8573937 , 33.85330474, 33.84928715,
        33.84532424, 33.84140559, 33.83752333, 33.83366589, 33.82983022,
        33.82601213, 33.82220587, 33.818406  , 33.81461211, 33.81081601,
        33.80701173, 33.80319632, 33.79936182, 33.79548432, 33.79137732,
        33.7874543 , 33.78352567, 33.77957525, 33.77559962, 33.77159424,
        33.76756519, 33.76351357, 33.75944115, 33.75535402, 33.75125694,
        33.74715188, 33.743045  , 33.73893237, 33.73481461, 33.73069187,
        33.72656407, 33.72242857, 33.7182834 , 33.7141234 , 33.70993606,
        33.70559869, 33.70139241, 33.69718615, 33.69296819, 33.68873691,
        33.68448746, 33.6802177 , 33.67592947, 33.67161773, 33.66728393,
        33.66292577, 33.65853938, 33.65412419, 33.64968316, 33.64521489,
        33.64072324, 33.63621051, 33.63168027, 33.62713776, 33.62260011,
        33.61804748, 33.61328901, 33.60884221, 33.60456039, 33.60052409,
        33.59692659, 33.59412144, 33.5928522 , 33.59509946, 33.60993792,
        34.01136658, 33.97904899, 33.96126573, 33.94755586, 33.93564499,
        33.92468348, 33.91426542, 33.90418688, 33.89430303, 33.88452933,
        33.87480625, 33.86508757, 33.85532277, 33.84550484, 33.83561782,
        33.82564669, 33.81558326, 33.80542387, 33.79515471, 33.78477724,
        33.77428639, 33.76366998, 33.75292806, 33.7420637 , 33.73106023,
        33.71992422, 33.70865367, 33.6972424 , 33.6856913 , 33.6740071 ,
        33.66216906, 33.65015308, 33.63770286, 33.62543726, 33.61308396,
        33.60062511, 33.58804614, 33.57534618, 33.56251424, 33.54955626,
        33.53646154, 33.52323802, 33.50987675, 33.49637635, 33.48272696,
        33.46893192, 33.45497721, 33.44087198, 33.42661603, 33.41221046,
        33.39765529, 33.38296275, 33.36809673, 33.35295901, 33.33781091,
        33.32254207, 33.30713893, 33.29161688, 33.27596508, 33.26018869,
        33.24429738, 33.22828545, 33.21214223, 33.19576617, 33.17947831,
        33.16317472, 33.14686121, 33.13056101, 33.11431548, 33.09821389,
        33.08221682, 33.06656954, 33.05137444, 33.03686324, 33.02337678,
        33.01176559, 33.00328588, 33.00081702, 33.01171589, 33.07007606,
        31.82547024, 31.74270181, 31.69829953, 31.66464332, 31.63573005,
        31.60935488, 31.58451751, 31.56067463, 31.53746078, 31.51467453,
        31.49216206, 31.46978458, 31.447402  , 31.42499871, 31.40253143,
        31.37996969, 31.3572982 , 31.33450441, 31.31156224, 31.28845394,
        31.26516562, 31.24166869, 31.21794859, 31.19400099, 31.16981137,
        31.14541713, 31.12084131, 31.09609785, 31.07122339, 31.04626613,
        31.02124919, 30.99635622, 30.97151483, 30.94646269, 30.92116961,
        30.89578335, 30.87031681, 30.8447731 , 30.81915158, 30.79344507,
        30.76761766, 30.74168386, 30.71562615, 30.68943514, 30.66308847,
        30.63657762, 30.60987294, 30.58302488, 30.5559911 , 30.52874689,
        30.50130102, 30.47366449, 30.445778  , 30.41766208, 30.38929676,
        30.36066938, 30.33180402, 30.30271146, 30.27330608, 30.24362297,
        30.21367649, 30.18348301, 30.15302763, 30.12232289, 30.09133984,
        30.06010117, 30.02861133, 29.99686842, 29.96486521, 29.93264303,
        29.90023109, 29.8676673 , 29.83500507, 29.8022847 , 29.76951221,
        29.73673935, 29.70401289, 29.67134056, 29.63876178, 29.60633775,
        29.5740457 , 29.54195871, 29.51012257, 29.47863373, 29.44729255,
        29.41619863, 29.38560147, 29.35547773, 29.3258999 , 29.29693832,
        29.26871926, 29.2413945 , 29.21508864, 29.18999838, 29.1663697 ,
        29.14447035, 29.12466903, 29.10747469, 29.09314916, 29.0822406 ,
        29.07562784, 29.07462048, 29.08119763, 29.09854015, 29.13245234,
        29.1950843 , 29.31471179, 29.6286958 ]]), 'osnr': array([[34.22632264, 34.22454987, 34.22278186, 34.22101581, 34.21925107,
        34.21748741, 34.2157247 , 34.21396287, 34.21220188, 34.21044169,
        34.20868228, 34.20692365, 34.20516576, 34.20340862, 34.20165221,
        34.19989654, 34.19814159, 34.19638736, 34.19463385, 34.19288106,
        34.19112897, 34.1893776 , 34.18762693, 34.18587697, 34.1841277 ,
        34.18237914, 34.18063128, 34.17888411, 34.17713762, 34.17539173,
        34.17364662, 34.17190221, 34.17015849, 34.16841545, 34.1666731 ,
        34.16493143, 34.16319045, 34.16145016, 34.15971055, 34.15797164,
        34.15623341, 34.15449588, 34.15275904, 34.15102288, 34.14928742,
        34.14755265, 34.14581856, 34.14408515, 34.14235243, 34.14062039,
        34.13888897, 34.13715829, 34.13542831, 34.133699  , 34.13197037,
        34.13024242, 34.12851514, 34.12678854, 34.12506262, 34.12333737,
        34.12161278, 34.11988887, 34.11816563, 34.11644306, 34.11472115,
        34.11299992, 34.11127935, 34.10955946, 34.10784024, 34.10612169,
        34.10440382, 34.10268653, 34.10097006, 34.09925433, 34.09753939,
        34.09582531, 34.09411225, 34.09240053, 34.09069103, 34.08898769,
        34.5787253 , 34.57700725, 34.57529561, 34.57358625, 34.57187828,
        34.57017134, 34.56846528, 34.56676001, 34.56505548, 34.56335166,
        34.56164851, 34.55994601, 34.55824416, 34.55654294, 34.55484234,
        34.55314236, 34.551443  , 34.54974425, 34.5480461 , 34.54634856,
        34.54465162, 34.54295528, 34.54125954, 34.53956439, 34.53786983,
        34.53617585, 34.53448247, 34.53278967, 34.53109745, 34.52940582,
        34.52771477, 34.52602428, 34.52433424, 34.52264492, 34.5209562 ,
        34.51926807, 34.51758052, 34.51589356, 34.51420717, 34.51252137,
        34.51083613, 34.50915147, 34.50746738, 34.50578386, 34.5041009 ,
        34.50241851, 34.50073667, 34.49905538, 34.49737466, 34.49569449,
        34.49401487, 34.49233582, 34.49065731, 34.48897929, 34.48730188,
        34.48562504, 34.48394875, 34.48227303, 34.48059785, 34.47892324,
        34.47724918, 34.47557567, 34.47390272, 34.47223026, 34.47055845,
        34.46888725, 34.46721665, 34.46554666, 34.4638773 , 34.46220863,
        34.4605406 , 34.45887336, 34.45720695, 34.45554148, 34.45387714,
        34.45221434, 34.45055373, 34.44889676, 34.4472471 , 34.44562159,
        32.93564239, 32.93393771, 32.93225865, 32.93058724, 32.92891953,
        32.92725407, 32.92559019, 32.92392753, 32.92226585, 32.920605  ,
        32.91894488, 32.91728541, 32.91562647, 32.91396805, 32.91231012,
        32.91065267, 32.90899567, 32.90733911, 32.90568297, 32.90402725,
        32.90237191, 32.90071694, 32.89906233, 32.89740806, 32.89575413,
        32.89410055, 32.89244734, 32.89079451, 32.88914208, 32.8874901 ,
        32.88583856, 32.88418763, 32.88253723, 32.88088717, 32.8792374 ,
        32.87758806, 32.87593914, 32.87429064, 32.87264257, 32.87099491,
        32.86934763, 32.86770074, 32.86605423, 32.86440808, 32.86276226,
        32.86111678, 32.8594716 , 32.85782675, 32.8561822 , 32.85453792,
        32.85289392, 32.8512502 , 32.8496067 , 32.84796343, 32.84632037,
        32.8446775 , 32.84303485, 32.8413924 , 32.83975009, 32.83810792,
        32.83646591, 32.83482407, 32.83318238, 32.83154084, 32.82989941,
        32.82825811, 32.82661694, 32.82497589, 32.82333494, 32.82169413,
        32.82005348, 32.81841302, 32.8167728 , 32.81513286, 32.8134932 ,
        32.81185388, 32.81021493, 32.80857638, 32.80693825, 32.80530062,
        32.80366346, 32.80202686, 32.80039087, 32.79875559, 32.79711997,
        32.79548581, 32.79385256, 32.7922202 , 32.79058882, 32.78895851,
        32.78732945, 32.78570182, 32.78407579, 32.78245162, 32.78082964,
        32.77921018, 32.77759374, 32.77598097, 32.77437223, 32.77276824,
        32.77117011, 32.76957948, 32.7679988 , 32.76643193, 32.76488581,
        32.76337459, 32.76192997, 32.76069834]]), 'snr_nli': array([[45.97521714, 45.66665685, 45.52033462, 45.42171513, 45.34599103,
        45.28363163, 45.23001559, 45.1825485 , 45.1395573 , 45.09999328,
        45.06309399, 45.02829207, 44.99501571, 44.96305463, 44.93219318,
        44.90219933, 44.87292649, 44.84426361, 44.81605636, 44.78825983,
        44.76081613, 44.73364921, 44.70668862, 44.67992692, 44.65326202,
        44.6266211 , 44.59996899, 44.57321139, 44.54606654, 44.51633771,
        44.48892645, 44.46158015, 44.4341105 , 44.40648054, 44.37864151,
        44.35066694, 44.32257238, 44.29438055, 44.26616223, 44.23797178,
        44.20983159, 44.18180947, 44.1538612 , 44.12599287, 44.09820575,
        44.07049808, 44.04284116, 44.01521354, 43.9875607 , 43.95975122,
        43.93049644, 43.90276446, 43.8751664 , 43.84757923, 43.81998678,
        43.79234009, 43.76461899, 43.73684394, 43.70896572, 43.68100116,
        43.65292958, 43.62471495, 43.59635461, 43.56788086, 43.53928257,
        43.51059997, 43.48185747, 43.45309101, 43.42435179, 43.3958026 ,
        43.3672538 , 43.33691552, 43.30964652, 43.28403693, 43.26080757,
        43.24170746, 43.22994155, 43.23230039, 43.26714305, 43.42129802,
        43.13122379, 42.8857327 , 42.76061205, 42.66870057, 42.59155792,
        42.52239306, 42.45799874, 42.39676731, 42.33758404, 42.27980234,
        42.22297533, 42.16676518, 42.11081958, 42.05508882, 41.99946663,
        41.943857  , 41.88821198, 41.83251412, 41.77668321, 41.72073712,
        41.66465313, 41.60836606, 41.55188746, 41.49524628, 41.43835416,
        41.38126219, 41.32396977, 41.26645295, 41.20872861, 41.15084577,
        41.09269972, 41.03417171, 40.97389124, 40.91523417, 40.85671094,
        40.79822868, 40.7397154 , 40.68117231, 40.6225493 , 40.56388344,
        40.50512754, 40.4463282 , 40.38744782, 40.32848683, 40.26940532,
        40.21022731, 40.15089489, 40.09145964, 40.03192831, 39.97231341,
        39.91262196, 39.85291506, 39.79303907, 39.7325769 , 39.67267429,
        39.61284892, 39.55304552, 39.49333181, 39.43366435, 39.37406695,
        39.31458054, 39.25518289, 39.19583289, 39.13613429, 39.07734895,
        39.01905385, 38.96126054, 38.90404593, 38.84755179, 38.79209243,
        38.73749794, 38.68464203, 38.63385306, 38.58591397, 38.54197535,
        38.50496644, 38.47919667, 38.47467564, 38.51744514, 38.73280415,
        38.29267804, 37.94257924, 37.76551579, 37.63594895, 37.5275135 ,
        37.43067483, 37.34113273, 37.25656424, 37.17543708, 37.09689687,
        37.02030458, 36.94510636, 36.87077061, 36.79721931, 36.72428384,
        36.6518461 , 36.5798437 , 36.50822596, 36.43690018, 36.36580449,
        36.29489176, 36.22407059, 36.15329707, 36.08256057, 36.01181985,
        35.94119182, 35.87074564, 35.80052062, 35.73062059, 35.66117858,
        35.59225028, 35.52434415, 35.45723   , 35.3901583 , 35.3230474 ,
        35.2563041 , 35.1899554 , 35.12400102, 35.05843061, 34.99321707,
        34.92825926, 34.86358975, 34.79915796, 34.73493565, 34.67086281,
        34.606916  , 34.54302022, 34.47929934, 34.41564747, 34.35200464,
        34.2883929 , 34.22483881, 34.16120267, 34.09753545, 34.03379282,
        33.96994853, 33.90606078, 33.84215589, 33.77804329, 33.7138067 ,
        33.64948143, 33.58510611, 33.52065018, 33.4561431 , 33.39152475,
        33.3268463 , 33.26211888, 33.19734005, 33.13249631, 33.06767441,
        33.00293372, 32.93834952, 32.87402595, 32.81003794, 32.74639033,
        32.68317783, 32.62048282, 32.55830962, 32.49672367, 32.43583046,
        32.37557296, 32.3160771 , 32.25741453, 32.19975006, 32.14269507,
        32.08642119, 32.03137396, 31.97748985, 31.92488143, 31.87365552,
        31.82401801, 31.77621726, 31.73044943, 31.68703649, 31.6463838 ,
        31.60893091, 31.57529133, 31.54632055, 31.52243855, 31.50456871,
        31.49421501, 31.49364237, 31.50631059, 31.53784906, 31.59867528,
        31.71099191, 31.92805921, 32.52061089]]), 'max_oct': np.float64(431.55320114407203)}"
23,22,23,22,132.8,2,2,66.4,"{'P_opt': np.float64(-13.180000000000003), 'gsnr': array([[32.63188207, 32.61262571, 32.60192755, 32.59414816, 32.58771608,
        32.58207079, 32.57694273, 32.57217962, 32.56768158, 32.56338628,
        32.55924752, 32.55523057, 32.55129874, 32.54743964, 32.54364028,
        32.53988541, 32.53616587, 32.53247465, 32.52880131, 32.52514326,
        32.52149686, 32.51785692, 32.51421855, 32.51058141, 32.50693818,
        32.5032835 , 32.49961546, 32.49592925, 32.49221649, 32.48847449,
        32.48468101, 32.48069048, 32.47683009, 32.4729595 , 32.46906067,
        32.46513671, 32.46118826, 32.45721691, 32.45322894, 32.44922905,
        32.44521955, 32.44120633, 32.43718586, 32.43315867, 32.42912494,
        32.42508445, 32.42103504, 32.41697495, 32.41290061, 32.40880813,
        32.40468752, 32.40044691, 32.39629601, 32.39214049, 32.38797032,
        32.38377916, 32.37956421, 32.37532643, 32.37106064, 32.36676768,
        32.36244479, 32.35808777, 32.35369549, 32.34926991, 32.34480894,
        32.34031524, 32.33578984, 32.3312348 , 32.32665411, 32.32206327,
        32.31745589, 32.31282909, 32.30804731, 32.30354515, 32.29924225,
        32.29528474, 32.29196625, 32.28990927, 32.2907745 , 32.30216849,
        32.70468851, 32.67616582, 32.65986012, 32.64696045, 32.63554968,
        32.62491113, 32.61470129, 32.60474786, 32.59492723, 32.58516706,
        32.57541617, 32.5656342 , 32.55577632, 32.54583658, 32.53580111,
        32.52565613, 32.5153943 , 32.50501253, 32.49449761, 32.48385095,
        32.47306776, 32.4621358 , 32.45105517, 32.43982857, 32.42843932,
        32.4168934 , 32.4051885 , 32.39331851, 32.38128512, 32.36909672,
        32.35673921, 32.34421868, 32.33153787, 32.31868687, 32.30562351,
        32.29214979, 32.27878701, 32.26532187, 32.2517084 , 32.23794496,
        32.22401812, 32.20993377, 32.19568197, 32.18125966, 32.16665599,
        32.15187312, 32.1368963 , 32.12173359, 32.1063854 , 32.09085277,
        32.07513582, 32.05925018, 32.04317456, 32.02691303, 32.01046357,
        31.99380272, 31.97684533, 31.95984209, 31.94269435, 31.92538687,
        31.90792675, 31.89030997, 31.87254617, 31.85465508, 31.83664092,
        31.81851977, 31.80029144, 31.78188211, 31.7636203 , 31.74550436,
        31.72751785, 31.70974564, 31.69234309, 31.67555016, 31.65971791,
        31.64558187, 31.63459481, 31.6294523 , 31.63745181, 31.69246676,
        30.44715607, 30.36187148, 30.3149389 , 30.2786287 , 30.24701825,
        30.21790016, 30.19022153, 30.1635001 , 30.13734115, 30.11156873,
        30.08599807, 30.06049574, 30.03488672, 30.00918766, 29.98335873,
        29.95735726, 29.93116434, 29.90477819, 29.8781617 , 29.85127845,
        29.82412038, 29.7966629 , 29.76889534, 29.74081153, 29.71238942,
        29.68367454, 29.65469774, 29.62547696, 29.5960489 , 29.56645328,
        29.53667667, 29.50676992, 29.47675332, 29.44663562, 29.41643966,
        29.38616848, 29.35580466, 29.3253465 , 29.29480688, 29.26422605,
        29.23381329, 29.20348468, 29.17263999, 29.14120508, 29.1094169 ,
        29.07731972, 29.04490017, 29.01222709, 28.97925591, 28.9459566 ,
        28.9123411 , 28.87842392, 28.8441348 , 28.80949429, 28.77448016,
        28.73907686, 28.7033148 , 28.6672062 , 28.63064552, 28.59366898,
        28.55629843, 28.51855486, 28.48041849, 28.44190107, 28.40296734,
        28.3636437 , 28.32393713, 28.28384374, 28.24335344, 28.20251516,
        28.16136576, 28.1199519 , 28.07833724, 28.03656912, 27.9946538 ,
        27.95265343, 27.91062726, 27.86858554, 27.82657817, 27.78467831,
        27.742859  , 27.7012045 , 27.65977117, 27.61867023, 27.57768023,
        27.53692941, 27.49669982, 27.45696883, 27.41782597, 27.37935969,
        27.34172508, 27.30510732, 27.26965892, 27.23561591, 27.20327719,
        27.17296705, 27.1451419 , 27.12039642, 27.09899678, 27.08152885,
        27.06899807, 27.06291757, 27.06557973, 27.08065833, 27.11471395,
        27.1812975 , 27.31601469, 27.682115  ]]), 'osnr': array([[32.90553852, 32.90376421, 32.90199527, 32.90022865, 32.89846347,
        32.89669944, 32.8949364 , 32.89317427, 32.891413  , 32.88965256,
        32.88789291, 32.88613403, 32.88437592, 32.88261855, 32.88086192,
        32.87910603, 32.87735086, 32.87559642, 32.87384269, 32.87208967,
        32.87033736, 32.86858577, 32.86683488, 32.86508469, 32.8633352 ,
        32.8615864 , 32.8598383 , 32.85809089, 32.85634416, 32.85459812,
        32.85285275, 32.85110796, 32.84936395, 32.84762063, 32.84587799,
        32.84413602, 32.84239475, 32.84065415, 32.83891424, 32.83717501,
        32.83543647, 32.83369862, 32.83196146, 32.83022499, 32.82848921,
        32.82675411, 32.82501969, 32.82328596, 32.82155291, 32.81982053,
        32.81808883, 32.81635775, 32.8146274 , 32.81289774, 32.81116875,
        32.80944043, 32.80771279, 32.80598582, 32.80425951, 32.80253387,
        32.80080889, 32.79908457, 32.79736092, 32.79563792, 32.79391559,
        32.79219391, 32.79047289, 32.78875254, 32.78703284, 32.78531382,
        32.78359546, 32.78187777, 32.78016066, 32.77844439, 32.7767289 ,
        32.7750143 , 32.77330075, 32.77158861, 32.76987887, 32.76817601,
        33.25790868, 33.25618837, 33.25447526, 33.25276463, 33.25105546,
        33.24934736, 33.24764015, 33.24593374, 33.24422805, 33.24252305,
        33.24081871, 33.23911501, 33.23741191, 33.23570942, 33.23400753,
        33.23230623, 33.23060551, 33.22890537, 33.2272058 , 33.22550681,
        33.22380839, 33.22211052, 33.22041322, 33.21871647, 33.21702027,
        33.21532463, 33.21362953, 33.21193498, 33.21024097, 33.2085475 ,
        33.20685457, 33.20516219, 33.20347034, 33.20177902, 33.20008821,
        33.19839779, 33.19670806, 33.1950189 , 33.19333028, 33.19164219,
        33.18995463, 33.18826759, 33.18658108, 33.18489509, 33.1832096 ,
        33.18152462, 33.17984014, 33.17815616, 33.17647269, 33.17478971,
        33.17310722, 33.17142524, 33.16974375, 33.16806275, 33.16638224,
        33.1647022 , 33.16302257, 33.16134351, 33.15966496, 33.1579869 ,
        33.15630934, 33.15463228, 33.15295571, 33.15127965, 33.1496041 ,
        33.14792907, 33.14625455, 33.14458051, 33.14290714, 33.14123446,
        33.13956245, 33.13789116, 33.13622072, 33.13455127, 33.13288307,
        33.13121662, 33.12955294, 33.12789388, 33.12624447, 33.12462768,
        31.61461319, 31.61288603, 31.61119375, 31.6095116 , 31.60783422,
        31.60615962, 31.60448684, 31.60281544, 31.60114504, 31.5994755 ,
        31.59780662, 31.59613829, 31.59447033, 31.59280275, 31.59113551,
        31.58946857, 31.58780189, 31.58613548, 31.58446928, 31.58280327,
        31.58113741, 31.57947168, 31.57780606, 31.57614053, 31.57447507,
        31.57280971, 31.57114449, 31.5694794 , 31.56781448, 31.56614978,
        31.56448527, 31.562821  , 31.56115698, 31.55949324, 31.55782977,
        31.5561666 , 31.55450368, 31.55284102, 31.55117863, 31.54951654,
        31.54785501, 31.54619394, 31.5445326 , 31.54287088, 31.54120906,
        31.53954719, 31.53788522, 31.53622324, 31.53456118, 31.532899  ,
        31.53123669, 31.52957426, 31.52791161, 31.52624875, 31.52458563,
        31.52292222, 31.52125855, 31.51959461, 31.51793025, 31.5162655 ,
        31.51460036, 31.51293485, 31.51126893, 31.50960258, 31.50793575,
        31.50626844, 31.50460065, 31.50293235, 31.50126351, 31.49959417,
        31.49792438, 31.49625418, 31.49458366, 31.49291287, 31.49124182,
        31.48957058, 31.48789925, 31.48622782, 31.48455639, 31.48288505,
        31.48121377, 31.47954269, 31.4778719 , 31.4762016 , 31.47453056,
        31.47286071, 31.4711917 , 31.46952352, 31.46785633, 31.46619033,
        31.46452583, 31.46286321, 31.46120278, 31.45954506, 31.45789065,
        31.45624026, 31.45459484, 31.45295562, 31.45132323, 31.44969891,
        31.44808472, 31.4464837 , 31.44490042, 31.44334202, 31.44182099,
        31.44036238, 31.43902957, 31.43809417]]), 'snr_nli': array([[44.77377815, 44.49422852, 44.35674786, 44.26577628, 44.1959316 ,
        44.13829591, 44.08862787, 44.04455354, 44.00453647, 43.96761939,
        43.93310172, 43.90046182, 43.86916736, 43.83902757, 43.80984881,
        43.78141249, 43.7535855 , 43.72626653, 43.69931121, 43.67268084,
        43.64632368, 43.6201695 , 43.59415278, 43.56826799, 43.54242059,
        43.51654317, 43.49061269, 43.46457045, 43.43831457, 43.41181586,
        43.38480507, 43.35551124, 43.32795125, 43.3004002 , 43.27264179,
        43.24471724, 43.21663768, 43.18842529, 43.1601568 , 43.13188892,
        43.1036494 , 43.07550639, 43.04741857, 43.01939194, 42.99142809,
        42.96352434, 42.93565617, 42.90780394, 42.87992833, 42.8519875 ,
        42.82387328, 42.79458362, 42.76642148, 42.73834785, 42.71025401,
        42.68207332, 42.65377798, 42.62538085, 42.59682981, 42.56813692,
        42.53927669, 42.51020915, 42.48092707, 42.45145497, 42.4217756 ,
        42.39192033, 42.36190348, 42.33174935, 42.3015008 , 42.27131351,
        42.24112464, 42.21090686, 42.17934604, 42.15065964, 42.12402911,
        42.1008201 , 42.08378411, 42.07878609, 42.10166639, 42.22700282,
        41.92722574, 41.70634421, 41.58925956, 41.50086258, 41.42519027,
        41.35635112, 41.29155339, 41.22940086, 41.16891718, 41.10953693,
        41.05086896, 40.99261473, 40.93445787, 40.87636052, 40.818233  ,
        40.75999029, 40.70159337, 40.6430329 , 40.58423483, 40.5252217 ,
        40.46597602, 40.406435  , 40.34661495, 40.28654718, 40.22614553,
        40.16546254, 40.10449999, 40.04323764, 39.98170143, 39.91995422,
        39.85792992, 39.79567795, 39.73322711, 39.67053639, 39.60739369,
        39.54276967, 39.47945656, 39.41630967, 39.35309376, 39.28980876,
        39.22639575, 39.16289411, 39.09926406, 39.03550098, 38.97156321,
        38.90747269, 38.84317129, 38.77870924, 38.7140996 , 38.64935777,
        38.58449439, 38.51958851, 38.45455396, 38.38941824, 38.32418166,
        38.25875385, 38.19279052, 38.12735175, 38.06202213, 37.99674169,
        37.9315424 , 37.86641078, 37.80138738, 37.73655003, 37.67191371,
        37.60753771, 37.54341756, 37.47927583, 37.41632411, 37.35452424,
        37.29378654, 37.23438636, 37.17683793, 37.12193397, 37.07082786,
        37.0259672 , 36.99220597, 36.97859746, 37.01010446, 37.20681162,
        36.72324991, 36.3775935 , 36.19789671, 36.06353456, 35.94952334,
        35.84669194, 35.75071573, 35.65958411, 35.57171914, 35.48638872,
        35.40287162, 35.32065747, 35.23912427, 35.15830814, 35.07806072,
        34.99823164, 34.91875255, 34.83961147, 34.76068813, 34.68186994,
        34.60313456, 34.52441151, 34.44567432, 34.36691075, 34.2880634 ,
        34.20926897, 34.13061676, 34.05215608, 33.97398532, 33.89620657,
        33.81877487, 33.74181746, 33.66537584, 33.58945971, 33.51411443,
        33.43933309, 33.36505754, 33.29127098, 33.2179931 , 33.14530967,
        33.073712  , 33.00297038, 32.93163749, 32.85955692, 32.78730324,
        32.71498499, 32.64257482, 32.57023273, 32.49785798, 32.42538577,
        32.35284617, 32.2802737 , 32.2075179 , 32.13462852, 32.06156247,
        31.98829217, 31.91488719, 31.84137679, 31.76754697, 31.69348006,
        31.61922654, 31.54483335, 31.47026476, 31.39554827, 31.32061851,
        31.24553174, 31.170305  , 31.09493389, 31.01940237, 30.94380569,
        30.86821352, 30.79271134, 30.71741312, 30.6423996 , 30.56767471,
        30.49334255, 30.41949898, 30.34615047, 30.27337294, 30.20128083,
        30.1298122 , 30.05909819, 29.98921893, 29.92034587, 29.8520857 ,
        29.78463971, 29.71846254, 29.65349304, 29.5898568 , 29.52767536,
        29.4671769 , 29.40863449, 29.35226402, 29.29841282, 29.24752418,
        29.20007658, 29.15675381, 29.11845291, 29.08554704, 29.05891636,
        29.04010284, 29.03145149, 29.03655008, 29.06121278, 29.11595868,
        29.22287083, 29.44133133, 30.05620201]]), 'max_oct': np.float64(412.2040944346998)}"
23,37,23,37,256.5,4,4,64.125,"{'P_opt': np.float64(-12.825000000000003), 'gsnr': array([[32.98158356, 32.9613998 , 32.95022994, 32.94214306, 32.93547536,
        32.92963668, 32.92434309, 32.91943421, 32.91480505, 32.91038994,
        32.90614033, 32.90201971, 32.89798966, 32.89403709, 32.89014827,
        32.88630729, 32.88250448, 32.87873247, 32.87498034, 32.87124533,
        32.86752356, 32.86380962, 32.86009836, 32.85638939, 32.85267501,
        32.84894956, 32.84521078, 32.84145299, 32.83766536, 32.83383265,
        32.82979401, 32.8258981 , 32.82199253, 32.81806171, 32.81409932,
        32.81011068, 32.80609704, 32.80206026, 32.79800682, 32.79394158,
        32.7898669 , 32.78578882, 32.78170372, 32.77761216, 32.77351434,
        32.76941009, 32.76529715, 32.76117378, 32.75703631, 32.75288079,
        32.7486969 , 32.74438471, 32.74017124, 32.73595405, 32.73172279,
        32.72747098, 32.72319578, 32.71889832, 32.71457331, 32.71022172,
        32.70584082, 32.70142639, 32.69697739, 32.69249604, 32.68798036,
        32.68343335, 32.67885637, 32.67425194, 32.66962458, 32.66499106,
        32.6603453 , 32.65568521, 32.65086404, 32.6463493 , 32.64205283,
        32.6381309 , 32.63489625, 32.63301173, 32.63424544, 32.64669734,
        33.04726199, 33.01732083, 33.00037734, 32.98706211, 32.97533706,
        32.96444045, 32.95400751, 32.94385519, 32.93385252, 32.9239229 ,
        32.91401221, 32.9040779 , 32.89407296, 32.88399107, 32.87381763,
        32.86353832, 32.85314549, 32.84263586, 32.83199586, 32.82122696,
        32.81032423, 32.79927522, 32.78808006, 32.77674159, 32.76524286,
        32.75359012, 32.74178112, 32.72980969, 32.71767749, 32.70539287,
        32.6929408 , 32.68032617, 32.66754721, 32.6545662 , 32.64114939,
        32.62787041, 32.61449172, 32.60097907, 32.58731451, 32.57350139,
        32.55952771, 32.54540035, 32.53110967, 32.51665303, 32.50201973,
        32.48721227, 32.47221589, 32.45703911, 32.44168226, 32.42614649,
        32.41043208, 32.39455455, 32.37849166, 32.36224545, 32.34579902,
        32.32905577, 32.31226035, 32.29533731, 32.27825758, 32.26102207,
        32.24364066, 32.22611029, 32.20844091, 32.19065197, 32.1727448 ,
        32.15471484, 32.13648318, 32.11837262, 32.1003188 , 32.0823978 ,
        32.06461723, 32.04706795, 32.02990845, 32.0133735 , 31.99778979,
        31.9840915 , 31.97356611, 31.96898034, 31.97789412, 32.0347886 ,
        30.79401806, 30.70767431, 30.66048957, 30.62418207, 30.59268235,
        30.56370979, 30.53624521, 30.50974376, 30.48387156, 30.45837692,
        30.43310396, 30.40793783, 30.38270083, 30.35738736, 30.33194831,
        30.30635357, 30.28059119, 30.254643  , 30.22848219, 30.20208376,
        30.1754272 , 30.14848909, 30.12125918, 30.09373522, 30.06589968,
        30.03779932, 30.00946021, 29.98089618, 29.95213567, 29.92321915,
        29.89413923, 29.86494791, 29.83566692, 29.80630669, 29.7768926 ,
        29.74743357, 29.7179258 , 29.68840648, 29.65909603, 29.62988849,
        29.6002228 , 29.57005856, 29.53961419, 29.50892842, 29.47799438,
        29.44680977, 29.41534575, 29.38366249, 29.35171301, 29.31946689,
        29.28693468, 29.25412961, 29.22098305, 29.18751554, 29.15370505,
        29.1195365 , 29.08503911, 29.05022471, 29.01499166, 28.97937631,
        28.94339903, 28.90707988, 28.87040024, 28.83337219, 28.79596179,
        28.75819483, 28.72007781, 28.68160734, 28.64277412, 28.60362587,
        28.56419816, 28.52453618, 28.48470199, 28.44474187, 28.4046623 ,
        28.36452363, 28.32438267, 28.28424923, 28.24417117, 28.20421933,
        28.16436772, 28.12469863, 28.08526636, 28.04617976, 28.00721979,
        27.96850867, 27.93032374, 27.89264163, 27.85554836, 27.81912868,
        27.78353193, 27.74893665, 27.7154899 , 27.6834202 , 27.65301611,
        27.62459097, 27.59858374, 27.57557331, 27.55582874, 27.53993326,
        27.52887148, 27.52412143, 27.5279201 , 27.54385089, 27.57830985,
        27.64450046, 27.77708912, 28.13481812]]), 'osnr': array([[33.26233401, 33.26055997, 33.25879118, 33.25702466, 33.25525956,
        33.25349559, 33.25173262, 33.24997055, 33.24820933, 33.24644894,
        33.24468934, 33.24293051, 33.24117244, 33.23941512, 33.23765854,
        33.23590269, 33.23414756, 33.23239316, 33.23063948, 33.22888651,
        33.22713425, 33.2253827 , 33.22363185, 33.22188171, 33.22013227,
        33.21838352, 33.21663547, 33.21488811, 33.21314143, 33.21139544,
        33.20965003, 33.20790539, 33.20616145, 33.20441819, 33.20267561,
        33.20093372, 33.1991925 , 33.19745197, 33.19571213, 33.19397297,
        33.1922345 , 33.19049672, 33.18875963, 33.18702323, 33.18528751,
        33.18355248, 33.18181814, 33.18008448, 33.1783515 , 33.1766192 ,
        33.17488758, 33.17315657, 33.1714263 , 33.16969671, 33.1679678 ,
        33.16623957, 33.16451201, 33.16278511, 33.16105889, 33.15933334,
        33.15760845, 33.15588422, 33.15416066, 33.15243776, 33.15071552,
        33.14899394, 33.14727303, 33.14555277, 33.14383319, 33.14211427,
        33.14039603, 33.13867845, 33.13696146, 33.13524531, 33.13352995,
        33.13181548, 33.13010204, 33.12839002, 33.12668038, 33.12497751,
        33.61471127, 33.61299135, 33.61127851, 33.60956814, 33.60785921,
        33.60615136, 33.60444439, 33.60273823, 33.60103279, 33.59932804,
        33.59762396, 33.59592052, 33.59421769, 33.59251548, 33.59081387,
        33.58911286, 33.58741244, 33.58571261, 33.58401336, 33.58231468,
        33.58061659, 33.57891906, 33.5772221 , 33.57552571, 33.57382988,
        33.5721346 , 33.57043989, 33.56874573, 33.56705212, 33.56535906,
        33.56366655, 33.56197459, 33.56028318, 33.55859229, 33.5569018 ,
        33.55521201, 33.55352279, 33.55183413, 33.55014602, 33.54845845,
        33.54677142, 33.54508492, 33.54339896, 33.54171353, 33.54002862,
        33.53834423, 33.53666036, 33.534977  , 33.53329415, 33.53161182,
        33.52992999, 33.52824869, 33.52656789, 33.52488759, 33.52320778,
        33.52152841, 33.5198496 , 33.51817133, 33.51649357, 33.51481632,
        33.51313957, 33.51146334, 33.50978762, 33.50811243, 33.50643775,
        33.5047636 , 33.50308991, 33.50141689, 33.49974449, 33.49807277,
        33.49640172, 33.49473141, 33.49306193, 33.49139343, 33.48972613,
        33.48806062, 33.48639773, 33.48473923, 33.48308992, 33.48147142,
        31.97146536, 31.96974317, 31.9680539 , 31.96637425, 31.96469915,
        31.9630267 , 31.96135603, 31.9596867 , 31.9580184 , 31.95635093,
        31.95468416, 31.95301796, 31.9513522 , 31.94968685, 31.94802187,
        31.94635723, 31.94469291, 31.94302889, 31.94136515, 31.93970165,
        31.93803837, 31.93637527, 31.93471235, 31.9330496 , 31.93138698,
        31.92972454, 31.9280623 , 31.92640027, 31.92473846, 31.92307692,
        31.92141563, 31.91975464, 31.91809397, 31.91643362, 31.91477362,
        31.91311397, 31.91145468, 31.90979577, 31.90813747, 31.90647969,
        31.9048218 , 31.90316375, 31.90150577, 31.89984789, 31.89819009,
        31.89653237, 31.89487468, 31.89321708, 31.89155952, 31.88990194,
        31.88824435, 31.88658676, 31.88492907, 31.88327129, 31.88161339,
        31.87995534, 31.87829715, 31.87663883, 31.87498025, 31.87332142,
        31.87166237, 31.8700031 , 31.86834357, 31.86668378, 31.86502368,
        31.86336327, 31.86170256, 31.86004152, 31.85838012, 31.85671841,
        31.85505642, 31.85339421, 31.85173183, 31.85006936, 31.84840678,
        31.84674418, 31.84508162, 31.84341913, 31.84175677, 31.84009463,
        31.83843269, 31.83677106, 31.83510983, 31.83344918, 31.83178791,
        31.83012794, 31.82846885, 31.82681062, 31.82515342, 31.8234974 ,
        31.82184283, 31.82019004, 31.81853932, 31.81689109, 31.81524591,
        31.81360435, 31.81196726, 31.81033571, 31.80871026, 31.80709201,
        31.80548277, 31.80388521, 31.80230332, 31.80074335, 31.79921624,
        31.79774391, 31.79638188, 31.79536818]]), 'snr_nli': array([[45.01584117, 44.72892661, 44.58802649, 44.49500292, 44.42365953,
        44.36484453, 44.31420485, 44.26930524, 44.22857217, 44.19102378,
        44.15594295, 44.12279565, 44.09103936, 44.06047776, 44.03091154,
        44.00211853, 43.97396205, 43.94633812, 43.91909983, 43.89220674,
        43.86560548, 43.83922423, 43.81299607, 43.78691461, 43.7608831 ,
        43.73483216, 43.70873503, 43.68252426, 43.65607128, 43.62919781,
        43.59999078, 43.57262836, 43.545282  , 43.51776904, 43.49001902,
        43.46209844, 43.43402513, 43.40582388, 43.37757136, 43.34932455,
        43.32111058, 43.29299782, 43.2649446 , 43.23695706, 43.20903698,
        43.18118213, 43.15336752, 43.12557421, 43.09776294, 43.06989221,
        43.04185336, 43.01258733, 42.98451568, 42.9565423 , 42.92855797,
        42.90049623, 42.8723297 , 42.84407236, 42.81567242, 42.78714275,
        42.75845876, 42.72958118, 42.70050372, 42.67125259, 42.64181198,
        42.61221537, 42.58247967, 42.55263249, 42.52272047, 42.49290647,
        42.46313179, 42.43337653, 42.40225595, 42.37418259, 42.34828426,
        42.32598268, 42.31013258, 42.30682015, 42.33249119, 42.46466237,
        42.16647043, 41.93953449, 41.82038154, 41.73100544, 41.65484609,
        41.58579471, 41.52095928, 41.45889228, 41.39858403, 41.3394493 ,
        41.28108339, 41.223178  , 41.16540815, 41.10773296, 41.050059  ,
        40.99229865, 40.93441085, 40.87638439, 40.81814387, 40.75971077,
        40.70106644, 40.64214754, 40.58296935, 40.52356266, 40.4638409 ,
        40.4038563 , 40.34361029, 40.28308198, 40.22229573, 40.16131237,
        40.10006145, 40.03858419, 39.97688436, 39.91477462, 39.85104534,
        39.78873949, 39.72659416, 39.66443567, 39.60217991, 39.53985237,
        39.47740206, 39.41487204, 39.35222406, 39.28945508, 39.22652416,
        39.16345378, 39.10018607, 39.03677164, 38.97322225, 38.90955284,
        38.84577384, 38.78196176, 38.71802723, 38.65398806, 38.5897818 ,
        38.52501682, 38.46072388, 38.39658549, 38.33248447, 38.2684281 ,
        38.20445878, 38.14056642, 38.07679169, 38.01320967, 37.94982383,
        37.88661532, 37.82329077, 37.76104083, 37.69960353, 37.63923196,
        37.57992586, 37.52197861, 37.46590964, 37.41248512, 37.36276385,
        37.3198505 , 37.28798365, 37.27638129, 37.31069033, 37.512179  ,
        37.03787708, 36.69045042, 36.51109327, 36.3777044 , 36.26489432,
        36.16328066, 36.06868975, 35.97889792, 35.89255158, 35.80865709,
        35.72659906, 35.64593128, 35.56602301, 35.48683479, 35.40818893,
        35.32997653, 35.25215059, 35.17464687, 35.09737751, 35.02026394,
        34.94324458, 34.8662519 , 34.78925986, 34.71226664, 34.63522677,
        34.55827856, 34.48149625, 34.40491685, 34.32861549, 34.25269665,
        34.17713191, 34.10205137, 34.02750015, 33.95349215, 33.88007894,
        33.8072681 , 33.73503483, 33.66345752, 33.5930645 , 33.52356508,
        33.45357477, 33.38301174, 33.3124138 , 33.24187498, 33.1713792 ,
        33.10092142, 33.03043576, 32.9600613 , 32.88969027, 32.81925564,
        32.74878357, 32.67830506, 32.60767159, 32.53693232, 32.4660435 ,
        32.39497754, 32.32380104, 32.25254204, 32.18099242, 32.10923448,
        32.03731514, 31.96527912, 31.89309208, 31.8207818 , 31.7482843 ,
        31.67565441, 31.60290778, 31.53004039, 31.45703702, 31.38399094,
        31.31096956, 31.23805619, 31.16536273, 31.09296872, 31.02087866,
        30.9491945 , 30.87800891, 30.807328  , 30.73722528, 30.66781282,
        30.59903028, 30.53100741, 30.46382233, 30.3976451 , 30.33208285,
        30.26732957, 30.20383829, 30.14154703, 30.08057817, 30.02104982,
        29.96318486, 29.90725044, 29.853458  , 29.80214898, 29.75375779,
        29.70875388, 29.66780468, 29.63179705, 29.60111718, 29.57665639,
        29.55994848, 29.55331977, 29.5603262 , 29.58672849, 29.64294555,
        29.75084182, 29.96918364, 30.57966798]]), 'max_oct': np.float64(417.0179767736599)}"
24,22,24,22,66.2,1,1,66.2,"{'P_opt': np.float64(-13.140000000000004), 'gsnr': array([[32.66946607, 32.65003049, 32.63923999, 32.63139926, 32.62491967,
        32.61923494, 32.61407274, 32.60927922, 32.60475351, 32.60043262,
        32.5962699 , 32.59223025, 32.58827663, 32.58439651, 32.58057677,
        32.57680202, 32.57306298, 32.5693526 , 32.56566032, 32.56198353,
        32.55831854, 32.55466013, 32.55100334, 32.54734785, 32.54368624,
        32.54001313, 32.53632657, 32.53262172, 32.5288901 , 32.52512901,
        32.52131594, 32.5173031 , 32.51342259, 32.50953189, 32.50561275,
        32.5016683 , 32.49769917, 32.49370698, 32.48969805, 32.48567713,
        32.48164654, 32.47761223, 32.47357062, 32.46952227, 32.46546734,
        32.46140561, 32.45733492, 32.45325348, 32.44915768, 32.4450436 ,
        32.44090113, 32.43663699, 32.43246403, 32.42828649, 32.42409423,
        32.41988084, 32.4156435 , 32.41138318, 32.40709465, 32.40277876,
        32.39843274, 32.39405235, 32.38963645, 32.38518703, 32.38070199,
        32.37618401, 32.37163415, 32.36705451, 32.36244912, 32.35783364,
        32.35320165, 32.34855022, 32.34374163, 32.33921662, 32.33489323,
        32.33091909, 32.32759085, 32.32553746, 32.32643682, 32.33797461,
        32.73973147, 32.71094657, 32.6945036 , 32.68150164, 32.67000404,
        32.65928685, 32.6490031 , 32.63897875, 32.62908893, 32.61926062,
        32.6094421 , 32.59959264, 32.58966697, 32.57965909, 32.56955499,
        32.55934078, 32.54900904, 32.53855665, 32.5279703 , 32.5172514 ,
        32.50639512, 32.49538911, 32.48423347, 32.4729309 , 32.46146458,
        32.44984048, 32.43805625, 32.42610561, 32.41399013, 32.40171794,
        32.38927418, 32.37666349, 32.36388386, 32.35089702, 32.33747908,
        32.32418448, 32.31078587, 32.29724854, 32.28355443, 32.26970664,
        32.25569319, 32.24152069, 32.22717944, 32.21266657, 32.19797125,
        32.18309574, 32.16802526, 32.15276797, 32.13732432, 32.1216954 ,
        32.10588135, 32.08989797, 32.0737238 , 32.05736298, 32.0408135 ,
        32.02405175, 32.00699152, 31.98988632, 31.97263631, 31.95522618,
        31.93766308, 31.91994299, 31.90207564, 31.88408094, 31.86596316,
        31.84773851, 31.82940682, 31.81089327, 31.79252977, 31.77431413,
        31.75622983, 31.73836237, 31.72086823, 31.7039891 , 31.68807856,
        31.6738771 , 31.66284822, 31.6577064 , 31.6658012 , 31.72125224,
        30.47785265, 30.39195973, 30.3447143 , 30.30817329, 30.27636903,
        30.24707738, 30.21923737, 30.1923632 , 30.16605704, 30.14014185,
        30.11443132, 30.08879121, 30.06304519, 30.03721005, 30.0112456 ,
        29.98510863, 29.95877935, 29.93225107, 29.90549307, 29.8784841 ,
        29.85120035, 29.82360921, 29.79570756, 29.7674917 , 29.73893795,
        29.71008969, 29.68097935, 29.65162527, 29.62206449, 29.59233698,
        29.56242929, 29.53239259, 29.50224732, 29.47200228, 29.44168044,
        29.41128486, 29.38079803, 29.35021824, 29.31955833, 29.2888586 ,
        29.25832853, 29.22788229, 29.19692181, 29.16537134, 29.13346825,
        29.10125686, 29.06872375, 29.03593805, 29.00285502, 28.96944454,
        28.93571865, 28.9016919 , 28.86729383, 28.83254508, 28.79742338,
        28.76191316, 28.72604497, 28.68983108, 28.65316566, 28.61608512,
        28.57861142, 28.54076562, 28.50252795, 28.46391024, 28.42487717,
        28.38545525, 28.34565153, 28.30546211, 28.26487696, 28.2239452 ,
        28.18270385, 28.14119975, 28.09949681, 28.05764254, 28.01564326,
        27.97356133, 27.93145613, 27.88933796, 27.84725684, 27.80528607,
        27.76339866, 27.72167906, 27.68018375, 27.63902425, 27.59797833,
        27.55717446, 27.51689547, 27.47711859, 27.43793345, 27.39942866,
        27.36175955, 27.32511162, 27.28963765, 27.25557409, 27.22322038,
        27.19290138, 27.16507434, 27.14033498, 27.1189504 , 27.10150803,
        27.08901562, 27.08298979, 27.08572824, 27.10091345, 27.13512189,
        27.20193829, 27.33706078, 27.70419121]]), 'osnr': array([[32.9457326 , 32.94395828, 32.94218934, 32.9404227 , 32.93865752,
        32.93689348, 32.93513044, 32.93336831, 32.93160704, 32.92984659,
        32.92808694, 32.92632807, 32.92456995, 32.92281258, 32.92105595,
        32.91930006, 32.91754489, 32.91579044, 32.91403671, 32.91228369,
        32.91053138, 32.90877979, 32.90702889, 32.9052787 , 32.90352921,
        32.90178041, 32.90003231, 32.8982849 , 32.89653817, 32.89479213,
        32.89304676, 32.89130197, 32.88955795, 32.88781463, 32.88607199,
        32.88433002, 32.88258874, 32.88084815, 32.87910823, 32.877369  ,
        32.87563047, 32.87389262, 32.87215545, 32.87041898, 32.86868319,
        32.86694809, 32.86521368, 32.86347995, 32.86174689, 32.86001452,
        32.85828281, 32.85655173, 32.85482138, 32.85309172, 32.85136273,
        32.84963441, 32.84790677, 32.84617979, 32.84445348, 32.84272784,
        32.84100286, 32.83927855, 32.83755489, 32.83583189, 32.83410956,
        32.83238788, 32.83066686, 32.8289465 , 32.82722681, 32.82550778,
        32.82378943, 32.82207173, 32.82035462, 32.81863835, 32.81692287,
        32.81520827, 32.81349471, 32.81178258, 32.81007285, 32.80837001,
        33.29810267, 33.29638234, 33.29466921, 33.29295857, 33.2912494 ,
        33.2895413 , 33.28783409, 33.28612767, 33.28442198, 33.28271698,
        33.28101263, 33.27930893, 33.27760583, 33.27590334, 33.27420144,
        33.27250014, 33.27079942, 33.26909928, 33.26739971, 33.26570072,
        33.26400229, 33.26230442, 33.26060712, 33.25891037, 33.25721417,
        33.25551852, 33.25382342, 33.25212887, 33.25043485, 33.24874139,
        33.24704846, 33.24535606, 33.24366421, 33.24197286, 33.24028189,
        33.23859163, 33.23690193, 33.23521277, 33.23352415, 33.23183607,
        33.23014851, 33.22846148, 33.22677496, 33.22508897, 33.22340349,
        33.22171851, 33.22003403, 33.21835005, 33.21666658, 33.2149836 ,
        33.21330112, 33.21161914, 33.20993765, 33.20825665, 33.20657614,
        33.2048961 , 33.20321648, 33.20153742, 33.19985887, 33.19818082,
        33.19650326, 33.1948262 , 33.19314964, 33.19147358, 33.18979803,
        33.18812301, 33.1864485 , 33.18477446, 33.1831011 , 33.18142842,
        33.17975642, 33.17808514, 33.1764147 , 33.17474527, 33.17307707,
        33.17141064, 33.16974697, 33.16808792, 33.16643854, 33.16482179,
        31.65480736, 31.65308018, 31.6513879 , 31.64970575, 31.64802839,
        31.6463538 , 31.64468103, 31.64300964, 31.64133926, 31.63966973,
        31.63800088, 31.63633256, 31.63466462, 31.63299706, 31.63132984,
        31.62966292, 31.62799626, 31.62632987, 31.62466369, 31.6229977 ,
        31.62133188, 31.61966618, 31.61800059, 31.6163351 , 31.61466967,
        31.61300435, 31.61133915, 31.6096741 , 31.60800923, 31.60634456,
        31.60468009, 31.60301586, 31.60135189, 31.59968819, 31.59802477,
        31.59636164, 31.59469878, 31.59303617, 31.59137383, 31.5897118 ,
        31.58805032, 31.5863893 , 31.58472802, 31.58306637, 31.58140461,
        31.5797428 , 31.5780809 , 31.576419  , 31.57475702, 31.57309491,
        31.57143268, 31.56977033, 31.56810777, 31.56644499, 31.56478197,
        31.56311866, 31.56145508, 31.55979125, 31.55812699, 31.55646235,
        31.55479732, 31.55313193, 31.55146612, 31.5497999 , 31.5481332 ,
        31.54646603, 31.54479837, 31.54313022, 31.54146152, 31.53979234,
        31.5381227 , 31.53645267, 31.53478231, 31.5331117 , 31.53144082,
        31.52976976, 31.52809861, 31.52642738, 31.52475614, 31.52308501,
        31.52141394, 31.51974306, 31.51807249, 31.51640241, 31.51473159,
        31.51306197, 31.5113932 , 31.50972525, 31.5080583 , 31.50639254,
        31.50472829, 31.50306591, 31.50140573, 31.49974825, 31.49809408,
        31.49644393, 31.49479874, 31.49315974, 31.49152756, 31.48990343,
        31.48828941, 31.48668855, 31.48510538, 31.48354705, 31.48202599,
        31.48056721, 31.47923394, 31.47829714]]), 'snr_nli': array([[44.77142753, 44.49160222, 44.35397704, 44.26292365, 44.19301825,
        44.13533383, 44.08562483, 44.04151504, 44.00146666, 43.96452147,
        43.92997831, 43.89731504, 43.86599899, 43.83583915, 43.80664168,
        43.77818786, 43.75034446, 43.72301006, 43.69604021, 43.66939615,
        43.64302607, 43.61685971, 43.59083151, 43.56493593, 43.53907837,
        43.5131914 , 43.48725198, 43.46120137, 43.43493763, 43.40843148,
        43.38141311, 43.35210085, 43.32453447, 43.2969783 , 43.26921551,
        43.24128722, 43.21320444, 43.18498932, 43.1567185 , 43.12844867,
        43.10020752, 43.07206318, 43.04397433, 43.01594694, 42.98798261,
        42.96007867, 42.93221056, 42.90435867, 42.87648362, 42.84854355,
        42.82043   , 42.79113467, 42.76297395, 42.73490255, 42.70681148,
        42.67863403, 42.6503424 , 42.62194948, 42.59340315, 42.56471549,
        42.53586103, 42.50679983, 42.47752468, 42.44806016, 42.41838906,
        42.38854284, 42.35853589, 42.32839263, 42.29815605, 42.26798205,
        42.23780785, 42.20760599, 42.17605334, 42.14738857, 42.12078474,
        42.09760924, 42.08061737, 42.07568242, 42.09866764, 42.22426205,
        41.92453923, 41.70342729, 41.58626322, 41.49782802, 41.4221361 ,
        41.35328771, 41.28848731, 41.22633673, 41.16585838, 41.10648604,
        41.04782804, 40.98958544, 40.93144152, 40.87335829, 40.81524592,
        40.75701927, 40.69863923, 40.64009636, 40.58131652, 40.52232218,
        40.46309576, 40.40357438, 40.34377421, 40.28372646, 40.22334477,
        40.16268145, 40.10173792, 40.04049338, 39.9789728 , 39.91723733,
        39.85521741, 39.79295425, 39.73045115, 39.66751615, 39.60297765,
        39.53981597, 39.47680721, 39.41377361, 39.35063006, 39.2874019 ,
        39.2240383 , 39.16058209, 39.09699519, 39.03327392, 38.96937718,
        38.90532727, 38.84106631, 38.77664471, 38.71207559, 38.64737444,
        38.58255201, 38.51768734, 38.45269427, 38.38760039, 38.322406  ,
        38.25702076, 38.19109849, 38.12570323, 38.06041757, 37.99518163,
        37.93002736, 37.86494131, 37.79996405, 37.73517343, 37.67058448,
        37.60625652, 37.54218513, 37.47809093, 37.41518968, 37.35344121,
        37.29275602, 37.23340964, 37.17591659, 37.12107007, 37.07002421,
        37.02522688, 36.99153607, 36.97800908, 37.00962188, 37.20652829,
        36.72329378, 36.37754938, 36.19785443, 36.06351788, 35.94954327,
        35.84675475, 35.75082505, 35.65974291, 35.57192906, 35.48665169,
        35.40318868, 35.32102986, 35.2395526 , 35.15879311, 35.0786026 ,
        34.99882984, 34.91940406, 34.84029821, 34.7614128 , 34.68268156,
        34.60403353, 34.52537487, 34.44670202, 34.36800985, 34.28923639,
        34.21051136, 34.13192798, 34.05353636, 33.97543518, 33.89772651,
        33.82036555, 33.74347953, 33.66711004, 33.59126676, 33.51599503,
        33.44128794, 33.36708734, 33.29337635, 33.22017446, 33.14756699,
        33.07604323, 33.00537   , 32.93411247, 32.86211099, 32.78993811,
        32.71770192, 32.64537498, 32.57311707, 32.50082749, 32.4284415 ,
        32.35598916, 32.28350484, 32.21083823, 32.13803903, 32.06506416,
        31.99188604, 31.91857416, 31.84515771, 31.77142289, 31.69745204,
        31.62329552, 31.54900021, 31.47453042, 31.39991367, 31.32508462,
        31.2500995 , 31.17497528, 31.09970757, 31.02428039, 30.94878893,
        30.87330284, 30.79790755, 30.72271703, 30.647812  , 30.57319645,
        30.49897443, 30.42524171, 30.35200479, 30.27933951, 30.20736021,
        30.13600508, 30.06540516, 29.99564054, 29.92688263, 29.85873813,
        29.79140802, 29.72534696, 29.66049376, 29.59697388, 29.53490879,
        29.47452652, 29.41609995, 29.35984488, 29.30610848, 29.2553338 ,
        29.20799908, 29.16478772, 29.12659625, 29.09379853, 29.06727502,
        29.04856752, 29.04002059, 29.04522121, 29.06998223, 29.12482018,
        29.23181268, 29.45032632, 30.06513905]]), 'max_oct': np.float64(412.602040979837)}"
24,38,24,38,251.2,4,4,62.8,"{'P_opt': np.float64(-12.660000000000002), 'gsnr': array([[33.14633722, 33.12556586, 33.11448519, 33.10632269, 33.0995825 ,
        33.09368143, 33.08833348, 33.08337639, 33.0787038 , 33.07424904,
        33.06996289, 33.06580827, 33.06174623, 33.05776346, 33.05384598,
        33.04997769, 33.04614874, 33.04235166, 33.03857536, 33.03481703,
        33.03107273, 33.02733697, 33.02360453, 33.01987504, 33.0161407 ,
        33.01239582, 33.00863813, 33.00486192, 33.00105625, 32.99720579,
        32.99314407, 32.98923118, 32.98530926, 32.98136254, 32.97738462,
        32.97338083, 32.96935236, 32.96530105, 32.96123332, 32.95715404,
        32.95306549, 32.94897377, 32.94487515, 32.94077019, 32.93665903,
        32.93254143, 32.92841489, 32.92427721, 32.92012324, 32.91594047,
        32.9116244 , 32.90741847, 32.90321018, 32.8989877 , 32.89474918,
        32.8904896 , 32.88620664, 32.88190169, 32.87756958, 32.8732114 ,
        32.8688245 , 32.86440472, 32.85995108, 32.85546596, 32.85094747,
        32.84639877, 32.84182141, 32.83721814, 32.83259378, 32.82796563,
        32.82332789, 32.81867898, 32.81386756, 32.80937444, 32.80510817,
        32.80122924, 32.79805805, 32.79627362, 32.79768694, 32.81059511,
        33.21093965, 33.18047868, 33.16332706, 33.14989324, 33.13809105,
        33.12714084, 33.11666946, 33.10648956, 33.09646734, 33.08652454,
        33.07660589, 33.06666805, 33.05666323, 33.04658495, 33.03641835,
        33.02614893, 33.01576893, 33.00527499, 32.99465348, 32.98390586,
        32.97302716, 32.96200496, 32.95083939, 32.93953333, 32.92806987,
        32.91645534, 32.9046876 , 32.89276052, 32.88067581, 32.86844192,
        32.85604376, 32.84348634, 32.83076803, 32.81785166, 32.80449878,
        32.79129142, 32.77798718, 32.76455227, 32.75096892, 32.73724059,
        32.72335532, 32.70932013, 32.69512542, 32.68076875, 32.66623949,
        32.65154031, 32.63665652, 32.62159681, 32.60636147, 32.59095175,
        32.57536803, 32.55962585, 32.54370307, 32.52760198, 32.51130622,
        32.49471787, 32.4780834 , 32.46132591, 32.44441684, 32.42735748,
        32.41015783, 32.39281501, 32.37533914, 32.35774984, 32.34004877,
        32.3222323 , 32.30422024, 32.28633624, 32.2685145 , 32.25083178,
        32.23329614, 32.2159974 , 32.1990834 , 32.18275444, 32.16752841,
        32.15414255, 32.14390456, 32.13970077, 32.14900043, 32.20637121,
        30.96601376, 30.87986158, 30.83292483, 30.79691344, 30.76570336,
        30.73706026, 30.70990657, 30.68376729, 30.65823355, 30.63309422,
        30.60821068, 30.58341896, 30.55856944, 30.53364836, 30.50861258,
        30.48343965, 30.45810554, 30.43259854, 30.40688871, 30.38094791,
        30.35476342, 30.32830971, 30.30157707, 30.27456147, 30.24725039,
        30.21968691, 30.19189629, 30.16388391, 30.13568345, 30.10733613,
        30.07883557, 30.05023364, 30.02155283, 29.99280506, 29.9640187 ,
        29.93521098, 29.90640519, 29.87780215, 29.84930212, 29.82041949,
        29.79105814, 29.76145444, 29.73163638, 29.70161011, 29.67135858,
        29.64087533, 29.61012989, 29.57918012, 29.54797929, 29.51649762,
        29.48474523, 29.45273483, 29.42039919, 29.38775882, 29.35479197,
        29.32148392, 29.28786306, 29.25394102, 29.21961871, 29.1849324 ,
        29.14990146, 29.11454534, 29.07884606, 29.04281584, 29.00642154,
        28.96968848, 28.93262282, 28.89522142, 28.8574754 , 28.81943151,
        28.78112435, 28.74259804, 28.70391336, 28.66511572, 28.62621165,
        28.58726015, 28.54831646, 28.50939007, 28.47052748, 28.43179804,
        28.39317628, 28.35474313, 28.31655154, 28.27870852, 28.24099757,
        28.20353719, 28.16660079, 28.13016484, 28.09431316, 28.05912818,
        28.02475553, 27.99136952, 27.95911364, 27.92821143, 27.89894475,
        27.87161975, 27.84666413, 27.82464615, 27.80583478, 27.79080918,
        27.78053829, 27.77647453, 27.78081484, 27.79707722, 27.83153885,
        27.89715212, 28.02790431, 28.37927576]]), 'osnr': array([[33.42822081, 33.42644683, 33.42467826, 33.42291182, 33.42114678,
        33.41938287, 33.41761993, 33.4158579 , 33.41409672, 33.41233636,
        33.41057679, 33.40881799, 33.40705995, 33.40530266, 33.4035461 ,
        33.40179028, 33.40003519, 33.39828081, 33.39652716, 33.39477422,
        33.39302199, 33.39127046, 33.38951965, 33.38776954, 33.38602012,
        33.38427141, 33.38252339, 33.38077606, 33.37902942, 33.37728345,
        33.37553808, 33.37379348, 33.37204957, 33.37030635, 33.36856381,
        33.36682195, 33.36508077, 33.36334028, 33.36160048, 33.35986136,
        33.35812293, 33.35638519, 33.35464814, 33.35291178, 33.35117611,
        33.34944112, 33.34770682, 33.3459732 , 33.34424027, 33.342508  ,
        33.34077636, 33.33904546, 33.33731524, 33.33558571, 33.33385684,
        33.33212866, 33.33040114, 33.3286743 , 33.32694813, 33.32522263,
        33.32349779, 33.32177362, 33.32005011, 33.31832726, 33.31660508,
        33.31488356, 33.31316271, 33.31144251, 33.30972299, 33.30800414,
        33.30628596, 33.30456845, 33.30285153, 33.30113545, 33.29942016,
        33.29770576, 33.29599239, 33.29428043, 33.29257082, 33.29086791,
        33.78060231, 33.77888266, 33.77717001, 33.7754598 , 33.77375103,
        33.77204332, 33.7703365 , 33.76863048, 33.7669252 , 33.7652206 ,
        33.76351667, 33.76181339, 33.76011072, 33.75840868, 33.75670724,
        33.7550064 , 33.75330615, 33.7516065 , 33.74990743, 33.74820895,
        33.74651105, 33.74481372, 33.74311696, 33.74142078, 33.73972516,
        33.7380301 , 33.73633561, 33.73464168, 33.7329483 , 33.73125549,
        33.72956323, 33.72787152, 33.72618037, 33.72448974, 33.72279952,
        33.72111001, 33.71942108, 33.7177327 , 33.71604488, 33.71435761,
        33.71267089, 33.7109847 , 33.70929906, 33.70761396, 33.70592938,
        33.70424533, 33.7025618 , 33.7008788 , 33.69919632, 33.69751435,
        33.69583291, 33.69415199, 33.69247158, 33.69079169, 33.68911229,
        33.68743334, 33.68575497, 33.68407714, 33.68239983, 33.68072303,
        33.67904675, 33.67737099, 33.67569576, 33.67402105, 33.67234688,
        33.67067324, 33.66900007, 33.66732758, 33.66565571, 33.66398452,
        33.66231401, 33.66064423, 33.65897528, 33.65730728, 33.65564054,
        33.65397553, 33.65231304, 33.65065485, 33.64900554, 33.64738591,
        32.13738464, 32.13566538, 32.13397784, 32.13229961, 32.13062579,
        32.12895456, 32.12728507, 32.12561692, 32.12394978, 32.12228348,
        32.1206179 , 32.11895289, 32.11728834, 32.11562422, 32.11396049,
        32.11229713, 32.11063412, 32.10897144, 32.10730906, 32.10564695,
        32.10398509, 32.10232345, 32.10066202, 32.09900079, 32.09733975,
        32.09567891, 32.09401831, 32.09235794, 32.09069784, 32.08903802,
        32.08737849, 32.08571929, 32.08406044, 32.08240194, 32.08074383,
        32.07908611, 32.07742882, 32.07577215, 32.074116  , 32.07245988,
        32.07080366, 32.06914758, 32.06749167, 32.06583594, 32.06418034,
        32.06252487, 32.06086949, 32.05921426, 32.05755911, 32.055904  ,
        32.05424894, 32.05259393, 32.05093889, 32.04928383, 32.0476287 ,
        32.0459735 , 32.04431823, 32.04266289, 32.04100737, 32.03935168,
        32.03769585, 32.03603987, 32.03438372, 32.03272739, 32.03107083,
        32.02941406, 32.02775706, 32.02609983, 32.02444234, 32.02278462,
        32.02112672, 32.01946867, 32.01781055, 32.01615241, 32.01449424,
        32.01283613, 32.01117814, 32.00952028, 32.00786261, 32.00620523,
        32.00454811, 32.00289135, 32.00123505, 31.99957936, 31.99792312,
        31.9962682 , 31.99461419, 31.99296106, 31.99130895, 31.98965801,
        31.9880085 , 31.9863607 , 31.9847149 , 31.98307147, 31.98143093,
        31.97979381, 31.97816089, 31.97653316, 31.97491114, 31.97329585,
        31.97168898, 31.97009299, 31.96851159, 31.96695055, 31.96541998,
        31.96394021, 31.9625626 , 31.96150759]]), 'snr_nli': array([[45.16366188, 44.86903375, 44.73018075, 44.63653886, 44.56453772,
        44.50516079, 44.4540409 , 44.40872473, 44.36762521, 44.32975047,
        44.29437632, 44.26096322, 44.22896386, 44.1981795 , 44.1684081 ,
        44.13942584, 44.11109431, 44.0833083 , 44.05591966, 44.02888718,
        44.00215676, 43.97565591, 43.94931717, 43.92313409, 43.89700928,
        43.87087331, 43.84469934, 43.81841979, 43.79190569, 43.7649784 ,
        43.73567065, 43.70826964, 43.68089322, 43.65335771, 43.62559189,
        43.59766201, 43.569585  , 43.54138509, 43.51313784, 43.48489977,
        43.45669716, 43.42859818, 43.40056056, 43.3725901 , 43.34468801,
        43.31685122, 43.28905232, 43.26126764, 43.23344219, 43.20544375,
        43.17616568, 43.1482019 , 43.12034954, 43.09248374, 43.06458617,
        43.03660635, 43.00852231, 42.9803508 , 42.95204134, 42.92360787,
        42.89502669, 42.86625919, 42.83729978, 42.80817575, 42.77887218,
        42.74942381, 42.71984903, 42.69017737, 42.66045759, 42.63085663,
        42.60131821, 42.57182715, 42.54096267, 42.51323727, 42.48775182,
        42.46595889, 42.45076908, 42.44838816, 42.47558949, 42.61148198,
        42.31432355, 42.08414401, 41.96390439, 41.87403053, 41.79763952,
        41.72850528, 41.6636816 , 41.60169332, 41.54151274, 41.48254399,
        41.42437508, 41.36669254, 41.3091667 , 41.25175514, 41.19436231,
        41.1368992 , 41.07932363, 41.02162338, 40.96372229, 40.9056413 ,
        40.84736111, 40.78881812, 40.73002707, 40.67101854, 40.61170577,
        40.55214098, 40.49232554, 40.4322385 , 40.37190382, 40.31138217,
        40.25060253, 40.18960614, 40.12839707, 40.0667908 , 40.00355543,
        39.94177007, 39.88014902, 39.81852117, 39.75680302, 39.69502022,
        39.63312166, 39.5711506 , 39.50906866, 39.44687323, 39.38452349,
        39.3220421 , 39.25937122, 39.19656168, 39.1336246 , 39.07057481,
        39.00742294, 38.94424492, 38.88095152, 38.81756125, 38.75401341,
        38.68991047, 38.62629015, 38.56282866, 38.49941068, 38.43604468,
        38.37277307, 38.30958621, 38.24652501, 38.18366496, 38.12101046,
        38.05854571, 37.99597178, 37.93448358, 37.87381359, 37.81421767,
        37.75569719, 37.69854251, 37.64323697, 37.59043004, 37.54184584,
        37.49991266, 37.46895474, 37.45862715, 37.49435324, 37.69813342,
        37.2294419 , 36.88126889, 36.70211633, 36.56928559, 36.45706873,
        36.3562165 , 36.26232344, 36.17340834, 36.0878441 , 36.00477712,
        35.92364682, 35.84383678, 35.76480908, 35.68649672, 35.6087407 ,
        35.53145554, 35.45455461, 35.37799359, 35.30167375, 35.22550627,
        35.14945265, 35.07343793, 34.99743694, 34.92144209, 34.84542166,
        34.76950357, 34.69375986, 34.61820393, 34.54292645, 34.4680347 ,
        34.39350277, 34.31946135, 34.24595786, 34.17301019, 34.10067788,
        34.02898955, 33.9579881 , 33.88816139, 33.81922986, 33.74997135,
        33.68016146, 33.61039032, 33.54072587, 33.47118153, 33.40171541,
        33.33231181, 33.26289987, 33.19361404, 33.12434585, 33.05502877,
        32.98568782, 32.91635283, 32.84687664, 32.77730847, 32.70760437,
        32.63773689, 32.56777114, 32.49773468, 32.42742249, 32.356917  ,
        32.28626316, 32.2155046 , 32.14460767, 32.07360037, 32.00241943,
        31.93111899, 31.85971392, 31.78820046, 31.71656373, 31.64489593,
        31.5732632 , 31.50174754, 31.43045967, 31.35947841, 31.28880844,
        31.21855052, 31.14879557, 31.07954946, 31.01088433, 30.94291109,
        30.87557008, 30.80899034, 30.74324893, 30.67851505, 30.61439626,
        30.55108268, 30.48902627, 30.42816466, 30.36861853, 30.31050406,
        30.25404122, 30.19949396, 30.14707117, 30.097111  , 30.05004296,
        30.00633146, 29.96663474, 29.93183439, 29.90232274, 29.87899682,
        29.86338534, 29.85780357, 29.86578887, 29.89307074, 29.95000968,
        30.05834281, 30.27647782, 30.88427324]]), 'max_oct': np.float64(419.4354452529095)}"
24,45,24,45,194.4,3,3,64.8,"{'P_opt': np.float64(-12.960000000000003), 'gsnr': array([[32.85152207, 32.83181934, 32.82089652, 32.81297231, 32.80643012,
        32.80069521, 32.79549109, 32.79066156, 32.78610433, 32.78175544,
        32.77756759, 32.7735052 , 32.76953079, 32.76563164, 32.76179437,
        32.75800347, 32.75424952, 32.75052534, 32.74682029, 32.74313168,
        32.73945576, 32.73578728, 32.73212121, 32.72845725, 32.72478793,
        32.72110786, 32.71741511, 32.71370483, 32.70996852, 32.70620352,
        32.70238723, 32.69836774, 32.69448548, 32.69059377, 32.68667429,
        32.68273018, 32.67876197, 32.67477126, 32.67076425, 32.66674565,
        32.66271775, 32.65868646, 32.65464819, 32.6506035 , 32.64655256,
        32.64249518, 32.63842918, 32.6343528 , 32.63026246, 32.62615429,
        32.62201821, 32.61775843, 32.61359294, 32.60942345, 32.60523988,
        32.60103588, 32.59680865, 32.59255926, 32.58828252, 32.58397935,
        32.57964705, 32.57528145, 32.57088151, 32.56644934, 32.56198296,
        32.55748523, 32.55295743, 32.54840191, 32.543823  , 32.53923693,
        32.53463764, 32.53002291, 32.52525205, 32.52077534, 32.51650903,
        32.51260487, 32.50936674, 32.50743869, 32.50853866, 32.52053621,
        32.9227126 , 32.89348639, 32.87689392, 32.86382703, 32.85230423,
        32.84158488, 32.83131423, 32.82131426, 32.81145751, 32.80166943,
        32.79189732, 32.78209971, 32.77223072, 32.7622842 , 32.7522459 ,
        32.74210183, 32.73184447, 32.72147064, 32.71096702, 32.70033503,
        32.68956982, 32.67865913, 32.66760309, 32.65640442, 32.64504645,
        32.63353525, 32.62186856, 32.61004024, 32.5980519 , 32.58591172,
        32.57360489, 32.56113616, 32.54850374, 32.53567035, 32.52240984,
        32.50927897, 32.49604797, 32.48268301, 32.46916638, 32.4555013 ,
        32.44167593, 32.42769697, 32.41355486, 32.39924693, 32.38476256,
        32.37010415, 32.35525707, 32.34022962, 32.32502213, 32.30963566,
        32.29407038, 32.27834158, 32.26242728, 32.24632934, 32.23003093,
        32.21343819, 32.19678957, 32.18001218, 32.16307715, 32.14598519,
        32.12874599, 32.1113564 , 32.09382614, 32.07617426, 32.05840193,
        32.04050426, 32.02240495, 32.00441964, 31.98648641, 31.96867995,
        31.95100734, 31.93355777, 31.91648719, 31.90002636, 31.88449749,
        31.87082028, 31.86026368, 31.85555311, 31.86413395, 31.91995927,
        30.67524594, 30.59008619, 30.54341023, 30.50745194, 30.47622897,
        30.44749025, 30.42023127, 30.39391657, 30.36821771, 30.34289409,
        30.31779083, 30.29274718, 30.26763487, 30.24244934, 30.21713521,
        30.19166177, 30.1660171 , 30.14018498, 30.11413692, 30.08784586,
        30.06129495, 30.0344569 , 30.00731944, 29.97988187, 29.95213059,
        29.9241096 , 29.89584605, 29.86735123, 29.83865728, 29.80980235,
        29.78077826, 29.75163618, 29.72239695, 29.69306984, 29.6636782 ,
        29.63422691, 29.60470276, 29.57511299, 29.54549864, 29.51607492,
        29.48669978, 29.45688085, 29.42653593, 29.39589152, 29.36497265,
        29.33378715, 29.3023105 , 29.27060488, 29.23862448, 29.20633937,
        29.17376047, 29.14090127, 29.10769331, 29.07415697, 29.04027036,
        29.00601836, 28.97143024, 28.93651785, 28.90117927, 28.86545054,
        28.82935218, 28.79290432, 28.75608812, 28.71891548, 28.68135232,
        28.64342435, 28.60513812, 28.5664901 , 28.5274708 , 28.48812788,
        28.44849693, 28.40862317, 28.3685686 , 28.32837945, 28.28806209,
        28.2476769 , 28.20728096, 28.16688414, 28.12653451, 28.08630311,
        28.04616386, 28.00619913, 27.96646345, 27.92706567, 27.88778747,
        27.84875194, 27.81023609, 27.77221694, 27.73478103, 27.69801364,
        27.66206481, 27.62711393, 27.59330873, 27.56087852, 27.5301131 ,
        27.50132708, 27.47496159, 27.45159698, 27.43150035, 27.41525312,
        27.40384045, 27.39874197, 27.40219745, 27.41779481, 27.45193821,
        27.51784796, 27.65023449, 28.00803864]]), 'osnr': array([[33.12663542, 33.12486136, 33.12309255, 33.12132601, 33.1195609 ,
        33.11779693, 33.11603394, 33.11427187, 33.11251065, 33.11075024,
        33.10899063, 33.1072318 , 33.10547373, 33.1037164 , 33.10195981,
        33.10020395, 33.09844882, 33.09669442, 33.09494073, 33.09318775,
        33.09143548, 33.08968393, 33.08793307, 33.08618292, 33.08443348,
        33.08268472, 33.08093666, 33.0791893 , 33.07744262, 33.07569662,
        33.0739513 , 33.07220656, 33.0704626 , 33.06871932, 33.06697673,
        33.06523483, 33.0634936 , 33.06175306, 33.0600132 , 33.05827403,
        33.05653555, 33.05479776, 33.05306065, 33.05132424, 33.04958851,
        33.04785347, 33.04611912, 33.04438544, 33.04265245, 33.04092014,
        33.0391885 , 33.03745748, 33.0357272 , 33.0339976 , 33.03226867,
        33.03054043, 33.02881285, 33.02708594, 33.0253597 , 33.02363413,
        33.02190923, 33.02018499, 33.01846141, 33.01673849, 33.01501623,
        33.01329464, 33.0115737 , 33.00985343, 33.00813382, 33.00641489,
        33.00469662, 33.00297902, 33.00126201, 32.99954583, 32.99783045,
        32.99611595, 32.99440249, 32.99269044, 32.99098077, 32.98927787,
        33.47901142, 33.47729146, 33.47557859, 33.47386817, 33.47215921,
        33.47045131, 33.4687443 , 33.46703809, 33.4653326 , 33.46362781,
        33.46192368, 33.46022019, 33.45851732, 33.45681505, 33.45511339,
        33.45341232, 33.45171185, 33.45001195, 33.44831264, 33.44661391,
        33.44491575, 33.44321816, 33.44152113, 33.43982467, 33.43812877,
        33.43643342, 33.43473863, 33.43304439, 33.4313507 , 33.42965757,
        33.42796498, 33.42627294, 33.42458143, 33.42289045, 33.42119987,
        33.41950999, 33.41782068, 33.41613192, 33.4144437 , 33.41275603,
        33.4110689 , 33.40938229, 33.40769622, 33.40601068, 33.40432566,
        33.40264115, 33.40095715, 33.39927367, 33.3975907 , 33.39590823,
        33.39422627, 33.39254483, 33.39086389, 33.38918345, 33.3875035 ,
        33.38582397, 33.38414502, 33.38246659, 33.38078867, 33.37911125,
        33.37743434, 33.37575794, 33.37408204, 33.37240667, 33.37073182,
        33.36905748, 33.3673836 , 33.36571039, 33.36403779, 33.36236587,
        33.36069462, 33.35902411, 33.35735442, 33.35568573, 33.35401822,
        33.35235252, 33.35068946, 33.34903082, 33.34738147, 33.34576325,
        31.83575546, 31.83403232, 31.83234243, 31.83066226, 31.8289867 ,
        31.82731381, 31.82564271, 31.82397294, 31.82230421, 31.82063632,
        31.81896912, 31.81730246, 31.81563623, 31.81397041, 31.81230495,
        31.81063982, 31.80897501, 31.80731049, 31.80564623, 31.8039822 ,
        31.80231837, 31.80065472, 31.79899123, 31.79732788, 31.79566465,
        31.7940016 , 31.79233872, 31.79067604, 31.78901357, 31.78735135,
        31.78568936, 31.78402766, 31.78236627, 31.78070518, 31.77904443,
        31.77738401, 31.7757239 , 31.77406411, 31.77240468, 31.77074585,
        31.76908746, 31.76742896, 31.76577023, 31.76411153, 31.76245287,
        31.76079425, 31.75913564, 31.75747709, 31.75581855, 31.75415997,
        31.75250136, 31.75084271, 31.74918393, 31.74752504, 31.745866  ,
        31.74420678, 31.74254739, 31.74088784, 31.73922799, 31.73756786,
        31.73590747, 31.73424682, 31.73258589, 31.73092466, 31.72926307,
        31.72760114, 31.72593887, 31.72427623, 31.72261319, 31.72094979,
        31.71928608, 31.7176221 , 31.71595792, 31.71429361, 31.71262915,
        31.71096463, 31.70930013, 31.70763565, 31.70597127, 31.70430709,
        31.70264307, 31.70097933, 31.69931597, 31.69765316, 31.69598972,
        31.69432753, 31.69266622, 31.69100576, 31.68934632, 31.68768806,
        31.68603126, 31.68437626, 31.68272335, 31.68107297, 31.6794257 ,
        31.67778214, 31.67614315, 31.67450984, 31.67288279, 31.67126313,
        31.66965272, 31.66805432, 31.66647203, 31.66491232, 31.66338644,
        31.66191703, 31.66056131, 31.65956468]]), 'snr_nli': array([[44.97107912, 44.68606065, 44.546074  , 44.45358849, 44.38264036,
        44.32413859, 44.27375888, 44.22908169, 44.18854298, 44.15116717,
        44.11624141, 44.08323483, 44.05160752, 44.02116461, 43.99170826,
        43.96301723, 43.9349558 , 43.90742071, 43.88026577, 43.85345107,
        43.82692379, 43.80061269, 43.77445148, 43.74843443, 43.72246607,
        43.69647885, 43.6704496 , 43.64431938, 43.61798586, 43.59142004,
        43.56435088, 43.53494554, 43.50734689, 43.47976766, 43.45199001,
        43.42405481, 43.39597202, 43.3677632 , 43.33950375, 43.3112499 ,
        43.28302851, 43.25490767, 43.22684559, 43.19884829, 43.1709174 ,
        43.14305052, 43.11522276, 43.08741497, 43.05958789, 43.0317    ,
        43.00364321, 42.97438138, 42.94628766, 42.91828889, 42.89027645,
        42.86218391, 42.83398382, 42.80568987, 42.7772502 , 42.74867747,
        42.71994685, 42.69101887, 42.66188701, 42.63257705, 42.60307278,
        42.57340714, 42.54359636, 42.51366721, 42.48366535, 42.45375184,
        42.42386704, 42.39398981, 42.36276613, 42.33453094, 42.30843846,
        42.28589656, 42.26973335, 42.26597764, 42.29091798, 42.42130679,
        42.12265502, 41.89728397, 41.7786598 , 41.68952958, 41.61348829,
        41.54448355, 41.47964936, 41.41755152, 41.35718899, 41.29798169,
        41.23952845, 41.18152353, 41.12364418, 41.06585034, 41.00804954,
        40.95015484, 40.89212572, 40.83395146, 40.775557  , 40.71696412,
        40.65815445, 40.59906479, 40.53971066, 40.48012299, 40.42021526,
        40.36003973, 40.29959783, 40.2388687 , 40.17787687, 40.11668328,
        40.05521773, 39.9935215 , 39.93159836, 39.86926032, 39.80531793,
        39.7427753 , 39.68039026, 39.61798868, 39.55548632, 39.49290867,
        39.43020482, 39.36741777, 39.30450931, 39.24147625, 39.17827758,
        39.11493574, 39.05139283, 38.98769935, 38.92386738, 38.85991189,
        38.79584317, 38.73173802, 38.66750704, 38.60316778, 38.53865722,
        38.47358978, 38.40898546, 38.34453307, 38.28011485, 38.21573758,
        38.15144363, 38.08722273, 38.02311543, 37.95919659, 37.89546927,
        37.8319135 , 37.76824191, 37.7056348 , 37.64383616, 37.58309767,
        37.52341739, 37.46508709, 37.4086242 , 37.35479121, 37.30464512,
        37.26128037, 37.228925  , 37.21676925, 37.25037773, 37.45061961,
        36.97394324, 36.62705082, 36.44749128, 36.3138262 , 36.20070811,
        36.09875857, 36.00381169, 35.91365346, 35.82693509, 35.7426908 ,
        35.66030115, 35.57915974, 35.49879915, 35.41918235, 35.34010871,
        35.26146635, 35.18320814, 35.10527557, 35.02757471, 34.95002013,
        34.87256119, 34.79511825, 34.71765953, 34.64018855, 34.5626712 ,
        34.48523941, 34.4079715 , 34.33089794, 34.25410523, 34.17769238,
        34.10162885, 34.0260439 , 33.95098093, 33.87645121, 33.80250186,
        33.7291307 , 33.65628951, 33.58398342, 33.51230144, 33.44175889,
        33.3719786 , 33.30174872, 33.23088621, 33.15994867, 33.08899885,
        33.01805694, 32.94706746, 32.87617563, 32.80527611, 32.73430292,
        32.66328349, 32.59224998, 32.52105356, 32.4497437 , 32.37827692,
        32.3066257 , 32.23485743, 32.16300056, 32.09084552, 32.01847469,
        31.94593585, 31.87327434, 31.80045543, 31.72750689, 31.6543644 ,
        31.58108318, 31.50767922, 31.43414844, 31.36047537, 31.28675379,
        31.21305162, 31.13945266, 31.06606926, 30.99298124, 30.92019291,
        30.84780672, 30.77591612, 30.70452729, 30.6337143 , 30.56358986,
        30.49409316, 30.42535432, 30.35745195, 30.29055647, 30.22427488,
        30.15880305, 30.09459437, 30.03158706, 29.96990431, 29.90966506,
        29.85109347, 29.79445814, 29.73997158, 29.68797662, 29.63890983,
        29.59324285, 29.55164697, 29.51501188, 29.48372025, 29.45866084,
        29.44136945, 29.434177  , 29.44064725, 29.46655402, 29.5223408 ,
        29.62992563, 29.84822584, 30.45972167]]), 'max_oct': np.float64(415.4138509422807)}"
40,25,40,25,125.9,2,2,62.95,"{'P_opt': np.float64(-12.690000000000003), 'gsnr': array([[33.12206127, 33.10161648, 33.09069608, 33.08264414, 33.07599034,
        33.07016143, 33.06487629, 33.05997543, 33.05535428, 33.05094734,
        33.04670622, 33.04259447, 33.03857384, 33.03463125, 33.03075294,
        33.02692309, 33.02313203, 33.01937241, 33.01563334, 33.01191206,
        33.00820469, 33.00450583, 33.00081036, 32.99711792, 32.99342085,
        32.98971357, 32.98599387, 32.98225616, 32.97848972, 32.97467961,
        32.97066328, 32.96679219, 32.96291223, 32.95900803, 32.9550733 ,
        32.9511133 , 32.94712917, 32.94312271, 32.93910019, 32.93506639,
        32.93102353, 32.9269776 , 32.92292493, 32.91886607, 32.91480115,
        32.91072996, 32.90665004, 32.90255924, 32.89845254, 32.89431772,
        32.89005281, 32.88589541, 32.88173567, 32.87756205, 32.87337277,
        32.86916292, 32.86493022, 32.86067608, 32.85639542, 32.85208932,
        32.84775521, 32.843389  , 32.83898977, 32.83455986, 32.83009745,
        32.82560567, 32.82108609, 32.81654145, 32.81197654, 32.80740844,
        32.80283157, 32.79824461, 32.79350026, 32.78906824, 32.78486019,
        32.78103445, 32.77790672, 32.77614592, 32.77753607, 32.79025011,
        33.19233575, 33.1623279 , 33.14543391, 33.13220378, 33.12058202,
        33.10980043, 33.09949134, 33.08947018, 33.07960513, 33.06981909,
        33.06005763, 33.05027806, 33.04043336, 33.03051714, 33.02051475,
        33.01041192, 33.00020099, 32.98987867, 32.97943153, 32.96886101,
        32.95816221, 32.94732293, 32.93634328, 32.9252261 , 32.91395476,
        32.90253551, 32.89096623, 32.87924091, 32.8673612 , 32.85533542,
        32.84314873, 32.83080605, 32.81830585, 32.80561189, 32.79249152,
        32.77951243, 32.76643807, 32.75323556, 32.7398875 , 32.72639731,
        32.71275325, 32.69896222, 32.68501479, 32.67090857, 32.65663315,
        32.64219114, 32.62756813, 32.61277265, 32.59780496, 32.58266626,
        32.56735694, 32.55189223, 32.5362504 , 32.52043375, 32.50442636,
        32.48813275, 32.47179312, 32.45533262, 32.43872338, 32.42196675,
        32.40507255, 32.38803799, 32.37087303, 32.35359699, 32.33621162,
        32.31871362, 32.30102513, 32.28346169, 32.26595963, 32.24859477,
        32.23137538, 32.21439011, 32.19778483, 32.18175741, 32.16681631,
        32.15368775, 32.14365949, 32.139572  , 32.14877767, 32.20529355,
        30.96048499, 30.87584722, 30.82974492, 30.79438079, 30.76373652,
        30.7356156 , 30.70895904, 30.68329909, 30.65823423, 30.63355664,
        30.60912925, 30.58478804, 30.5603874 , 30.53593358, 30.5113641 ,
        30.48665532, 30.46178638, 30.43674283, 30.4115    , 30.3860402 ,
        30.36034064, 30.33437053, 30.30812339, 30.28160067, 30.25479041,
        30.22773222, 30.20044739, 30.17294317, 30.14525289, 30.11741707,
        30.08942938, 30.06134069, 30.03317298, 30.00493781, 29.9766628 ,
        29.94836445, 29.92006459, 29.89195492, 29.86393416, 29.83554755,
        29.80669713, 29.77760958, 29.74831123, 29.71880776, 29.68908221,
        29.65912821, 29.62891569, 29.59850147, 29.56783957, 29.53690082,
        29.50569512, 29.47423492, 29.44245414, 29.41037302, 29.3779701 ,
        29.34523086, 29.3121831 , 29.27883825, 29.24509894, 29.21100092,
        29.17656299, 29.14180421, 29.10670685, 29.07128298, 29.03549996,
        28.99938265, 28.96293699, 28.9261599 , 28.88904257, 28.85163096,
        28.81395896, 28.77606984, 28.73802336, 28.6998642 , 28.66159874,
        28.62328505, 28.58497741, 28.54668513, 28.50845393, 28.47035217,
        28.43235477, 28.39454159, 28.35696482, 28.31973009, 28.28262366,
        28.24576214, 28.2094155 , 28.17356051, 28.13827987, 28.10365479,
        28.06982885, 28.03697396, 28.00523162, 27.97482241, 27.9460243 ,
        27.91913929, 27.89458881, 27.87293428, 27.85444248, 27.83968715,
        27.82962555, 27.82569181, 27.83005458, 27.84618579, 27.8802787 ,
        27.94510818, 28.07418026, 28.42065289]]), 'osnr': array([[33.39805984, 33.39628597, 33.39451745, 33.39275105, 33.39098604,
        33.38922215, 33.38745924, 33.38569723, 33.38393607, 33.38217572,
        33.38041617, 33.37865739, 33.37689936, 33.37514208, 33.37338554,
        33.37162974, 33.36987466, 33.3681203 , 33.36636666, 33.36461373,
        33.36286151, 33.36111   , 33.3593592 , 33.3576091 , 33.35585971,
        33.35411101, 33.352363  , 33.35061569, 33.34886906, 33.34712311,
        33.34537775, 33.34363317, 33.34188928, 33.34014608, 33.33840355,
        33.33666171, 33.33492055, 33.33318008, 33.33144029, 33.32970119,
        33.32796278, 33.32622506, 33.32448803, 33.32275169, 33.32101603,
        33.31928107, 33.31754678, 33.31581319, 33.31408027, 33.31234802,
        33.3106164 , 33.30888552, 33.30715532, 33.30542581, 33.30369697,
        33.3019688 , 33.30024131, 33.29851449, 33.29678834, 33.29506285,
        33.29333804, 33.29161389, 33.2898904 , 33.28816758, 33.28644542,
        33.28472393, 33.28300309, 33.28128293, 33.27956343, 33.2778446 ,
        33.27612645, 33.27440897, 33.27269208, 33.27097602, 33.26926076,
        33.26754638, 33.26583304, 33.26412109, 33.26241148, 33.2607085 ,
        33.75044316, 33.74872368, 33.74701112, 33.74530099, 33.74359228,
        33.74188464, 33.74017789, 33.73847193, 33.73676671, 33.73506217,
        33.73335831, 33.73165509, 33.72995249, 33.72825051, 33.72654914,
        33.72484837, 33.7231482 , 33.72144862, 33.71974962, 33.71805121,
        33.71635339, 33.71465614, 33.71295946, 33.71126336, 33.70956783,
        33.70787286, 33.70617845, 33.70448461, 33.70279133, 33.70109861,
        33.69940644, 33.69771483, 33.69602377, 33.69433325, 33.69264314,
        33.69095373, 33.68926491, 33.68757664, 33.68588893, 33.68420178,
        33.68251517, 33.6808291 , 33.67914358, 33.6774586 , 33.67577414,
        33.67409022, 33.67240683, 33.67072395, 33.66904161, 33.66735978,
        33.66567848, 33.6639977 , 33.66231744, 33.66063769, 33.65895845,
        33.65727966, 33.65560145, 33.65392377, 33.65224662, 33.65056999,
        33.64889388, 33.64721829, 33.64554323, 33.6438687 , 33.64219471,
        33.64052125, 33.63884827, 33.63717596, 33.63550428, 33.63383328,
        33.63216296, 33.63049337, 33.62882461, 33.62715679, 33.62549023,
        33.62382537, 33.62216301, 33.62050491, 33.61885554, 33.6172354 ,
        32.10723578, 32.10551768, 32.1038308 , 32.1021531 , 32.10047973,
        32.09880895, 32.09713987, 32.09547214, 32.0938054 , 32.09213951,
        32.09047433, 32.08880973, 32.08714559, 32.0854819 , 32.0838186 ,
        32.08215568, 32.08049311, 32.07883087, 32.07716894, 32.0755073 ,
        32.07384593, 32.07218478, 32.07052384, 32.06886312, 32.06720259,
        32.06554229, 32.06388223, 32.06222241, 32.06056286, 32.05890361,
        32.05724465, 32.05558603, 32.05392776, 32.05226986, 32.05061235,
        32.04895525, 32.04729856, 32.0456425 , 32.04398695, 32.04233144,
        32.04067587, 32.03902046, 32.03736522, 32.03571017, 32.03405527,
        32.03240052, 32.03074587, 32.02909137, 32.02743698, 32.02578264,
        32.02412837, 32.02247416, 32.02081994, 32.01916571, 32.01751144,
        32.01585711, 32.01420273, 32.01254831, 32.01089372, 32.00923899,
        32.00758413, 32.00592915, 32.00427401, 32.00261872, 32.00096323,
        31.99930755, 31.99765167, 31.99599558, 31.99433925, 31.99268272,
        31.99102603, 31.98936922, 31.98771235, 31.98605549, 31.98439862,
        31.98274182, 31.98108517, 31.97942866, 31.97777235, 31.97611635,
        31.97446062, 31.97280527, 31.97115038, 31.96949611, 31.9678413 ,
        31.96618782, 31.96453525, 31.96288355, 31.96123287, 31.95958336,
        31.95793525, 31.95628884, 31.95464439, 31.95300228, 31.95136299,
        31.94972707, 31.94809526, 31.94646852, 31.94484737, 31.94323281,
        31.94162648, 31.9400308 , 31.93844935, 31.9368878 , 31.93535601,
        31.93387379, 31.93249128, 31.93142363]]), 'snr_nli': array([[45.2281046 , 44.9326096 , 44.79338106, 44.69950366, 44.62733307,
        44.5678249 , 44.51659853, 44.47119329, 44.43001762, 44.3920767 ,
        44.35664437, 44.32317967, 44.29113404, 44.26030811, 44.23049916,
        44.20148295, 44.17312065, 44.14530675, 44.1178928 , 44.09083741,
        44.06408628, 44.03756677, 44.01121131, 43.98501343, 43.95887561,
        43.93272844, 43.90654515, 43.88025821, 43.85373887, 43.82680969,
        43.79751191, 43.77011212, 43.74273686, 43.71520348, 43.68744087,
        43.65951535, 43.63144368, 43.60324998, 43.57500963, 43.54677902,
        43.5185843 , 43.49049361, 43.46246461, 43.43450314, 43.4066104 ,
        43.37878342, 43.35099476, 43.32322093, 43.2954071 , 43.26742187,
        43.23816422, 43.21021503, 43.18237691, 43.15452585, 43.12664378,
        43.09868036, 43.07061372, 43.04246081, 43.01417119, 42.98575896,
        42.95720056, 42.92845749, 42.89952431, 42.87042856, 42.8411555 ,
        42.81174019, 42.78220136, 42.75256901, 42.72289242, 42.6933396 ,
        42.66385508, 42.63442603, 42.6036425 , 42.57599794, 42.55060618,
        42.52892799, 42.51388673, 42.5117151 , 42.53925993, 42.67598702,
        42.3790667 , 42.14816207, 42.0276804 , 41.93769645, 41.861255  ,
        41.79210372, 41.72728423, 41.66531519, 41.60516486, 41.54623501,
        41.48811206, 41.43048142, 41.37301242, 41.31566231, 41.25833504,
        41.2009413 , 41.14343867, 41.08581471, 41.02799308, 40.9699946 ,
        40.91179983, 40.85334514, 40.79464514, 40.73573034, 40.67651398,
        40.61704826, 40.55733452, 40.49735182, 40.437124  , 40.3767117 ,
        40.31604382, 40.25516168, 40.19406955, 40.13258447, 40.06948274,
        40.00782201, 39.94632508, 39.8848224 , 39.82323082, 39.76157609,
        39.69980715, 39.63796728, 39.57601813, 39.5139572 , 39.4517437 ,
        39.38940037, 39.3268694 , 39.26420164, 39.20140806, 39.13850348,
        39.07549853, 39.01246902, 38.94932581, 38.88608763, 38.82269456,
        38.75875215, 38.6952896 , 38.63198629, 38.56872769, 38.5055226 ,
        38.4424135 , 38.37939088, 38.31649573, 38.25380367, 38.19131942,
        38.12902834, 38.06663507, 38.00532447, 37.94483278, 37.88541717,
        37.82708014, 37.77011314, 37.715001  , 37.66239623, 37.61401969,
        37.57230375, 37.54157848, 37.53150667, 37.567542  , 37.77182968,
        37.30440371, 36.95614069, 36.77708104, 36.64439259, 36.53234133,
        36.43166673, 36.33795956, 36.24923351, 36.16386147, 36.08098813,
        36.00004973, 35.92042   , 35.84156626, 35.76348762, 35.68595693,
        35.60888401, 35.53219158, 35.45582627, 35.37970486, 35.30376947,
        35.2279491 , 35.15215162, 35.07636175, 35.00058831, 34.92480041,
        34.84911778, 34.7736023 , 34.69827327, 34.62322205, 34.54855591,
        34.47424899, 34.40043155, 34.32715072, 34.25442397, 34.18231014,
        34.1108368 , 34.04004404, 33.97040462, 33.90163169, 33.83256239,
        33.76296347, 33.6934097 , 33.62396596, 33.55464475, 33.48540385,
        33.41622755, 33.34704495, 33.27799011, 33.20895479, 33.13987291,
        33.07076935, 33.00167389, 32.93243981, 32.86311646, 32.79365992,
        32.72404282, 32.6543299 , 32.58454876, 32.51449512, 32.4442515 ,
        32.37386234, 32.30337104, 32.23274405, 32.16200953, 32.09110434,
        32.02008251, 31.9489587 , 31.87772926, 31.80637935, 31.73500084,
        31.66365947, 31.59243684, 31.52144322, 31.4507572 , 31.38038341,
        31.31042225, 31.24096418, 31.17201495, 31.1036463 , 31.03596893,
        30.9689232 , 30.90263805, 30.83719024, 30.77274875, 30.70892129,
        30.64589712, 30.58412782, 30.52355095, 30.46428679, 30.40645097,
        30.35026271, 30.29598511, 30.24382632, 30.19412358, 30.14730506,
        30.10383378, 30.06436538, 30.02978044, 30.00047233, 29.97733965,
        29.96190961, 29.9564944 , 29.96462617, 29.99202578, 30.04903753,
        30.15736319, 30.37531108, 30.9822418 ]]), 'max_oct': np.float64(419.4351223998142)}"
42,26,42,26,758.0,10,10,75.8,"{'P_opt': np.float64(-14.660000000000002), 'gsnr': array([[31.18617344, 31.17095494, 31.16247823, 31.15605984, 31.15062697,
        31.1456239 , 31.14117945, 31.1370384 , 31.13310612, 31.12933108,
        31.12567615, 31.12211389, 31.11861512, 31.11517022, 31.11176924,
        31.10839993, 31.10505523, 31.1017297 , 31.09841503, 31.09510932,
        31.09180974, 31.08851223, 31.08521285, 31.08191137, 31.07860195,
        31.07528023, 31.07194479, 31.06859199, 31.06521572, 31.06181596,
        31.05838629, 31.05492088, 31.051407  , 31.04774555, 31.04416877,
        31.04058362, 31.03697943, 31.03335545, 31.02971652, 31.02606631,
        31.02240685, 31.01874292, 31.01507167, 31.01139351, 31.00770854,
        31.00401652, 31.00031587, 30.99660516, 30.99288189, 30.98914425,
        30.98539173, 30.98162411, 30.97782632, 30.97393048, 30.97009412,
        30.96624773, 30.96238098, 30.95849285, 30.95457833, 30.95063766,
        30.94666814, 30.94266599, 30.93862993, 30.9345611 , 30.93045731,
        30.9263202 , 30.92214995, 30.91794749, 30.91371541, 30.90946551,
        30.90519395, 30.90091028, 30.896631  , 30.89237828, 30.88809473,
        30.88418107, 30.88074051, 30.87821878, 30.87784064, 30.88522374,
        31.29972048, 31.27730311, 31.26394374, 31.25309732, 31.24333795,
        31.23413215, 31.22522317, 31.21648246, 31.20781675, 31.19917144,
        31.19050762, 31.18179429, 31.17299631, 31.16410917, 31.155122  ,
        31.14602356, 31.13680785, 31.12747244, 31.11800606, 31.10840977,
        31.09867941, 31.08880415, 31.07878394, 31.06862066, 31.05829957,
        31.04782522, 31.03719501, 31.02640315, 31.01545093, 31.00434531,
        30.99307456, 30.98164439, 30.97005875, 30.95831423, 30.94640357,
        30.93433571, 30.92209676, 30.90965375, 30.89683713, 30.88406833,
        30.87117657, 30.858134  , 30.84492494, 30.83154331, 30.81797772,
        30.80422861, 30.79028193, 30.7761435 , 30.76181353, 30.74729225,
        30.73257867, 30.71768682, 30.70259771, 30.68731489, 30.67183911,
        30.65616524, 30.64029234, 30.62423247, 30.60795636, 30.59139864,
        30.57476052, 30.55797032, 30.541017  , 30.52391394, 30.50666381,
        30.48928398, 30.47179701, 30.45422376, 30.43659986, 30.41900856,
        30.40142571, 30.3838509 , 30.36665833, 30.34997832, 30.33409667,
        30.31969051, 30.30790338, 30.30111053, 30.30565077, 30.35095567,
        29.07576559, 28.99951085, 28.95645509, 28.92255507, 28.8926153 ,
        28.86480195, 28.8381956 , 28.81233546, 28.78693293, 28.76178186,
        28.73674323, 28.71167498, 28.68644865, 28.66104618, 28.63545745,
        28.60964091, 28.58357754, 28.55724588, 28.53063221, 28.50370407,
        28.47644182, 28.44881603, 28.42081655, 28.39244475, 28.36368221,
        28.33456779, 28.30512507, 28.27536445, 28.24531953, 28.2150271 ,
        28.18447763, 28.15372275, 28.12278543, 28.09167395, 28.06041474,
        28.02900615, 27.99742198, 27.96564584, 27.93367009, 27.90148132,
        27.8690359 , 27.83635061, 27.80340841, 27.77020092, 27.73671133,
        27.70295098, 27.66895102, 27.63509779, 27.60120583, 27.56651061,
        27.53092396, 27.49480066, 27.4581374 , 27.42097944, 27.38331652,
        27.34513803, 27.30648063, 27.26735979, 27.22766101, 27.18741897,
        27.14665994, 27.1054077 , 27.06363847, 27.02136219, 26.97853958,
        26.9351981 , 26.89134573, 26.84697655, 26.80207696, 26.7566977 ,
        26.71087796, 26.66466692, 26.61813054, 26.5713175 , 26.52423174,
        26.47693923, 26.42950585, 26.38194261, 26.33430485, 26.28667215,
        26.23901407, 26.19141937, 26.14395011, 26.09672236, 26.04951554,
        26.00247669, 25.95589474, 25.9097517 , 25.86414804, 25.81918373,
        25.77503084, 25.73189422, 25.68994223, 25.64943198, 25.6106921 ,
        25.57407819, 25.54009833, 25.5093889 , 25.48219126, 25.45907829,
        25.44109667, 25.42983656, 25.4277149 , 25.4386096 , 25.46945289,
        25.53457994, 25.67171149, 26.05418984]]), 'osnr': array([[31.41945483, 31.41767982, 31.41591065, 31.41414375, 31.41237832,
        31.41061393, 31.40885067, 31.40708837, 31.40532693, 31.40356632,
        31.40180652, 31.40004749, 31.39828923, 31.39653171, 31.39477493,
        31.39301889, 31.39126357, 31.38950898, 31.38775509, 31.38600192,
        31.38424946, 31.38249771, 31.38074665, 31.3789963 , 31.37724664,
        31.37549768, 31.3737494 , 31.37200182, 31.37025491, 31.36850869,
        31.36676313, 31.36501825, 31.36327403, 31.36153039, 31.35978752,
        31.35804533, 31.35630382, 31.35456299, 31.35282285, 31.35108338,
        31.34934461, 31.34760652, 31.34586911, 31.3441324 , 31.34239636,
        31.34066102, 31.33892635, 31.33719237, 31.33545906, 31.33372643,
        31.33199447, 31.33026319, 31.32853258, 31.32680256, 31.32507328,
        31.32334468, 31.32161674, 31.31988947, 31.31816286, 31.31643692,
        31.31471163, 31.31298699, 31.31126301, 31.30953968, 31.307817  ,
        31.30609497, 31.3043736 , 31.30265287, 31.3009328 , 31.29921339,
        31.29749463, 31.29577654, 31.29405913, 31.29234242, 31.29062635,
        31.28891126, 31.28719722, 31.28548461, 31.28377442, 31.28207124,
        31.77180019, 31.7700789 , 31.76836496, 31.76665355, 31.7649436 ,
        31.76323472, 31.76152671, 31.75981949, 31.75811297, 31.75640713,
        31.75470192, 31.75299733, 31.75129332, 31.74958989, 31.74788704,
        31.74618475, 31.74448302, 31.74278185, 31.74108122, 31.73938113,
        31.73768158, 31.73598256, 31.73428408, 31.73258612, 31.73088868,
        31.72919175, 31.72749534, 31.72579944, 31.72410405, 31.72240917,
        31.72071479, 31.71902091, 31.71732754, 31.71563468, 31.71394231,
        31.71225043, 31.71055905, 31.70886812, 31.70717751, 31.70548756,
        31.70379813, 31.70210919, 31.70042074, 31.69873276, 31.69704524,
        31.69535818, 31.69367156, 31.6919854 , 31.69029968, 31.68861441,
        31.68692958, 31.6852452 , 31.68356125, 31.68187774, 31.68019466,
        31.67851201, 31.67682977, 31.67514797, 31.67346657, 31.67178551,
        31.67010497, 31.66842488, 31.66674523, 31.66506602, 31.66338726,
        31.66170896, 31.66003114, 31.65835382, 31.65667703, 31.65500083,
        31.65332522, 31.65165018, 31.64997606, 31.64830298, 31.64663122,
        31.64496141, 31.64329462, 31.6416331 , 31.63998276, 31.63837079,
        30.12832488, 30.12658076, 30.12487791, 30.12318688, 30.12150124,
        30.11981872, 30.11813817, 30.11645901, 30.11478088, 30.11310351,
        30.11142672, 30.10975032, 30.10807413, 30.10639813, 30.1047223 ,
        30.10304657, 30.1013709 , 30.09969527, 30.09801964, 30.09634395,
        30.09466818, 30.09299226, 30.09131618, 30.08963991, 30.08796343,
        30.08628677, 30.08460995, 30.08293298, 30.0812559 , 30.07957876,
        30.07790152, 30.07622425, 30.07454698, 30.07286972, 30.07119249,
        30.06951529, 30.06783807, 30.06616079, 30.06448343, 30.06280596,
        30.06112829, 30.05945044, 30.05777237, 30.05609405, 30.05441545,
        30.05273656, 30.05105742, 30.04937869, 30.04770004, 30.04602014,
        30.04433878, 30.04265657, 30.04097345, 30.0392895 , 30.03760465,
        30.03591886, 30.03423217, 30.03254458, 30.03085583, 30.02916597,
        30.027475  , 30.02578294, 30.0240897 , 30.02239527, 30.02069953,
        30.0190025 , 30.01730415, 30.01560443, 30.01390327, 30.01220072,
        30.01049685, 30.00879169, 30.00708537, 30.00537796, 30.00366943,
        30.00195989, 30.00024948, 29.99853819, 29.99682612, 29.99511345,
        29.99340009, 29.99168623, 29.98997202, 29.98825773, 29.98654198,
        29.98482683, 29.98311215, 29.98139792, 29.97968442, 29.97797194,
        29.97626098, 29.97455213, 29.97284592, 29.97114312, 29.96944473,
        29.96775186, 29.96606607, 29.96438929, 29.96272241, 29.96106722,
        29.95942689, 29.95780615, 29.95621205, 29.95465568, 29.9531564 ,
        29.95175306, 29.95054374, 29.9499479 ]]), 'snr_nli': array([[44.00133423, 43.74944689, 43.62779965, 43.54469661, 43.47979908,
        43.42299298, 43.37615399, 43.33476562, 43.2971356 , 43.26233766,
        43.22971131, 43.19877219, 43.16902224, 43.14028807, 43.11239506,
        43.0851371 , 43.05839367, 43.03207276, 43.00603922, 42.98026008,
        42.95468867, 42.92926014, 42.90391325, 42.87864392, 42.8533637 ,
        42.82800808, 42.80255758, 42.77696041, 42.75112942, 42.72506829,
        42.69868783, 42.67190928, 42.64455581, 42.61521679, 42.58723772,
        42.55927721, 42.53118561, 42.50295519, 42.47465657, 42.4463428 ,
        42.41804259, 42.38982229, 42.36164231, 42.33350832, 42.30542179,
        42.27737943, 42.24936028, 42.22134571, 42.19330354, 42.16521114,
        42.13706375, 42.10885998, 42.08040753, 42.05084205, 42.02218933,
        41.9935545 , 41.96480829, 41.93594035, 41.90689151, 41.87766847,
        41.84824217, 41.8185705 , 41.78864343, 41.75847998, 41.72805906,
        41.69740588, 41.66652779, 41.63544089, 41.60418028, 41.57288769,
        41.54152032, 41.51019041, 41.47908691, 41.44845825, 41.4176492 ,
        41.39116188, 41.37008413, 41.35932387, 41.37251793, 41.47374326,
        41.17131221, 40.97271101, 40.86362315, 40.77930847, 40.70595109,
        40.63844233, 40.57435229, 40.51246914, 40.45193773, 40.39226451,
        40.33310741, 40.27420402, 40.21527041, 40.15627838, 40.09715123,
        40.03781301, 39.97823135, 39.91840291, 39.85825838, 39.79782312,
        39.73708346, 39.67597855, 39.61452763, 39.55276287, 39.49059967,
        39.42809039, 39.36523669, 39.30201917, 39.23846661, 39.17464391,
        39.11049227, 39.04606741, 38.98141166, 38.91651956, 38.85136248,
        38.78601196, 38.720399  , 38.65434474, 38.58687746, 38.52050089,
        38.45420479, 38.38783622, 38.32131774, 38.25462874, 38.18772084,
        38.12061184, 38.05324181, 37.98565826, 37.91787761, 37.84991575,
        37.78178165, 37.71355936, 37.64516554, 37.5766312 , 37.50797234,
        37.43917637, 37.37025117, 37.30126458, 37.23209159, 37.1624494 ,
        37.09326401, 37.02420868, 36.95523723, 36.88641131, 36.81774385,
        36.74930909, 36.68119948, 36.61349603, 36.54633628, 36.48004346,
        36.41449793, 36.34967885, 36.28702927, 36.22699044, 36.17058397,
        36.12028498, 36.08026147, 36.05924667, 36.08095257, 36.25943027,
        35.74679875, 35.40919993, 35.22941922, 35.09279439, 34.97530666,
        34.86855732, 34.76839898, 34.67274818, 34.58031357, 34.49019305,
        34.40178554, 34.31451341, 34.22787992, 34.14180512, 34.05624065,
        33.97103263, 33.88611137, 33.8014026 , 33.7168611 , 33.632383  ,
        33.54791072, 33.4633586 , 33.37870557, 33.29396714, 33.20909765,
        33.12422617, 33.03942963, 32.95474238, 32.87026411, 32.78609853,
        32.70221312, 32.61874755, 32.53575553, 32.45324796, 32.37128394,
        32.28984485, 32.20884811, 32.12824013, 32.04799211, 31.96806168,
        31.88833189, 31.80884138, 31.72954345, 31.65041446, 31.57141119,
        31.4925594 , 31.41393054, 31.33642501, 31.2595813 , 31.18162583,
        31.10239263, 31.02271996, 30.94261506, 30.86219208, 30.78143938,
        30.70034496, 30.61899847, 30.53744106, 30.4554392 , 30.37307862,
        30.29042434, 30.2075338 , 30.12436598, 30.04094884, 29.95721158,
        29.87321699, 29.78898763, 29.70451819, 29.61978879, 29.53490203,
        29.44993495, 29.36498038, 29.28015862, 29.19555411, 29.11116719,
        29.02710958, 28.94348905, 28.86031273, 28.77766538, 28.69567111,
        28.61426041, 28.53357016, 28.45368784, 28.37478971, 28.29648357,
        28.21899859, 28.14279404, 28.06781264, 27.99419243, 27.92206775,
        27.85168643, 27.78334385, 27.71727158, 27.65383829, 27.59351959,
        27.53682653, 27.48450245, 27.43748265, 27.3960818 , 27.36113143,
        27.33419557, 27.31767794, 27.31526906, 27.33295698, 27.38158764,
        27.48395856, 27.70146474, 28.32934724]]), 'max_oct': np.float64(393.41573200172235)}"
25,26,25,26,673.7,9,9,74.85555555555555,"{'P_opt': np.float64(-14.471111111111114), 'gsnr': array([[31.3664672 , 31.35063152, 31.34184295, 31.33518814, 31.32941531,
        31.32444071, 31.31990429, 31.31566632, 31.31164258, 31.3077817 ,
        31.30404575, 31.30040636, 31.29683322, 31.2933164 , 31.28984551,
        31.28640783, 31.28299599, 31.27960432, 31.27622416, 31.27285353,
        31.26948949, 31.26612778, 31.26276432, 31.25939887, 31.25602535,
        31.25263921, 31.24923898, 31.24582088, 31.24237855, 31.23891195,
        31.2354144 , 31.23187983, 31.22829488, 31.22455421, 31.22090418,
        31.21724573, 31.21356767, 31.20986919, 31.20615528, 31.20242978,
        31.19869475, 31.19495518, 31.19120807, 31.18745383, 31.18369258,
        31.17992404, 31.1761465 , 31.17235841, 31.16855701, 31.16474003,
        31.16090574, 31.15704694, 31.15308651, 31.14918899, 31.14528486,
        31.14136161, 31.13741544, 31.1334465 , 31.12944997, 31.12542628,
        31.12137271, 31.11728537, 31.11316298, 31.10900676, 31.10481443,
        31.10058773, 31.09632686, 31.09203276, 31.08770805, 31.08336484,
        31.07899851, 31.07461694, 31.07022483, 31.06573757, 31.06151268,
        31.05755413, 31.05407631, 31.05155901, 31.05128783, 31.05915072,
        31.47085603, 31.44752026, 31.43367139, 31.4224553 , 31.412379  ,
        31.40288394, 31.39370144, 31.38469694, 31.3757729 , 31.36687222,
        31.35795423, 31.34898657, 31.33993256, 31.33078752, 31.32154013,
        31.31217871, 31.30269703, 31.29309259, 31.28335371, 31.27348151,
        31.26347171, 31.2533131 , 31.24300567, 31.23255141, 31.22193508,
        31.21116145, 31.20022788, 31.18912842, 31.17786441, 31.16644305,
        31.15485215, 31.14309749, 31.13118295, 31.11910444, 31.10685306,
        31.09443355, 31.0818044 , 31.06879651, 31.05583968, 31.04276756,
        31.02953585, 31.01614302, 31.00257749, 30.98883454, 30.97490311,
        30.96078405, 30.9464631 , 30.93194648, 30.91723453, 30.90232763,
        30.8872249 , 30.87194094, 30.85645619, 30.84077447, 30.82489665,
        30.80881756, 30.79253638, 30.77606566, 30.7593754 , 30.74239727,
        30.72534093, 30.70813146, 30.69075764, 30.67323342, 30.6555617 ,
        30.63776051, 30.61985325, 30.60186159, 30.58382245, 30.56582181,
        30.54783521, 30.52986132, 30.51228797, 30.49524872, 30.47903886,
        30.4643569 , 30.45238274, 30.44556736, 30.45045216, 30.49742435,
        29.22949582, 29.1508717 , 29.10656185, 29.07170068, 29.04103236,
        29.01254595, 28.98529653, 28.95882102, 28.93282276, 28.90708232,
        28.88145937, 28.85584999, 28.83007993, 28.80412768, 28.77799027,
        28.75162566, 28.72501484, 28.69813499, 28.67096901, 28.643483  ,
        28.61567281, 28.58751161, 28.55897291, 28.53005457, 28.50074289,
        28.47107868, 28.441086  , 28.41077373, 28.38017683, 28.34934212,
        28.31825608, 28.28697592, 28.25551434, 28.22388662, 28.19211518,
        28.16020059, 28.12811654, 28.09584655, 28.06338289, 28.03071197,
        27.99778943, 27.96463239, 27.93122348, 27.8975542 , 27.86360739,
        27.82939425, 27.79494551, 27.76064789, 27.72631062, 27.69117776,
        27.65515822, 27.61860686, 27.58151956, 27.54394221, 27.50586441,
        27.46727559, 27.42821305, 27.3886925 , 27.34859845, 27.30796647,
        27.26682329, 27.22519305, 27.18305212, 27.14041085, 27.09722986,
        27.0535371 , 27.00934084, 26.96463534, 26.91940725, 26.87370819,
        26.827578  , 26.78106663, 26.73424109, 26.68715077, 26.63980002,
        26.59225558, 26.54458386, 26.49679601, 26.44894784, 26.40111944,
        26.35328027, 26.30551985, 26.2579006 , 26.2105396 , 26.16321333,
        26.11606925, 26.06939925, 26.02318459, 25.97752597, 25.93252358,
        25.88835015, 25.84521128, 25.80327593, 25.76280237, 25.7241206 ,
        25.68758763, 25.65371347, 25.62313758, 25.59610531, 25.57319558,
        25.55546302, 25.5445093 , 25.54276881, 25.55414796, 25.58563127,
        25.65166576, 25.79027999, 26.17634281]]), 'osnr': array([[31.60900688, 31.60723184, 31.60546264, 31.60369572, 31.60193015,
        31.60016588, 31.59840264, 31.59664033, 31.59487889, 31.59311829,
        31.59135848, 31.58959946, 31.58784119, 31.58608367, 31.5843269 ,
        31.58257085, 31.58081553, 31.57906094, 31.57730706, 31.57555389,
        31.57380142, 31.57204967, 31.57029862, 31.56854826, 31.56679861,
        31.56504964, 31.56330137, 31.56155378, 31.55980688, 31.55806066,
        31.55631511, 31.55457023, 31.55282601, 31.55108237, 31.5493395 ,
        31.54759731, 31.54585581, 31.54411498, 31.54237484, 31.54063538,
        31.5388966 , 31.53715852, 31.53542112, 31.53368441, 31.53194838,
        31.53021303, 31.52847837, 31.52674439, 31.52501109, 31.52327846,
        31.52154651, 31.51981522, 31.51808454, 31.5163546 , 31.51462533,
        31.51289674, 31.51116881, 31.50944154, 31.50771494, 31.505989  ,
        31.50426372, 31.50253909, 31.50081511, 31.49909179, 31.49736912,
        31.4956471 , 31.49392573, 31.49220501, 31.49048494, 31.48876554,
        31.4870468 , 31.48532871, 31.4836113 , 31.48189448, 31.48017854,
        31.47846348, 31.47674947, 31.47503689, 31.47332674, 31.47162364,
        31.96135267, 31.95963132, 31.95791737, 31.95620595, 31.954496  ,
        31.95278712, 31.95107913, 31.94937191, 31.94766541, 31.94595958,
        31.94425439, 31.94254981, 31.94084582, 31.93914241, 31.93743958,
        31.93573731, 31.9340356 , 31.93233445, 31.93063384, 31.92893377,
        31.92723425, 31.92553526, 31.92383679, 31.92213886, 31.92044145,
        31.91874455, 31.91704817, 31.9153523 , 31.91365694, 31.91196209,
        31.91026775, 31.90857391, 31.90688058, 31.90518775, 31.90349541,
        31.90180357, 31.90011218, 31.89842113, 31.89673074, 31.89504087,
        31.8933515 , 31.89166263, 31.88997423, 31.8882863 , 31.88659884,
        31.88491184, 31.88322528, 31.88153918, 31.87985353, 31.87816832,
        31.87648356, 31.87479925, 31.87311538, 31.87143195, 31.86974895,
        31.86806637, 31.86638422, 31.86470251, 31.8630212 , 31.86134023,
        31.85965978, 31.85797978, 31.85630023, 31.85462113, 31.85294247,
        31.85126429, 31.84958658, 31.84790938, 31.8462327 , 31.84455663,
        31.84288114, 31.84120623, 31.83953225, 31.83785931, 31.83618769,
        31.83451802, 31.83285137, 31.83118998, 31.82953977, 31.82792786,
        30.31788308, 30.31613931, 30.31443672, 30.3127459 , 30.31106058,
        30.30937835, 30.30769808, 30.3060192 , 30.30434134, 30.30266425,
        30.30098773, 30.29931166, 30.2976358 , 30.29596013, 30.29428463,
        30.29260924, 30.29093393, 30.28925866, 30.2875834 , 30.28590809,
        30.28423271, 30.28255722, 30.28088158, 30.27920576, 30.27752973,
        30.27585354, 30.2741772 , 30.27250073, 30.27082416, 30.26914754,
        30.26747084, 30.26579414, 30.26411746, 30.2624408 , 30.26076418,
        30.25908761, 30.25741103, 30.25573441, 30.25405773, 30.25238096,
        30.25070401, 30.2490269 , 30.24734959, 30.24567205, 30.24399425,
        30.24231619, 30.24063789, 30.23896001, 30.23728221, 30.2356032 ,
        30.2339228 , 30.23224158, 30.2305595 , 30.2288766 , 30.22719286,
        30.22550821, 30.2238227 , 30.22213632, 30.22044883, 30.21876027,
        30.21707065, 30.21537998, 30.21368818, 30.21199523, 30.21030103,
        30.20860558, 30.20690887, 30.20521084, 30.20351143, 30.20181069,
        30.20010867, 30.19840544, 30.1967011 , 30.19499572, 30.19328927,
        30.19158189, 30.18987368, 30.18816465, 30.1864549 , 30.1847446 ,
        30.18303367, 30.1813223 , 30.17961062, 30.17789893, 30.17618582,
        30.17447336, 30.17276142, 30.17104996, 30.16933927, 30.16762963,
        30.16592152, 30.16421554, 30.16251219, 30.16081223, 30.15911665,
        30.15742652, 30.15574337, 30.1540691 , 30.15240457, 30.15075157,
        30.14911319, 30.14749406, 30.14590111, 30.1443452 , 30.14284533,
        30.14143956, 30.14022409, 30.13961023]]), 'snr_nli': array([[44.01718781, 43.76357122, 43.64105077, 43.55702786, 43.48890176,
        43.43465291, 43.38802618, 43.34657758, 43.3088448 , 43.27393746,
        43.24120456, 43.21016441, 43.18031909, 43.15149559, 43.12351891,
        43.09618268, 43.06936592, 43.04297628, 43.01687819, 42.99103846,
        42.96541026, 42.93992848, 42.91453168, 42.88921581, 42.86389208,
        42.83849587, 42.81300769, 42.78737562, 42.76151225, 42.73542136,
        42.70901322, 42.68220867, 42.65482955, 42.62543205, 42.59743158,
        42.56945374, 42.54134723, 42.51310392, 42.48479401, 42.45647045,
        42.42816167, 42.39993404, 42.37174767, 42.34360808, 42.31551656,
        42.28746954, 42.25944532, 42.23142436, 42.20337238, 42.17526193,
        42.14707333, 42.11871859, 42.08924527, 42.06070164, 42.03222048,
        42.00364915, 41.97494396, 41.94610963, 41.91709167, 41.88789889,
        41.85850324, 41.82886312, 41.79896881, 41.76883972, 41.73845489,
        41.70783967, 41.67700144, 41.64595605, 41.61473779, 41.58348672,
        41.5521529 , 41.52082616, 41.48955925, 41.45742664, 41.42833171,
        41.40226656, 41.38149546, 41.37111341, 41.38491675, 41.48764364,
        41.18527913, 40.98526151, 40.87565   , 40.79105666, 40.71753109,
        40.64991553, 40.58575738, 40.52383342, 40.46328075, 40.40360129,
        40.34444987, 40.28556168, 40.22665058, 40.16768787, 40.10859607,
        40.04929863, 39.9897628 , 39.92998489, 39.86989524, 39.8095191 ,
        39.74884254, 39.68780451, 39.62642409, 39.5647334 , 39.50264763,
        39.44021916, 39.37744962, 39.31431944, 39.25085709, 39.1871272 ,
        39.12307003, 39.0587404 , 38.99417893, 38.92937667, 38.86429639,
        38.7989834 , 38.73321202, 38.66603423, 38.59994914, 38.53399178,
        38.46791955, 38.40173545, 38.33538821, 38.26886577, 38.20212328,
        38.13518037, 38.067978  , 38.00056443, 37.93295623, 37.86516954,
        37.79721368, 37.72917266, 37.66096308, 37.59261614, 37.52414792,
        37.45554589, 37.38681811, 37.3180326 , 37.2490646 , 37.17962688,
        37.11065444, 37.04181572, 36.97306489, 36.90446388, 36.83602584,
        36.76782519, 36.69995465, 36.63249568, 36.56558638, 36.49955084,
        36.43427081, 36.36972179, 36.30735699, 36.24761583, 36.19152505,
        36.1415677 , 36.10192669, 36.08136753, 36.10368898, 36.28338836,
        35.77233896, 35.43407232, 35.25413454, 35.11742363, 35.00029188,
        34.89384359, 34.79394222, 34.69854955, 34.60637606, 34.51649315,
        34.42831041, 34.34139963, 34.25511112, 34.16935519, 34.08410946,
        33.99922183, 33.91462403, 33.83023853, 33.74601019, 33.66183305,
        33.57769976, 33.49353297, 33.40926018, 33.3248859 , 33.24037995,
        33.15587373, 33.07144337, 32.98711773, 32.90299777, 32.81921269,
        32.73571844, 32.65266606, 32.57007916, 32.48798695, 32.40643593,
        32.32541339, 32.24483775, 32.16465585, 32.08483881, 32.00534418,
        31.92605526, 31.84701018, 31.76816205, 31.689487  , 31.61094142,
        31.53254989, 31.45438112, 31.37731886, 31.30089854, 31.22339982,
        31.14465201, 31.06547693, 30.9858793 , 30.90597201, 30.8257428 ,
        30.74517941, 30.66437082, 30.5833575 , 30.50190738, 30.42010606,
        30.33801788, 30.25569961, 30.17311075, 30.09027916, 30.00713446,
        29.923739  , 29.84011503, 29.75625727, 29.67214618, 29.58788402,
        29.50354756, 29.41922934, 29.33504955, 29.25109251, 29.16735899,
        29.08396035, 29.00100369, 28.91849619, 28.83652217, 28.75520503,
        28.67447593, 28.59447134, 28.51527832, 28.43707286, 28.35946254,
        28.2826747 , 28.20716844, 28.13288623, 28.05996529, 27.98853923,
        27.91885479, 27.85120597, 27.78582359, 27.72307513, 27.66343441,
        27.60741065, 27.5557441 , 27.50936709, 27.46859892, 27.43427402,
        27.40795554, 27.39204429, 27.39022557, 27.40847843, 27.45763186,
        27.56044637, 27.7782126 , 28.40561881]]), 'max_oct': np.float64(395.4242368052775)}"
22,29,22,29,161.3,3,3,53.76666666666667,"{'P_opt': np.float64(-11.353333333333337), 'gsnr': array([[34.4439151 , 34.42057014, 34.40813496, 34.39903396, 34.39156408,
        34.38505791, 34.37918751, 34.37376693, 34.36867478, 34.36383467,
        34.35919048, 34.35470004, 34.35031938, 34.34603327, 34.34182547,
        34.33767801, 34.33357959, 34.32952169, 34.32549183, 34.32148667,
        34.31750162, 34.31353043, 34.30956716, 34.30561124, 34.30165351,
        34.29768688, 34.2937057 , 34.28968737, 34.28540177, 34.28134455,
        34.27728755, 34.27320912, 34.26910542, 34.26497508, 34.26081392,
        34.25662866, 34.25242045, 34.24819116, 34.24394707, 34.23969317,
        34.23543139, 34.23116824, 34.22689945, 34.22262562, 34.21834682,
        34.21406276, 34.20977009, 34.20546508, 34.20113269, 34.19662574,
        34.19227104, 34.18792699, 34.18357245, 34.1792042 , 34.17482219,
        34.17042186, 34.16600129, 34.1615627 , 34.15710089, 34.1526176 ,
        34.14811062, 34.143576  , 34.13901334, 34.13442609, 34.12981302,
        34.12517856, 34.12052557, 34.11585836, 34.11118299, 34.10651853,
        34.10184401, 34.09693313, 34.09238924, 34.0880342 , 34.08395664,
        34.08036838, 34.07765658, 34.0766355 , 34.07947418, 34.09611441,
        34.4927581 , 34.45790353, 34.43894399, 34.42444413, 34.41191867,
        34.40043942, 34.38956329, 34.37906754, 34.36879446, 34.35865202,
        34.34857553, 34.33851494, 34.32841585, 34.31827056, 34.30806176,
        34.29777335, 34.28739654, 34.27692731, 34.26635105, 34.25566927,
        34.2448766 , 34.2339603 , 34.22292042, 34.21176018, 34.20046215,
        34.18903326, 34.17747123, 34.16576919, 34.15392664, 34.14194629,
        34.12978006, 34.11713133, 34.10471771, 34.09222803, 34.0796217 ,
        34.06690667, 34.05407222, 34.04111903, 34.0280364 , 34.01483101,
        34.00149195, 33.98802782, 33.97442947, 33.96069582, 33.94681683,
        33.93279616, 33.91861925, 33.90429553, 33.88982374, 33.87520233,
        33.86041639, 33.84535847, 33.83030545, 33.81513851, 33.79984363,
        33.78441431, 33.76885226, 33.75317634, 33.73737609, 33.72145704,
        33.7054267 , 33.68926224, 33.67283372, 33.65651565, 33.64017027,
        33.62379855, 33.60742481, 33.59107515, 33.57478427, 33.5585913 ,
        33.54268202, 33.52708314, 33.51191712, 33.497531  , 33.48426803,
        33.47288455, 33.4648819 , 33.46308861, 33.47517124, 33.53652765,
        32.30342006, 32.21807957, 32.17270554, 32.1384794 , 32.10920738,
        32.08261185, 32.05761975, 32.03368449, 32.01042519, 31.98762992,
        31.96512637, 31.94278122, 31.92044766, 31.8981223 , 31.87575528,
        31.85331851, 31.83079195, 31.80816333, 31.78541265, 31.76251193,
        31.73944043, 31.71617276, 31.69269794, 31.66901291, 31.64510467,
        31.62101206, 31.59676091, 31.57237198, 31.54790174, 31.52350654,
        31.49906935, 31.47445583, 31.4496217 , 31.4247016 , 31.3997415 ,
        31.37475295, 31.3497225 , 31.32464407, 31.29951265, 31.27431911,
        31.24902653, 31.22364865, 31.19816745, 31.17257371, 31.14684525,
        31.12097406, 31.09493082, 31.06876553, 31.0424365 , 31.01592028,
        30.98922571, 30.96236368, 30.93527609, 30.90798415, 30.88046811,
        30.85271583, 30.82475078, 30.79658378, 30.76813165, 30.73943009,
        30.71049239, 30.68133445, 30.65194222, 30.62232867, 30.59246577,
        30.562376  , 30.53206349, 30.50152685, 30.47075942, 30.43980182,
        30.40868236, 30.37743795, 30.34612092, 30.31477078, 30.28339368,
        30.25204012, 30.22075508, 30.18954595, 30.1584507 , 30.1275289 ,
        30.09675837, 30.06621087, 30.03593076, 30.00601312, 29.97625921,
        29.94676425, 29.91777542, 29.8892686 , 29.86131373, 29.83397853,
        29.80738514, 29.7816806 , 29.75698561, 29.73349151, 29.71143689,
        29.6910817 , 29.67278242, 29.65703636, 29.6441088 , 29.63454742,
        29.62921914, 29.62941594, 29.63710171, 29.65554887, 29.69099478,
        29.75271511, 29.87087258, 30.17947916]]), 'osnr': array([[34.7432317 , 34.7414592 , 34.73969132, 34.73792535, 34.73616069,
        34.73439709, 34.73263443, 34.73087264, 34.72911169, 34.72735154,
        34.72559217, 34.72383357, 34.72207572, 34.72031861, 34.71856224,
        34.71680659, 34.71505168, 34.71329748, 34.711544  , 34.70979124,
        34.70803919, 34.70628784, 34.70453721, 34.70278728, 34.70103805,
        34.69928953, 34.69754169, 34.69579455, 34.69404801, 34.69230225,
        34.69055719, 34.68881282, 34.68706914, 34.68532615, 34.68358384,
        34.68184222, 34.68010129, 34.67836104, 34.67662149, 34.67488262,
        34.67314445, 34.67140697, 34.66967017, 34.66793407, 34.66619866,
        34.66446394, 34.6627299 , 34.66099655, 34.65926388, 34.65753182,
        34.65580052, 34.65406991, 34.65233998, 34.65061073, 34.64888216,
        34.64715426, 34.64542705, 34.64370051, 34.64197465, 34.64024946,
        34.63852495, 34.63680111, 34.63507793, 34.63335543, 34.6316336 ,
        34.62991244, 34.62819195, 34.62647213, 34.62475299, 34.62303453,
        34.62131675, 34.61959955, 34.61788316, 34.61616753, 34.61445267,
        34.61273869, 34.61102572, 34.60931409, 34.60760464, 34.60590124,
        35.09563974, 35.09392206, 35.09221067, 35.09050154, 35.08879378,
        35.08708704, 35.08538119, 35.08367613, 35.08197181, 35.08026819,
        35.07856525, 35.07686298, 35.07516135, 35.07346036, 35.07175999,
        35.07006026, 35.06836114, 35.06666264, 35.06496475, 35.06326748,
        35.06157081, 35.05987475, 35.05817929, 35.05648443, 35.05479017,
        35.0530965 , 35.05140343, 35.04971095, 35.04801906, 35.04632776,
        35.04463703, 35.04294675, 35.04125721, 35.03956828, 35.03787994,
        35.03619219, 35.03450504, 35.03281848, 35.0311325 , 35.02944711,
        35.0277623 , 35.02607807, 35.02439442, 35.02271135, 35.02102885,
        35.01934692, 35.01766556, 35.01598477, 35.01430454, 35.01262488,
        35.01094578, 35.00926719, 35.00758922, 35.00591182, 35.004235  ,
        35.00255874, 35.00088304, 34.99920791, 34.99753335, 34.99585936,
        34.99418593, 34.99251306, 34.99084069, 34.98916897, 34.98749786,
        34.98582735, 34.98415745, 34.98248817, 34.98081952, 34.97915153,
        34.97748427, 34.97581776, 34.97415205, 34.97248729, 34.97082366,
        34.96916148, 34.96750145, 34.96584483, 34.96419509, 34.96256791,
        33.45259505, 33.45089445, 33.44921781, 33.44754832, 33.44588234,
        33.44421852, 33.44255622, 33.44089512, 33.43923498, 33.43757569,
        33.43591713, 33.43425922, 33.43260186, 33.43094506, 33.42928878,
        33.427633  , 33.4259777 , 33.42432288, 33.42266853, 33.42101461,
        33.41936112, 33.41770803, 33.41605533, 33.41440303, 33.4127511 ,
        33.41109957, 33.40944845, 33.40779776, 33.40614753, 33.40449788,
        33.40284871, 33.40119993, 33.39955151, 33.39790353, 33.39625604,
        33.39460904, 33.39296251, 33.39131645, 33.38967085, 33.38802571,
        33.386381  , 33.38473672, 33.38309286, 33.38144941, 33.37980635,
        33.37816367, 33.37652134, 33.3748794 , 33.37323782, 33.37159657,
        33.36995565, 33.36831507, 33.36667479, 33.3650348 , 33.3633951 ,
        33.36175566, 33.3601165 , 33.35847763, 33.35683897, 33.35520054,
        33.35356236, 33.35192442, 33.35028671, 33.34864924, 33.34701198,
        33.34537494, 33.34373811, 33.3421015 , 33.34046508, 33.33882889,
        33.33719296, 33.3355573 , 33.33392197, 33.33228699, 33.33065237,
        33.32901815, 33.32738438, 33.32575106, 33.32411823, 33.32248594,
        33.32085418, 33.31922302, 33.3175925 , 33.31596272, 33.31433265,
        33.31270407, 33.31107639, 33.3094496 , 33.30782377, 33.30619899,
        33.3045754 , 33.30295315, 33.3013324 , 33.29971336, 33.29809631,
        33.29648154, 33.29486948, 33.29326068, 33.29165545, 33.29005443,
        33.28845857, 33.28686931, 33.28528876, 33.28372044, 33.28217088,
        33.28064945, 33.27918615, 33.27790673]]), 'snr_nli': array([[46.20924898, 45.89432085, 45.74512801, 45.64461556, 45.56745636,
        45.50392695, 45.44931362, 45.40097153, 45.35719746, 45.31692277,
        45.27937178, 45.24396775, 45.21013096, 45.17764698, 45.14629526,
        45.11584112, 45.08613506, 45.05706392, 45.02847126, 45.00031055,
        44.9725222 , 44.94502848, 44.91775706, 44.89069854, 44.86374618,
        44.83681836, 44.80985208, 44.78259518, 44.75249099, 44.72507517,
        44.69779204, 44.67040297, 44.64286866, 44.61517712, 44.58728651,
        44.5592729 , 44.53115135, 44.50294398, 44.47471931, 44.44653047,
        44.41839799, 44.39038897, 44.36245821, 44.33461121, 44.3068481 ,
        44.27916525, 44.25152812, 44.22389937, 44.1961294 , 44.16675959,
        44.13904413, 44.11156616, 44.08411614, 44.05666281, 44.02920654,
        44.00170422, 43.97413865, 43.94653275, 43.91883868, 43.89107482,
        43.86322216, 43.83524622, 43.80714583, 43.77895546, 43.75066597,
        43.72232015, 43.69394551, 43.66558191, 43.63728438, 43.60922251,
        43.58120725, 43.55124294, 43.52465333, 43.49983253, 43.47752662,
        43.45953958, 43.4491764 , 43.45344356, 43.49129472, 43.6524718 ,
        43.36623492, 43.11517796, 42.98842175, 42.8959439 , 42.81871917,
        42.74974462, 42.68571529, 42.62497345, 42.56637216, 42.50924588,
        42.45313468, 42.39769179, 42.34255694, 42.28767716, 42.23294192,
        42.1782525 , 42.12355857, 42.06884037, 42.01401621, 41.95910241,
        41.90407475, 41.84886751, 41.79349065, 41.73797201, 41.68222256,
        41.62629205, 41.57017794, 41.51385286, 41.45732504, 41.40061934,
        41.34349272, 41.28441774, 41.22715782, 41.17007452, 41.112962  ,
        41.05586522, 40.99873495, 40.94157975, 40.88435283, 40.82709259,
        40.7697523 , 40.71237908, 40.65493537, 40.59742246, 40.53980057,
        40.48209362, 40.42424304, 40.36629882, 40.30826221, 40.25013327,
        40.19185458, 40.13297754, 40.07468961, 40.016482  , 39.95829817,
        39.90011467, 39.84194205, 39.78385921, 39.72582566, 39.66786516,
        39.61000838, 39.55216768, 39.4938497 , 39.43648813, 39.379543  ,
        39.32300947, 39.26696877, 39.21150555, 39.15673253, 39.10277443,
        39.05027274, 38.99928742, 38.95021205, 38.90420884, 38.86239644,
        38.82728783, 38.80390383, 38.80177993, 38.84725855, 39.06658007,
        38.63932638, 38.2887798 , 38.11293266, 37.98480323, 37.87800159,
        37.78296896, 37.69524619, 37.6125598 , 37.53336032, 37.45677693,
        37.38212154, 37.3088736 , 37.23649122, 37.16493897, 37.09402852,
        37.02365126, 36.95372938, 36.8842132 , 36.81503048, 36.74608675,
        36.67731395, 36.60863234, 36.5400094 , 36.47143783, 36.4028808 ,
        36.33445623, 36.26623927, 36.19828718, 36.13075739, 36.0640851 ,
        35.99791889, 35.93187224, 35.86582207, 35.80013951, 35.73494145,
        35.67024795, 35.60601165, 35.54220637, 35.47880953, 35.41578867,
        35.35304086, 35.29059586, 35.22840205, 35.16643148, 35.10462498,
        35.04296008, 34.98136293, 34.91995446, 34.85863099, 34.79733565,
        34.7360898 , 34.6749189 , 34.6136867 , 34.55244466, 34.49114855,
        34.42977282, 34.36837315, 34.30697512, 34.24539422, 34.18371414,
        34.12196687, 34.06018912, 33.9983517 , 33.93648431, 33.87452836,
        33.81253367, 33.75051015, 33.68845581, 33.62635784, 33.56430078,
        33.5023416 , 33.4405531 , 33.37903695, 33.31786645, 33.25704677,
        33.19667026, 33.13681606, 33.07748824, 33.01874988, 32.96070401,
        32.90329531, 32.84664805, 32.79083198, 32.73601061, 32.68179704,
        32.62835588, 32.57613059, 32.52505734, 32.47524567, 32.42679937,
        32.37991924, 32.3348478 , 32.29177708, 32.25102313, 32.21298254,
        32.17808602, 32.14693188, 32.12036341, 32.09881304, 32.0832129 ,
        32.07505988, 32.07660786, 32.09131943, 32.12503288, 32.18902558,
        32.30055902, 32.51659265, 33.10340429]]), 'max_oct': np.float64(438.0553193913979)}"
29,45,29,45,71.8,1,1,71.8,"{'P_opt': np.float64(-13.96), 'gsnr': array([[31.85998592, 31.84260223, 31.83305236, 31.82587404, 31.81966954,
        31.81435832, 31.80953375, 31.80504092, 31.80078649, 31.79671345,
        31.79277973, 31.78895389, 31.78520247, 31.78151438, 31.77787806,
        31.77427951, 31.77071052, 31.76716483, 31.76363288, 31.76011243,
        31.75660022, 31.75309156, 31.74958194, 31.74607109, 31.7425523 ,
        31.7390206 , 31.73547431, 31.73190917, 31.72831797, 31.7247001 ,
        31.72104619, 31.7173383 , 31.71345505, 31.70968006, 31.70589076,
        31.70207888, 31.69824332, 31.69438507, 31.69051007, 31.68662273,
        31.68272534, 31.67882342, 31.6749137 , 31.67099668, 31.66707251,
        31.66314092, 31.65920006, 31.65524828, 31.65128261, 31.64730062,
        31.64330048, 31.63927427, 31.63513363, 31.63106688, 31.62699404,
        31.62290141, 31.61878488, 31.6146447 , 31.61047568, 31.60627833,
        31.6020498 , 31.59778592, 31.59348538, 31.58914964, 31.5847764 ,
        31.5803677 , 31.575924  , 31.57144662, 31.56693873, 31.56241412,
        31.5578681 , 31.55330995, 31.54874569, 31.54407783, 31.53971269,
        31.53565201, 31.53213678, 31.52970558, 31.52980132, 31.53903415,
        31.94487362, 31.9192002 , 31.90416175, 31.89207873, 31.88127912,
        31.87113756, 31.86135358, 31.85177668, 31.84229807, 31.83285409,
        31.82339951, 31.81389838, 31.80431026, 31.79462997, 31.78484503,
        31.77494274, 31.76491632, 31.75476305, 31.74447036, 31.73403955,
        31.72346603, 31.71273788, 31.70185516, 31.69082017, 31.67961667,
        31.66825001, 31.65671755, 31.6450131 , 31.63313819, 31.62110068,
        31.60888733, 31.59650426, 31.58395519, 31.57123449, 31.55832796,
        31.54521242, 31.53168957, 31.51824824, 31.50468524, 31.49096969,
        31.47708344, 31.46303005, 31.44879891, 31.43438601, 31.41978014,
        31.40498271, 31.38997887, 31.37477574, 31.35937377, 31.34377365,
        31.32797487, 31.31199299, 31.29580735, 31.27942224, 31.26283851,
        31.24605016, 31.22905404, 31.21184736, 31.19434129, 31.17675719,
        31.15902566, 31.14112269, 31.12305369, 31.10483655, 31.08647537,
        31.06798928, 31.04940201, 31.03073214, 31.01199132, 30.99318638,
        30.97459646, 30.95621315, 30.93815613, 30.92064993, 30.90403983,
        30.88907346, 30.87699811, 30.87040778, 30.87645826, 30.92745445,
        29.67443256, 29.59101443, 29.54433201, 29.50788479, 29.47591745,
        29.44627767, 29.41796264, 29.39053232, 29.3636364 , 29.33704196,
        29.31062002, 29.28420882, 29.25763405, 29.23093146, 29.20403405,
        29.17691945, 29.14959082, 29.12201555, 29.09416055, 29.06599775,
        29.0375126 , 29.00869074, 28.97951478, 28.94996615, 28.92002796,
        28.88974716, 28.85915043, 28.82825158, 28.79708894, 28.76570355,
        28.73408764, 28.70230169, 28.67036915, 28.63829711, 28.60610502,
        28.5737879 , 28.54132049, 28.50869088, 28.47589303, 28.44291501,
        28.40971435, 28.37631267, 28.34270042, 28.30888779, 28.27491209,
        28.24107556, 28.20720952, 28.17267428, 28.13732247, 28.10144631,
        28.06512662, 28.02840497, 27.99121725, 27.95358982, 27.91550308,
        27.87694216, 27.83794203, 27.79851692, 27.75855122, 27.71808148,
        27.6771337 , 27.63573169, 27.59385266, 27.55150768, 27.50865795,
        27.46533177, 27.42153742, 27.37726976, 27.33251647, 27.28732979,
        27.24174991, 27.1958272 , 27.14962948, 27.1032068 , 27.05656442,
        27.0097693 , 26.96288711, 26.91592905, 26.86895036, 26.82203042,
        26.77513934, 26.72836662, 26.68177394, 26.63547868, 26.58925339,
        26.54324222, 26.49773938, 26.45272422, 26.4082955 , 26.36455136,
        26.3216619 , 26.2798297 , 26.23922127, 26.20009215, 26.16276804,
        26.12760149, 26.09509454, 26.06588221, 26.0402203 , 26.01869849,
        26.00237352, 25.99284657, 25.99254965, 26.00538507, 26.03833025,
        26.10581876, 26.24584981, 26.6332168 ]]), 'osnr': array([[32.12206922, 32.12029427, 32.11852512, 32.11675824, 32.11499271,
        32.11322847, 32.11146526, 32.10970299, 32.10794158, 32.106181  ,
        32.10442122, 32.10266222, 32.10090398, 32.09914649, 32.09738975,
        32.09563373, 32.09387844, 32.09212388, 32.09037002, 32.08861688,
        32.08686446, 32.08511273, 32.08336171, 32.08161139, 32.07986177,
        32.07811284, 32.07636461, 32.07461706, 32.07287019, 32.07112401,
        32.0693785 , 32.06763365, 32.06588938, 32.06414588, 32.06240306,
        32.06066093, 32.05891948, 32.0571787 , 32.05543861, 32.0536992 ,
        32.05196048, 32.05022245, 32.0484851 , 32.04674844, 32.04501247,
        32.04327718, 32.04154257, 32.03980865, 32.0380754 , 32.03634283,
        32.03461094, 32.03287971, 32.03114909, 32.02941921, 32.02769001,
        32.02596148, 32.02423361, 32.02250642, 32.02077988, 32.01905401,
        32.0173288 , 32.01560424, 32.01388034, 32.01215709, 32.0104345 ,
        32.00871256, 32.00699127, 32.00527064, 32.00355067, 32.00183135,
        32.0001127 , 31.99839472, 31.9966774 , 31.99496069, 31.99324486,
        31.99152991, 31.98981603, 31.98810358, 31.98639357, 31.98469066,
        32.47442051, 32.47269926, 32.47098544, 32.46927417, 32.46756438,
        32.46585566, 32.46414783, 32.46244079, 32.46073447, 32.45902882,
        32.45732381, 32.45561943, 32.45391564, 32.45221244, 32.45050982,
        32.44880777, 32.44710628, 32.44540536, 32.44370499, 32.44200517,
        32.4403059 , 32.43860716, 32.43690897, 32.43521131, 32.43351417,
        32.43181757, 32.43012148, 32.42842592, 32.42673087, 32.42503635,
        32.42334233, 32.42164883, 32.41995585, 32.41826337, 32.41657139,
        32.41487989, 32.41318873, 32.41149824, 32.4098083 , 32.40811886,
        32.40642993, 32.40474149, 32.40305355, 32.40136608, 32.3996791 ,
        32.39799258, 32.39630653, 32.39462094, 32.39293581, 32.39125115,
        32.38956694, 32.3878832 , 32.3861999 , 32.38451706, 32.38283467,
        32.38115272, 32.37947121, 32.37779013, 32.37610941, 32.37442922,
        32.3727495 , 32.37107024, 32.36939143, 32.36771308, 32.3660352 ,
        32.36435781, 32.36268091, 32.36100452, 32.35932864, 32.35765329,
        32.35597868, 32.3543048 , 32.35263176, 32.35095974, 32.34928902,
        32.34762023, 32.34595438, 32.34429363, 32.34264383, 32.34103113,
        30.83099411, 30.82925413, 30.82755394, 30.82586528, 30.82418196,
        30.82250165, 30.82082324, 30.81914626, 30.81747033, 30.81579518,
        30.81412066, 30.8124466 , 30.81077277, 30.80909922, 30.80742586,
        30.80575266, 30.80407962, 30.80240668, 30.80073381, 30.79906096,
        30.7973881 , 30.7957152 , 30.79404223, 30.79236916, 30.79069595,
        30.78902265, 30.78734929, 30.78567586, 30.78400242, 30.782329  ,
        30.78065558, 30.77898225, 30.77730901, 30.77563588, 30.77396287,
        30.77228997, 30.77061714, 30.76894436, 30.7672716 , 30.76559884,
        30.76392602, 30.76225314, 30.7605802 , 30.75890719, 30.75723415,
        30.75556154, 30.7538891 , 30.75221584, 30.75054152, 30.74886656,
        30.74719105, 30.74551505, 30.74383842, 30.74216118, 30.74048329,
        30.73880469, 30.73712542, 30.73544547, 30.73376462, 30.73208291,
        30.73040035, 30.72871695, 30.72703264, 30.72534742, 30.72366118,
        30.72197393, 30.72028566, 30.71859633, 30.71690588, 30.71521437,
        30.71352184, 30.71182835, 30.71013401, 30.70843888, 30.70674295,
        30.70504632, 30.70334912, 30.70165134, 30.69995308, 30.69825449,
        30.69655551, 30.69485631, 30.69315702, 30.69145789, 30.68975759,
        30.68805813, 30.68635932, 30.68466114, 30.68296383, 30.68126766,
        30.67957304, 30.67788052, 30.67619054, 30.67450378, 30.67282113,
        30.67114354, 30.66947237, 30.66780932, 30.66615519, 30.6645116 ,
        30.66288135, 30.6612686 , 30.65967958, 30.65812404, 30.65661906,
        30.65519885, 30.65394988, 30.65324216]]), 'snr_nli': array([[44.18381833, 43.92291738, 43.79720315, 43.71114611, 43.64136228,
        43.58595411, 43.53838358, 43.49614078, 43.45772491, 43.42222037,
        43.38895918, 43.35744657, 43.32717354, 43.2979616 , 43.2696301 ,
        43.24196886, 43.21485321, 43.1881881 , 43.16183524, 43.13575983,
        43.10991361, 43.0842299 , 43.05864597, 43.03315733, 43.00767329,
        42.98212817, 42.95650127, 42.93073841, 42.90474777, 42.87852528,
        42.85195391, 42.82480815, 42.79554172, 42.76780712, 42.74002541,
        42.71209402, 42.68400217, 42.65576573, 42.62746162, 42.59914591,
        42.57084789, 42.54263509, 42.51446748, 42.48635096, 42.45828713,
        42.4302729 , 42.40228605, 42.37430759, 42.34630314, 42.3182455 ,
        42.29011524, 42.2618229 , 42.23235847, 42.20389023, 42.1754951 ,
        42.14701827, 42.11841584, 42.08969334, 42.06079616, 42.03173369,
        42.0024783 , 41.97298861, 41.94325547, 41.91329971, 41.88310134,
        41.85268749, 41.82206761, 41.79126029, 41.76030305, 41.72934264,
        41.69833191, 41.66736774, 41.63651173, 41.6047749 , 41.57626768,
        41.55095489, 41.5311978 , 41.52230476, 41.53865517, 41.64779762,
        41.34575585, 41.13968511, 41.02785469, 40.94209482, 40.86787787,
        40.79983533, 40.73541719, 40.67335072, 40.61274019, 40.55306808,
        40.49397592, 40.435189  , 40.37641212, 40.31761418, 40.25871427,
        40.19963342, 40.14033713, 40.0808202 , 40.02101166, 39.96093612,
        39.90057865, 39.83987762, 39.77885137, 39.71753194, 39.65583394,
        39.59380993, 39.53146165, 39.46876926, 39.40576054, 39.34249967,
        39.27892475, 39.21508889, 39.15102922, 39.0867287 , 39.02212339,
        38.95710323, 38.8906108 , 38.8253337 , 38.76015647, 38.69492041,
        38.62954006, 38.56404548, 38.49839364, 38.43257663, 38.36655139,
        38.30033877, 38.23388018, 38.16722478, 38.10038832, 38.03338687,
        37.96623039, 37.89900179, 37.83161697, 37.76410696, 37.69648627,
        37.62873895, 37.56086219, 37.49285489, 37.42435512, 37.35630401,
        37.28840771, 37.22056966, 37.15281537, 37.08521856, 37.01779557,
        36.95062024, 36.88378055, 36.81734099, 36.75133728, 36.68578552,
        36.62169986, 36.55900864, 36.49810398, 36.43973701, 36.385059  ,
        36.33659541, 36.29854792, 36.27973366, 36.30489984, 36.48973816,
        35.98604311, 35.64523006, 35.46498165, 35.32897544, 35.21271545,
        35.10718561, 35.00822589, 34.91397023, 34.82298897, 34.73434537,
        34.64751127, 34.56187745, 34.47682538, 34.39245782, 34.30853925,
        34.22498868, 34.14180945, 34.05889313, 33.976135  , 33.8934506 ,
        33.81080008, 33.72814586, 33.64544332, 33.56264643, 33.47971609,
        33.39679505, 33.31396277, 33.23125925, 33.14878922, 33.06665974,
        32.98484282, 32.90349112, 32.82265391, 32.74233615, 32.66257378,
        32.58333963, 32.50455711, 32.42618558, 32.34820025, 32.27056303,
        32.19316431, 32.11605023, 32.03919205, 31.96260781, 31.88637695,
        31.81117797, 31.73660341, 31.66121   , 31.58469617, 31.5077342 ,
        31.43051301, 31.35313014, 31.27545451, 31.19755063, 31.1193845 ,
        31.04093307, 30.96227635, 30.88344918, 30.80422352, 30.72468311,
        30.6448879 , 30.56489123, 30.48465392, 30.40420334, 30.32347051,
        30.24251576, 30.16135977, 30.07999734, 29.99841009, 29.91669835,
        29.8349371 , 29.75321711, 29.67165718, 29.59034079, 29.50926996,
        29.42855414, 29.34829722, 29.26850634, 29.18926352, 29.11068936,
        29.03271738, 28.95548242, 28.87906954, 28.80365347, 28.72884116,
        28.65485218, 28.58214462, 28.5106598 , 28.44053147, 28.37188983,
        28.30497638, 28.2400791 , 28.17742476, 28.11737526, 28.0603959 ,
        28.00698731, 27.95787424, 27.91397808, 27.87563573, 27.84369528,
        27.819715  , 27.80608139, 27.80645417, 27.82676887, 27.87777257,
        27.98204665, 28.20037698, 28.82483038]]), 'max_oct': np.float64(401.4089013244675)}"
38,45,38,45,159.3,2,2,79.65,"{'P_opt': np.float64(-15.530000000000003), 'gsnr': array([[30.36610849, 30.35385847, 30.34686055, 30.34145434, 30.3367188 ,
        30.33256608, 30.32873975, 30.32513594, 30.32169187, 30.31836929,
        30.31513985, 30.31198244, 30.30887446, 30.30580847, 30.30277671,
        30.29976968, 30.29678186, 30.29380904, 30.29084473, 30.28788745,
        30.28493499, 30.28198417, 30.27903193, 30.27607807, 30.27311807,
        30.27014854, 30.26716837, 30.26417479, 30.26116313, 30.25813352,
        30.25508142, 30.25200367, 30.24889806, 30.24575525, 30.24250304,
        30.23931364, 30.23611869, 30.23291022, 30.22969077, 30.2264628 ,
        30.22322773, 30.21998921, 30.21674498, 30.21349533, 30.21024034,
        30.20697982, 30.20371255, 30.20043744, 30.19715261, 30.19385674,
        30.19054974, 30.18723234, 30.1838981 , 30.18053955, 30.17710927,
        30.17371765, 30.17031636, 30.16689956, 30.16346249, 30.16000506,
        30.15652504, 30.15301941, 30.14948717, 30.14592917, 30.14234368,
        30.138732  , 30.13509427, 30.13143127, 30.12774508, 30.12404505,
        30.12032856, 30.11660386, 30.11288605, 30.10920371, 30.10560137,
        30.10216199, 30.0989737 , 30.09659912, 30.09591586, 30.10130605,
        30.53193145, 30.51395001, 30.50307416, 30.49416953, 30.48611691,
        30.47849739, 30.47110926, 30.46385138, 30.45665045, 30.44946349,
        30.44225988, 30.43501519, 30.42770178, 30.42031597, 30.41284909,
        30.40529219, 30.39764044, 30.38989182, 30.38203735, 30.37407773,
        30.36600958, 30.35782422, 30.3495215 , 30.34110276, 30.33255624,
        30.32388537, 30.31508793, 30.30615921, 30.29710009, 30.28791594,
        30.27859746, 30.26914908, 30.25957395, 30.24986952, 30.24003061,
        30.23006568, 30.21996822, 30.2097364 , 30.19935675, 30.18880645,
        30.17796378, 30.1671362 , 30.15620209, 30.14513243, 30.13391339,
        30.12254353, 30.11101073, 30.09931896, 30.08746798, 30.07545758,
        30.06328656, 30.05096587, 30.03848009, 30.02583184, 30.01302151,
        30.00004501, 29.98690191, 29.9736036 , 29.96013896, 29.94649367,
        29.93262646, 29.91867636, 29.90460077, 29.89039808, 29.87606826,
        29.86162455, 29.8470848 , 29.83246572, 29.81779609, 29.80314338,
        29.78848935, 29.77384029, 29.75948693, 29.74554275, 29.73224297,
        29.72014152, 29.7101755 , 29.70429832, 29.70770411, 29.74425896,
        28.42510905, 28.36313602, 28.32789973, 28.30003768, 28.2753603 ,
        28.2523812 , 28.2303591 , 28.20892203, 28.18783293, 28.16692101,
        28.14607508, 28.1252115 , 28.10419352, 28.08300499, 28.06163957,
        28.04006495, 28.01826344, 27.99621384, 27.97390503, 27.95132246,
        27.92844893, 27.90525653, 27.88172795, 27.85785988, 27.83363831,
        27.80909756, 27.78425422, 27.75911627, 27.73371092, 27.70807316,
        27.68219266, 27.65610896, 27.62984012, 27.60339408, 27.57678842,
        27.55002232, 27.52307052, 27.49592157, 27.46856955, 27.44100358,
        27.4131873 , 27.38513568, 27.35683611, 27.32828565, 27.29948069,
        27.27046593, 27.24148008, 27.21248836, 27.18279515, 27.15230717,
        27.12131317, 27.0898852 , 27.05798005, 27.02562263, 26.99279765,
        26.95949198, 26.92573403, 26.89153549, 26.85679581, 26.82154308,
        26.7857979 , 26.74957951, 26.71286549, 26.67566329, 26.63793721,
        26.59970978, 26.56098643, 26.52176083, 26.48201934, 26.44180471,
        26.4011494 , 26.36009491, 26.31869738, 26.27699854, 26.23500071,
        26.19276105, 26.15033723, 26.10773846, 26.06501331, 26.02223279,
        25.97936956, 25.93650299, 25.89368879, 25.8510313 , 25.80833435,
        25.76573038, 25.72347868, 25.6815647 , 25.64008031, 25.59911686,
        25.55883062, 25.51940824, 25.48100371, 25.44385161, 25.40825147,
        25.37452829, 25.34314356, 25.31468199, 25.28936617, 25.26772419,
        25.25071097, 25.2397737 , 25.23710833, 25.2462318 , 25.27341656,
        25.3315962 , 25.45467038, 25.79735906]]), 'osnr': array([[30.54676047, 30.54498607, 30.5432172 , 30.54145051, 30.53968515,
        30.53792103, 30.53615793, 30.53439575, 30.53263443, 30.53087393,
        30.52911422, 30.52735529, 30.52559712, 30.5238397 , 30.52208301,
        30.52032705, 30.51857182, 30.51681731, 30.51506351, 30.51331043,
        30.51155805, 30.50980638, 30.50805541, 30.50630514, 30.50455557,
        30.50280669, 30.50105851, 30.49931101, 30.49756419, 30.49581805,
        30.4940726 , 30.49232782, 30.4905837 , 30.48884025, 30.4870974 ,
        30.4853553 , 30.48361388, 30.48187315, 30.48013311, 30.47839375,
        30.47665507, 30.47491709, 30.47317979, 30.47144317, 30.46970724,
        30.467972  , 30.46623744, 30.46450356, 30.46277036, 30.46103784,
        30.45930599, 30.45757482, 30.45584432, 30.45411449, 30.45238527,
        30.45065677, 30.44892894, 30.44720179, 30.44547529, 30.44374946,
        30.44202429, 30.44029977, 30.43857591, 30.43685271, 30.43513015,
        30.43340825, 30.43168701, 30.42996641, 30.42824647, 30.4265272 ,
        30.42480858, 30.42309063, 30.42137336, 30.4196568 , 30.41794099,
        30.41622601, 30.41451195, 30.41279936, 30.4110891 , 30.40938544,
        30.89911575, 30.89739543, 30.89568204, 30.89397106, 30.89226149,
        30.89055297, 30.88884531, 30.88713842, 30.88543223, 30.88372672,
        30.88202184, 30.88031758, 30.87861392, 30.87691084, 30.87520834,
        30.8735064 , 30.87180504, 30.87010423, 30.86840397, 30.86670427,
        30.86500511, 30.8633065 , 30.86160842, 30.85991087, 30.85821385,
        30.85651736, 30.85482139, 30.85312594, 30.85143101, 30.8497366 ,
        30.8480427 , 30.84634931, 30.84465644, 30.84296408, 30.84127223,
        30.83958089, 30.83789005, 30.83619971, 30.83450987, 30.83282048,
        30.83113144, 30.82944304, 30.82775516, 30.82606777, 30.82438086,
        30.82269442, 30.82100844, 30.81932293, 30.81763787, 30.81595327,
        30.81426912, 30.81258544, 30.8109022 , 30.80921941, 30.80753706,
        30.80585516, 30.80417369, 30.80249267, 30.80081207, 30.7991319 ,
        30.7974521 , 30.7957728 , 30.79409398, 30.79241561, 30.79073771,
        30.78906027, 30.78738333, 30.78570689, 30.78403098, 30.78235567,
        30.78068095, 30.77900681, 30.77733357, 30.77566135, 30.7739904 ,
        30.77232131, 30.7706551 , 30.76899387, 30.7673432 , 30.76572841,
        29.25569025, 29.25395197, 29.25225239, 29.25056391, 29.24888053,
        29.24720011, 29.24552156, 29.24384435, 29.24216814, 29.24049267,
        29.23881776, 29.2371433 , 29.23546907, 29.23379504, 29.2321212 ,
        29.23044748, 29.22877386, 29.2271003 , 29.22542676, 29.22375322,
        29.22207965, 29.22040599, 29.21873219, 29.21705825, 29.21538414,
        29.21370989, 29.21203552, 29.21036104, 29.20868649, 29.2070119 ,
        29.20533726, 29.20366262, 29.20198801, 29.20031344, 29.19863891,
        29.19696444, 29.19528995, 29.19361544, 29.19194087, 29.19026621,
        29.1885914 , 29.18691645, 29.18524132, 29.183566  , 29.18189046,
        29.18021479, 29.17853942, 29.17686427, 29.17518803, 29.17351048,
        29.17183214, 29.17015313, 29.16847335, 29.16679281, 29.16511147,
        29.16342927, 29.16174625, 29.1600624 , 29.15837748, 29.15669153,
        29.15500456, 29.15331658, 29.15162751, 29.14993733, 29.14824593,
        29.14655333, 29.1448595 , 29.1431644 , 29.14146794, 29.1397702 ,
        29.13807121, 29.13637103, 29.13466974, 29.13296743, 29.13126406,
        29.12955975, 29.1278546 , 29.12614861, 29.12444189, 29.12273458,
        29.12102661, 29.11931816, 29.11760936, 29.11590048, 29.11419015,
        29.11248041, 29.1107711 , 29.10906219, 29.10735395, 29.10564666,
        29.10394077, 29.10223685, 29.1005354 , 29.09883714, 29.09714302,
        29.09545408, 29.09377178, 29.09209798, 29.09043351, 29.08878008,
        29.08714069, 29.08551984, 29.08392419, 29.0823643 , 29.08085851,
        29.07944366, 29.0782128 , 29.0775639 ]]), 'snr_nli': array([[44.26553729, 44.01368092, 43.89205586, 43.80869516, 43.74140949,
        43.68763035, 43.64141083, 43.60033044, 43.56293736, 43.52834732,
        43.49591335, 43.46515728, 43.43558505, 43.40702407, 43.37930055,
        43.35220896, 43.32562921, 43.29946944, 43.27359499, 43.24797272,
        43.22255589, 43.1972798 , 43.17208339, 43.1469623 , 43.12182873,
        43.09661857, 43.07131274, 43.0458604 , 43.02017643, 42.99426762,
        42.96805352, 42.94148064, 42.91451515, 42.88699221, 42.85760507,
        42.82951044, 42.80145403, 42.77329328, 42.74507586, 42.71684738,
        42.68863372, 42.66049957, 42.63240493, 42.60435511, 42.57635141,
        42.54839053, 42.52045209, 42.49251783, 42.46455673, 42.43654821,
        42.40849223, 42.38040253, 42.35217451, 42.32368899, 42.29417993,
        42.26545149, 42.23671378, 42.20787453, 42.1788608 , 42.14967491,
        42.12028607, 42.09065159, 42.06076111, 42.03063341, 42.00024752,
        41.96962873, 41.93878473, 41.90773225, 41.87650761, 41.84525398,
        41.81393431, 41.78267188, 41.75168685, 41.72138892, 41.69240756,
        41.66590894, 41.64311055, 41.63196115, 41.64489918, 41.74565185,
        41.44323234, 41.2450697 , 41.13615228, 41.05193538, 40.9786432 ,
        40.91118148, 40.84712677, 40.78526943, 40.72475738, 40.66509853,
        40.60595206, 40.5470569 , 40.48813124, 40.42914624, 40.37002551,
        40.31069343, 40.25111773, 40.19129516, 40.13115687, 40.07072802,
        40.0099952 , 39.94889799, 39.88745572, 39.82570032, 39.76354792,
        39.70105057, 39.63820984, 39.57500664, 39.51146996, 39.44766448,
        39.3835329 , 39.31913144, 39.2545035 , 39.18964618, 39.12453656,
        39.05925722, 38.99377418, 38.92809014, 38.86212234, 38.79572482,
        38.72805162, 38.66133267, 38.5946924 , 38.5279368 , 38.46098504,
        38.3938435 , 38.32644792, 38.2588427 , 38.19104296, 38.12306372,
        38.05491297, 37.98667405, 37.91826464, 37.8497157 , 37.78104374,
        37.71223789, 37.64330953, 37.57433746, 37.5052687 , 37.4360353 ,
        37.36642358, 37.29721596, 37.22817596, 37.15929685, 37.0905807 ,
        37.0220982 , 36.95394021, 36.88618717, 36.81897603, 36.75262859,
        36.68703206, 36.6221973 , 36.55949482, 36.4993969 , 36.44292856,
        36.39255871, 36.35245089, 36.33136459, 36.35301978, 36.53057711,
        36.01780516, 35.68089652, 35.50134784, 35.36483803, 35.24742479,
        35.14070267, 35.04054518, 34.94487771, 34.85239674, 34.76218745,
        34.67366031, 34.58638339, 34.49971894, 34.41358393, 34.32794126,
        34.24264745, 34.15762695, 34.07279412, 33.98810812, 33.90351682,
        33.81896052, 33.73434182, 33.64960862, 33.56476382, 33.47977087,
        33.39477001, 33.3098305 , 33.22498759, 33.14034111, 33.05601197,
        32.97196145, 32.88831887, 32.80513577, 32.72242812, 32.64024156,
        32.55856102, 32.4772956 , 32.39640117, 32.31585244, 32.23561022,
        32.15556108, 32.07574784, 31.99613084, 31.91670004, 31.83744369,
        31.75848604, 31.68048412, 31.60331487, 31.52506642, 31.445528  ,
        31.3655129 , 31.28523   , 31.20457993, 31.1236425 , 31.04239196,
        30.96080917, 30.87897893, 30.79694116, 30.71446164, 30.63162505,
        30.54849476, 30.46512809, 30.38148307, 30.29758808, 30.2133721 ,
        30.12889805, 30.04418813, 29.95923752, 29.87402563, 29.78865423,
        29.70319893, 29.61775115, 29.5324292 , 29.4473166 , 29.36241257,
        29.27782767, 29.19366911, 29.10994334, 29.0267342 , 28.94416633,
        28.8621691 , 28.78087956, 28.70038491, 28.6208614 , 28.54191705,
        28.46378155, 28.38691346, 28.31125536, 28.23694539, 28.16411712,
        28.09301716, 28.02394009, 27.95711601, 27.89291209, 27.83180175,
        27.77429429, 27.72112733, 27.67324073, 27.63094486, 27.59507561,
        27.56719564, 27.54970505, 27.54628875, 27.56292594, 27.61044582,
        27.71160832, 27.92770284, 28.55355119]]), 'max_oct': np.float64(385.38139515238566)}"
38,48,38,48,156.7,2,2,78.35,"{'P_opt': np.float64(-15.170000000000002), 'gsnr': array([[30.7036142 , 30.69010835, 30.68248003, 30.67663225, 30.67152911,
        30.66708355, 30.66300344, 30.65917232, 30.65551984, 30.65200315,
        30.64859056, 30.64525838, 30.6419813 , 30.638751  , 30.63555882,
        30.6323941 , 30.62925068, 30.62612383, 30.6230063 , 30.61989643,
        30.61679177, 30.61368875, 30.61058393, 30.60747713, 30.60436326,
        30.60123849, 30.59810162, 30.59494951, 30.59177692, 30.58858399,
        30.58536565, 30.58211829, 30.57883943, 30.57551837, 30.57207057,
        30.56869695, 30.56531727, 30.56192242, 30.5585152 , 30.55509838,
        30.55167355, 30.5482448 , 30.54480958, 30.54136823, 30.5379208 ,
        30.53446707, 30.53100565, 30.52753527, 30.52405373, 30.52055943,
        30.51705192, 30.513531  , 30.50998363, 30.5063535 , 30.50277185,
        30.49918094, 30.49557185, 30.49194367, 30.48829203, 30.48461711,
        30.48091656, 30.47718702, 30.47342739, 30.46963862, 30.46581878,
        30.46196929, 30.45809027, 30.45418254, 30.45024835, 30.44629807,
        30.44232855, 30.43834865, 30.43437456, 30.4304362 , 30.42657246,
        30.42279114, 30.41951835, 30.41705895, 30.41647039, 30.42264768,
        30.84601006, 30.82615504, 30.81420984, 30.80445826, 30.79565458,
        30.78733256, 30.77926773, 30.77134762, 30.76349062, 30.7556489 ,
        30.74778839, 30.73988189, 30.73189857, 30.72383438, 30.71567975,
        30.70742471, 30.6990639 , 30.69059515, 30.68200844, 30.67330462,
        30.66447996, 30.65552479, 30.64643899, 30.63722412, 30.62786706,
        30.6183717 , 30.60873561, 30.59895357, 30.58902661, 30.57896079,
        30.56874573, 30.55838641, 30.54788633, 30.53724259, 30.52644918,
        30.51551512, 30.50443194, 30.4931937 , 30.48176198, 30.47000685,
        30.45827297, 30.44643024, 30.43444143, 30.42229704, 30.40998555,
        30.39750664, 30.3848474 , 30.37201261, 30.35900226, 30.34581632,
        30.33245363, 30.31892654, 30.30521802, 30.29133106, 30.27726625,
        30.26301913, 30.24858934, 30.23398969, 30.21920781, 30.20422753,
        30.18900066, 30.17368773, 30.15823897, 30.14265228, 30.12692758,
        30.11107956, 30.09512798, 30.07909123, 30.0630011 , 30.04693213,
        30.03086285, 30.01479641, 29.99906188, 29.98378029, 29.96920939,
        29.95595927, 29.94506144, 29.93866609, 29.94249307, 29.98285287,
        28.6838997 , 28.61536651, 28.57648271, 28.54577333, 28.51859477,
        28.49330424, 28.46908004, 28.44551028, 28.42233502, 28.39937038,
        28.37649084, 28.35356941, 28.33048915, 28.30723482, 28.28379543,
        28.26013418, 28.2362328 , 28.21207246, 28.18763913, 28.16290386,
        28.13784801, 28.11244463, 28.086684  , 28.06056668, 28.03407565,
        28.00724819, 27.98009889, 27.95263558, 27.92488889, 27.89689829,
        27.86865153, 27.84019466, 27.81154803, 27.78271867, 27.75373035,
        27.72458123, 27.6952471 , 27.66571267, 27.63597076, 27.60600887,
        27.57578649, 27.54531889, 27.51459005, 27.48359192, 27.45230861,
        27.42075038, 27.38894547, 27.35725164, 27.32550827, 27.29298494,
        27.25960845, 27.22570709, 27.19127678, 27.15635873, 27.12094274,
        27.08501809, 27.04861813, 27.01175692, 26.97432644, 26.93635809,
        26.89787561, 26.85890072, 26.81941006, 26.77941223, 26.73886945,
        26.69780678, 26.656231  , 26.61413584, 26.57150742, 26.52839263,
        26.48482743, 26.44085736, 26.39654365, 26.35193163, 26.30702428,
        26.26188347, 26.21657149, 26.1710985 , 26.12551689, 26.07990248,
        26.03422615, 25.98857239, 25.94300058, 25.89762143, 25.85222633,
        25.80695643, 25.76208681, 25.71760146, 25.67359748, 25.63017145,
        25.58748889, 25.54574718, 25.50510879, 25.46582135, 25.42820137,
        25.39259174, 25.35948132, 25.32948444, 25.30283187, 25.28007429,
        25.26221678, 25.25078538, 25.24809825, 25.25787177, 25.28674245,
        25.34841603, 25.47889199, 25.84307902]]), 'osnr': array([[30.90780713, 30.90603237, 30.90426332, 30.9024965 , 30.90073103,
        30.89896682, 30.89720365, 30.89544139, 30.89368   , 30.89191944,
        30.89015967, 30.88840069, 30.88664246, 30.88488498, 30.88312824,
        30.88137223, 30.87961694, 30.87786238, 30.87610853, 30.87435539,
        30.87260296, 30.87085124, 30.86910021, 30.86734989, 30.86560027,
        30.86385133, 30.86210309, 30.86035554, 30.85860866, 30.85686247,
        30.85511695, 30.85337211, 30.85162794, 30.84988443, 30.8481415 ,
        30.84639933, 30.84465785, 30.84291706, 30.84117695, 30.83943752,
        30.83769877, 30.83596072, 30.83422335, 30.83248667, 30.83075067,
        30.82901536, 30.82728073, 30.82554678, 30.82381351, 30.82208092,
        30.820349  , 30.81861775, 30.81688717, 30.8151572 , 30.81342796,
        30.8116994 , 30.8099715 , 30.80824426, 30.80651769, 30.80479178,
        30.80306653, 30.80134194, 30.79961799, 30.7978947 , 30.79617206,
        30.79445008, 30.79272874, 30.79100806, 30.78928802, 30.78756866,
        30.78584994, 30.7841319 , 30.78241453, 30.78069787, 30.77898195,
        30.77726678, 30.77555274, 30.77384011, 30.77212986, 30.77042642,
        31.26015581, 31.25843494, 31.25672123, 31.25500998, 31.25330017,
        31.25159142, 31.24988354, 31.24817643, 31.24647003, 31.24476429,
        31.2430592 , 31.24135471, 31.23965082, 31.23794751, 31.23624477,
        31.2345426 , 31.23284098, 31.23113993, 31.22943941, 31.22773945,
        31.22604003, 31.22434114, 31.22264278, 31.22094495, 31.21924764,
        31.21755085, 31.21585458, 31.21415882, 31.21246357, 31.21076883,
        31.2090746 , 31.20738087, 31.20568766, 31.20399495, 31.20230273,
        31.20061102, 31.19891981, 31.19722908, 31.19553881, 31.19384886,
        31.19215956, 31.19047079, 31.1887825 , 31.18709469, 31.18540734,
        31.18372046, 31.18203403, 31.18034805, 31.17866252, 31.17697743,
        31.1752928 , 31.17360861, 31.17192486, 31.17024155, 31.16855868,
        31.16687623, 31.16519421, 31.16351262, 31.16183146, 31.1601507 ,
        31.15847029, 31.15679039, 31.15511095, 31.15343196, 31.15175342,
        31.15007534, 31.14839775, 31.14672064, 31.14504407, 31.14336809,
        31.14169269, 31.14001787, 31.13834395, 31.13667107, 31.13499948,
        31.1333298 , 31.1316631 , 31.13000157, 31.12835102, 31.12673789,
        29.61669379, 29.61495153, 29.61324964, 29.61155931, 29.60987427,
        29.60819229, 29.60651223, 29.60483355, 29.60315587, 29.60147895,
        29.59980259, 29.59812663, 29.59645087, 29.59477531, 29.5930999 ,
        29.5914246 , 29.58974937, 29.58807417, 29.58639897, 29.58472373,
        29.5830484 , 29.58137293, 29.57969729, 29.57802148, 29.57634545,
        29.57466926, 29.57299291, 29.5713164 , 29.56963977, 29.56796308,
        29.56628629, 29.56460947, 29.56293265, 29.56125582, 29.55957902,
        29.55790224, 29.55622542, 29.55454854, 29.55287157, 29.55119448,
        29.54951718, 29.5478397 , 29.54616199, 29.54448402, 29.54280576,
        29.5411272 , 29.53944838, 29.53776996, 29.53609162, 29.53441201,
        29.53273095, 29.53104902, 29.52936619, 29.52768251, 29.52599792,
        29.52431239, 29.52262595, 29.52093859, 29.51925007, 29.51756042,
        29.51586966, 29.51417778, 29.51248472, 29.51079045, 29.50909486,
        29.50739796, 29.50569972, 29.5040001 , 29.50229901, 29.50059653,
        29.49889268, 29.49718753, 29.49548119, 29.49377372, 29.4920651 ,
        29.49035544, 29.48864486, 29.48693336, 29.48522104, 29.48350808,
        29.48179437, 29.48008013, 29.47836547, 29.4766507 , 29.4749344 ,
        29.47321865, 29.47150331, 29.46978837, 29.4680741 , 29.46636079,
        29.46464894, 29.46293914, 29.46123191, 29.45952803, 29.45782849,
        29.45613441, 29.45444732, 29.4527692 , 29.45110089, 29.4494442 ,
        29.4478023 , 29.4461799 , 29.44458406, 29.44302587, 29.44152468,
        29.44011933, 29.43890787, 29.4383096 ]]), 'snr_nli': array([[44.08274688, 43.83245653, 43.71145467, 43.62844308, 43.56128675,
        43.50765812, 43.46154779, 43.42054565, 43.38320764, 43.34865493,
        43.3162443 , 43.28550021, 43.2559305 , 43.22736418, 43.19962875,
        43.1725196 , 43.14591742, 43.11973102, 43.09382622, 43.0681704 ,
        43.04271725, 43.01740241, 42.99216507, 42.96700117, 42.94182307,
        42.91656676, 42.89121333, 42.86571205, 42.83997784, 42.81401755,
        42.78775074, 42.76112373, 42.73410217, 42.70651851, 42.67701116,
        42.6488553 , 42.6207417 , 42.592525  , 42.56425232, 42.53596906,
        42.507701  , 42.47951272, 42.4513641 , 42.4232603 , 42.39520243,
        42.36718692, 42.33919298, 42.31120174, 42.28318109, 42.25510837,
        42.22697871, 42.19879097, 42.17035589, 42.1408586 , 42.11221817,
        42.08358958, 42.05484593, 42.02597715, 41.9969244 , 41.96769437,
        41.93825805, 41.90857348, 41.87863063, 41.84844827, 41.8180053 ,
        41.7873267 , 41.75641964, 41.7253001 , 41.69400331, 41.66267062,
        41.63126236, 41.59989687, 41.56878431, 41.53830705, 41.50895286,
        41.4808027 , 41.45924304, 41.44805221, 41.460586  , 41.56018958,
        41.25774855, 41.06069502, 40.95218554, 40.86818331, 40.79501843,
        40.72763543, 40.66362895, 40.60179912, 40.54129948, 40.48164145,
        40.42248649, 40.36357499, 40.30462604, 40.24561163, 40.18645596,
        40.12708377, 40.06746311, 40.00759097, 39.94739858, 39.88691132,
        39.82611582, 39.7649516 , 39.70343806, 39.64160725, 39.57937505,
        39.5167936 , 39.45386447, 39.39056843, 39.32693446, 39.26302735,
        39.19878937, 39.13427659, 39.06953207, 39.00455198, 38.93931159,
        38.87389036, 38.80824596, 38.74235523, 38.67598217, 38.60830748,
        38.5416038 , 38.47501764, 38.40831955, 38.34146322, 38.27439233,
        38.20712113, 38.13958837, 38.07184023, 38.0038929 , 37.93576197,
        37.86745591, 37.79905871, 37.73048776, 37.66177414, 37.59293452,
        37.5239579 , 37.45485565, 37.38570691, 37.31645802, 37.24703891,
        37.177223  , 37.1078248 , 37.03859417, 36.96952254, 36.90061124,
        36.83193069, 36.76357151, 36.69561359, 36.62819347, 36.56163286,
        36.49581336, 36.43072966, 36.36778773, 36.30744257, 36.25071274,
        36.20006481, 36.15965554, 36.13822797, 36.15945503, 36.33626839,
        35.8219373 , 35.48522286, 35.30559026, 35.16891693, 35.05129815,
        34.94436011, 34.84397876, 34.74808237, 34.65537921, 34.56497559,
        34.47627031, 34.3886921 , 34.30174219, 34.21534616, 34.12944974,
        34.04390378, 33.95863619, 33.87357656, 33.78867567, 33.70383322,
        33.6189908 , 33.53406393, 33.44903193, 33.36390993, 33.27865355,
        33.1933997 , 33.10820421, 33.02309815, 32.9381831 , 32.85358278,
        32.76925469, 32.68533603, 32.60187947, 32.51889524, 32.436442  ,
        32.35450103, 32.27299023, 32.19185641, 32.11107132, 32.03059315,
        31.95030521, 31.87024675, 31.79037144, 31.71065591, 31.63105722,
        31.55160171, 31.47236049, 31.39423525, 31.31679161, 31.23820127,
        31.15832354, 31.07799802, 30.99723181, 30.91613924, 30.83470905,
        30.75292924, 30.6708897 , 30.58863253, 30.50592314, 30.42284726,
        30.33947022, 30.2558502 , 30.1719455 , 30.08778438, 30.00329563,
        29.91854261, 29.83354803, 29.74830683, 29.66279853, 29.57712578,
        29.49136536, 29.40560986, 29.31997896, 29.23455684, 29.14934306,
        29.06444923, 28.97998358, 28.89595295, 28.81244219, 28.72957629,
        28.64728469, 28.56570471, 28.48492416, 28.4051196 , 28.32589908,
        28.24749378, 28.17036288, 28.09444929, 28.01989192, 27.94682551,
        27.87549854, 27.80620738, 27.73918387, 27.67479723, 27.61352402,
        27.55587643, 27.50259872, 27.45463071, 27.41228107, 27.37638011,
        27.34849227, 27.33102277, 27.32766523, 27.34441334, 27.39212362,
        27.49361629, 27.71035052, 28.33796018]]), 'max_oct': np.float64(388.472115987925)}"
45,48,45,48,74.5,1,1,74.5,"{'P_opt': np.float64(-14.400000000000002), 'gsnr': array([[31.43483282, 31.41877899, 31.40988276, 31.40315367, 31.39731952,
        31.3922969 , 31.3877193 , 31.38344482, 31.37938795, 31.37549654,
        31.37173206, 31.36806571, 31.36446674, 31.36092504, 31.35743007,
        31.35396892, 31.35053411, 31.34711988, 31.34371745, 31.34032479,
        31.33693893, 31.33355554, 31.33017049, 31.32678353, 31.3233885 ,
        31.31998078, 31.3165589 , 31.31311901, 31.30965467, 31.30616586,
        31.30264578, 31.29908827, 31.29547981, 31.29171275, 31.28803854,
        31.28435592, 31.28065354, 31.27693055, 31.27319201, 31.26944179,
        31.26568198, 31.26191764, 31.25814571, 31.25436663, 31.25058049,
        31.24678703, 31.24298453, 31.2391714 , 31.23534485, 31.23150259,
        31.22764287, 31.22375838, 31.21977044, 31.21584691, 31.2119168 ,
        31.20796744, 31.20399498, 31.19999958, 31.19597636, 31.19192575,
        31.18784502, 31.18373024, 31.1795801 , 31.17539587, 31.17117525,
        31.16692003, 31.16263042, 31.15830742, 31.15395371, 31.14958163,
        31.14518653, 31.14077647, 31.13635629, 31.13183957, 31.12759065,
        31.12361316, 31.1201251 , 31.11761433, 31.11738803, 31.12543321,
        31.53623229, 31.5125679 , 31.49854799, 31.48720503, 31.47702142,
        31.46742942, 31.45815596, 31.44906432, 31.44005537, 31.43107112,
        31.42207026, 31.41301992, 31.4038829 , 31.39465444, 31.38532307,
        31.37587696, 31.36630979, 31.35661903, 31.34679288, 31.33683248,
        31.3267335 , 31.31648463, 31.30608586, 31.29553922, 31.28482933,
        31.27396104, 31.2629317 , 31.25173533, 31.2403733 , 31.22885294,
        31.2171619 , 31.20530607, 31.1932894 , 31.1811078 , 31.16875228,
        31.15622766, 31.14349208, 31.1303736 , 31.11730864, 31.10412804,
        31.09078708, 31.07728426, 31.06360789, 31.04975326, 31.03570922,
        31.02147668, 31.00704124, 30.99240925, 30.97758107, 30.96255711,
        30.94733655, 30.93193413, 30.91633013, 30.90052846, 30.88453002,
        30.86832964, 30.85192653, 30.83533343, 30.8185201 , 30.80141727,
        30.78423725, 30.76690401, 30.74940627, 30.7317581 , 30.71396237,
        30.69603706, 30.67800535, 30.65988795, 30.64171834, 30.62355949,
        30.60533394, 30.58737522, 30.56974019, 30.55261673, 30.53632735,
        30.52158149, 30.50957236, 30.50277664, 30.50780323, 30.55535662,
        29.28976439, 29.21038615, 29.16569574, 29.13055821, 29.09966107,
        29.07097151, 29.04353398, 29.01687576, 28.99069783, 28.96480924,
        28.93903736, 28.91327676, 28.8873563 , 28.86125479, 28.83496948,
        28.80845767, 28.7816997 , 28.7546674 , 28.72735011, 28.69973053,
        28.67178752, 28.64348789, 28.61480981, 28.58575176, 28.55629826,
        28.52649483, 28.49636726, 28.46592302, 28.43519303, 28.40422604,
        28.37300734, 28.34159475, 28.31000536, 28.27825869, 28.24637383,
        28.2143496 , 28.1821551 , 28.14977655, 28.11720674, 28.08443222,
        28.05140853, 28.01815288, 27.98464782, 27.95088483, 27.9168466 ,
        27.88254417, 27.84800778, 27.81362207, 27.77919514, 27.74397892,
        27.70788179, 27.67125652, 27.63409844, 27.59645348, 27.55831115,
        27.51966088, 27.4805401 , 27.44096456, 27.40081865, 27.36013826,
        27.31895014, 27.2772785 , 27.23509982, 27.1924246 , 27.14921349,
        27.10549456, 27.06127613, 27.01655256, 26.97131061, 26.92560211,
        26.87946701, 26.83295546, 26.78613466, 26.73905423, 26.6917186 ,
        26.64419469, 26.59654892, 26.54879248, 26.5009812 , 26.4531952 ,
        26.40540397, 26.35769716, 26.31013717, 26.26284127, 26.21558516,
        26.16851609, 26.12192662, 26.07579771, 26.03022994, 25.98532337,
        25.94125062, 25.89821716, 25.85639182, 25.81603285, 25.7774701 ,
        25.74106043, 25.70731349, 25.67686889, 25.6499734 , 25.62720778,
        25.60962805, 25.59883762, 25.59727338, 25.60884582, 25.64054694,
        25.70683995, 25.84579858, 26.23252168]]), 'osnr': array([[31.68037566, 31.67860061, 31.67683142, 31.6750645 , 31.67329893,
        31.67153466, 31.66977143, 31.66800912, 31.66624769, 31.66448708,
        31.66272728, 31.66096825, 31.65920999, 31.65745247, 31.6556957 ,
        31.65393966, 31.65218434, 31.65042975, 31.64867587, 31.6469227 ,
        31.64517024, 31.64341849, 31.64166744, 31.63991709, 31.63816744,
        31.63641848, 31.63467021, 31.63292263, 31.63117573, 31.62942951,
        31.62768396, 31.62593909, 31.62419487, 31.62245124, 31.62070837,
        31.61896619, 31.61722469, 31.61548386, 31.61374373, 31.61200427,
        31.6102655 , 31.60852742, 31.60679003, 31.60505332, 31.6033173 ,
        31.60158196, 31.5998473 , 31.59811332, 31.59638003, 31.5946474 ,
        31.59291546, 31.59118418, 31.5894535 , 31.58772357, 31.58599431,
        31.58426572, 31.5825378 , 31.58081054, 31.57908394, 31.57735801,
        31.57563273, 31.57390811, 31.57218414, 31.57046082, 31.56873816,
        31.56701615, 31.56529479, 31.56357408, 31.56185402, 31.56013463,
        31.55841589, 31.55669782, 31.55498041, 31.5532636 , 31.55154768,
        31.54983263, 31.54811864, 31.54640607, 31.54469594, 31.54299287,
        32.03272198, 32.03100062, 32.02928668, 32.02757527, 32.02586534,
        32.02415648, 32.0224485 , 32.0207413 , 32.01903482, 32.017329  ,
        32.01562383, 32.01391927, 32.0122153 , 32.01051191, 32.0088091 ,
        32.00710685, 32.00540516, 32.00370403, 32.00200344, 32.0003034 ,
        31.9986039 , 31.99690494, 31.9952065 , 31.9935086 , 31.99181121,
        31.99011434, 31.98841799, 31.98672215, 31.98502682, 31.98333201,
        31.9816377 , 31.97994389, 31.97825059, 31.9765578 , 31.9748655 ,
        31.97317369, 31.97148235, 31.96979134, 31.96810099, 31.96641116,
        31.96472184, 31.963033  , 31.96134465, 31.95965677, 31.95796936,
        31.9562824 , 31.9545959 , 31.95290985, 31.95122425, 31.9495391 ,
        31.9478544 , 31.94617015, 31.94448634, 31.94280296, 31.94112002,
        31.93943752, 31.93775543, 31.93607378, 31.93439254, 31.93271165,
        31.93103127, 31.92935135, 31.92767187, 31.92599285, 31.92431428,
        31.92263617, 31.92095855, 31.91928142, 31.91760483, 31.91592881,
        31.9142533 , 31.9125786 , 31.91090475, 31.90923192, 31.9075604 ,
        31.90589082, 31.90422427, 31.90256296, 31.9009128 , 31.89930084,
        30.38925687, 30.38751349, 30.38581114, 30.38412054, 30.38243542,
        30.3807534 , 30.37907332, 30.37739463, 30.37571697, 30.3740401 ,
        30.3723638 , 30.37068795, 30.36901231, 30.36733687, 30.3656616 ,
        30.36398645, 30.36231138, 30.36063635, 30.35896133, 30.35728629,
        30.3556112 , 30.353936  , 30.35226064, 30.35058512, 30.34890939,
        30.34723351, 30.34555751, 30.34388137, 30.34220514, 30.34052887,
        30.33885252, 30.33717619, 30.33549987, 30.3338236 , 30.33214738,
        30.33047122, 30.32879506, 30.32711886, 30.32544262, 30.32376628,
        30.32208979, 30.32041315, 30.31873631, 30.31705927, 30.31538196,
        30.31370441, 30.31202664, 30.31034927, 30.308672  , 30.30699355,
        30.30531374, 30.30363312, 30.30195166, 30.30026942, 30.29858634,
        30.29690238, 30.29521758, 30.29353193, 30.2918452 , 30.29015742,
        30.28846861, 30.28677877, 30.28508782, 30.28339576, 30.28170247,
        30.28000796, 30.27831222, 30.27661519, 30.2749168 , 30.27321713,
        30.2715162 , 30.26981409, 30.2681109 , 30.2664067 , 30.26470148,
        30.26299534, 30.2612884 , 30.25958068, 30.25787227, 30.25616333,
        30.25445379, 30.25274384, 30.25103361, 30.24932338, 30.24761178,
        30.24590084, 30.24419044, 30.24248054, 30.24077142, 30.23906337,
        30.23735686, 30.23565246, 30.2339507 , 30.23225231, 30.23055826,
        30.22886963, 30.22718791, 30.22551499, 30.22385172, 30.22219986,
        30.22056247, 30.21894415, 30.21735171, 30.21579592, 30.21429553,
        30.21288817, 30.2116689 , 30.21104428]]), 'snr_nli': array([[44.03359626, 43.77913229, 43.65623906, 43.5719779 , 43.50365474,
        43.44926939, 43.40253142, 43.36098907, 43.32317552, 43.28819744,
        43.25540188, 43.22430559, 43.19440935, 43.16553951, 43.13752042,
        43.11014528, 43.08329268, 43.05686995, 43.0307412 , 43.00487309,
        42.97921861, 42.9537125 , 42.92829318, 42.90295659, 42.87761374,
        42.85219996, 42.82669572, 42.80104904, 42.77517237, 42.74906956,
        42.7226506 , 42.6958362 , 42.66844771, 42.63902837, 42.61102069,
        42.58303741, 42.55492663, 42.52668003, 42.49836767, 42.47004245,
        42.44173272, 42.41350487, 42.38531892, 42.35718041, 42.32909062,
        42.30104601, 42.27302483, 42.24500756, 42.2169599 , 42.18885444,
        42.16067148, 42.13232282, 42.10284839, 42.07431241, 42.04584026,
        42.01727896, 41.98858478, 41.95976254, 41.93075772, 41.90157921,
        41.87219897, 41.84257542, 41.81269892, 41.78258904, 41.75222492,
        41.72163211, 41.69081823, 41.65979945, 41.62861041, 41.59739197,
        41.56609446, 41.53480852, 41.50358781, 41.47149797, 41.44246965,
        41.41649036, 41.39583564, 41.38562542, 41.39972414, 41.50319809,
        41.20085324, 41.00012499, 40.89025083, 40.80551787, 40.73190823,
        40.6642395 , 40.6000477 , 40.53810382, 40.47754112, 40.41785923,
        40.35871141, 40.29983171, 40.24093287, 40.18198594, 40.12291305,
        40.06363736, 40.00412592, 39.94437487, 39.8843144 , 39.82396969,
        39.7633267 , 39.70232431, 39.64098152, 39.57933048, 39.51728627,
        39.45490135, 39.39217738, 39.32909477, 39.26568199, 39.20200366,
        39.13799993, 39.07372561, 39.00922133, 38.94447821, 38.87945894,
        38.81420891, 38.74850256, 38.68138606, 38.61536973, 38.54948265,
        38.48348232, 38.41737183, 38.35109987, 38.28465445, 38.21799071,
        38.15112831, 38.08400819, 38.01667869, 37.94915626, 37.88145702,
        37.81359037, 37.74564021, 37.67752308, 37.60927025, 37.54089775,
        37.47239307, 37.40376432, 37.33507957, 37.26621419, 37.19687945,
        37.12801292, 37.05928126, 36.99063874, 36.92214709, 36.85381903,
        36.78572809, 36.71796515, 36.65060713, 36.58377745, 36.51770841,
        36.45208297, 36.38815891, 36.32610149, 36.26655801, 36.21064962,
        36.16087805, 36.12143814, 36.101113  , 36.1237445 , 36.30404448,
        35.7938391 , 35.45527274, 35.27531426, 35.13865728, 35.02161294,
        34.91526925, 34.81548068, 34.72018832, 34.62810419, 34.53840981,
        34.45040007, 34.36364525, 34.27751195, 34.19191218, 34.10682424,
        34.02209489, 33.93765393, 33.85340717, 33.76932099, 33.68534226,
        33.60140854, 33.51742338, 33.43332956, 33.34913339, 33.26479947,
        33.18047223, 33.09623188, 33.01210253, 32.92817275, 32.84457631,
        32.76126615, 32.67839399, 32.59599508, 32.51410929, 32.4327734 ,
        32.35196985, 32.27160553, 32.19163467, 32.11202978, 32.03274888,
        31.95367558, 31.87484789, 31.79621886, 31.71776453, 31.63944113,
        31.56127258, 31.48332597, 31.40647544, 31.33025667, 31.25297631,
        31.17446287, 31.09552864, 31.01617682, 30.93651962, 30.85654443,
        30.77623884, 30.69569144, 30.61494243, 30.53376044, 30.45223103,
        30.37041816, 30.2883783 , 30.20607114, 30.12352456, 30.04066835,
        29.95756467, 29.87423561, 29.79067589, 29.70686615, 29.62290845,
        29.53887937, 29.45487127, 29.37100424, 29.2873625 , 29.203947  ,
        29.12086889, 29.03823491, 28.95605226, 28.87440497, 28.79341614,
        28.71301721, 28.63334446, 28.55448473, 28.47661382, 28.39933928,
        28.3228875 , 28.24771746, 28.17377151, 28.10118646, 28.03009551,
        27.96074479, 27.89342763, 27.82837436, 27.76595184, 27.7066329 ,
        27.65092578, 27.59956895, 27.55349346, 27.51302067, 27.47898661,
        27.45295387, 27.43732163, 27.43577226, 27.45427977, 27.50366371,
        27.60666392, 27.82451281, 28.45159427]]), 'max_oct': np.float64(396.2254132347354)}"
46,48,46,48,65.8,1,1,65.8,"{'P_opt': np.float64(-13.160000000000002), 'gsnr': array([[32.66336709, 32.64456109, 32.63410026, 32.62648273, 32.62017802,
        32.61464023, 32.60960671, 32.60492905, 32.60051003, 32.59628888,
        32.59222063, 32.58827149, 32.58440577, 32.58061141, 32.57687571,
        32.57318389, 32.569527  , 32.56589822, 32.56228741, 32.55869204,
        32.55510854, 32.55153189, 32.54795733, 32.54438455, 32.54080644,
        32.53721787, 32.53361699, 32.52999916, 32.52635632, 32.52268594,
        32.51896668, 32.51505784, 32.51127515, 32.50748293, 32.50366391,
        32.49982109, 32.49595505, 32.4920673 , 32.48816382, 32.48424912,
        32.48032537, 32.47639824, 32.47246431, 32.46852411, 32.46457781,
        32.46062521, 32.45666424, 32.45269322, 32.44870874, 32.44470711,
        32.44067884, 32.43653527, 32.43247851, 32.42841753, 32.42434281,
        32.42024831, 32.41613135, 32.41199293, 32.40782809, 32.40363769,
        32.39941914, 32.39516842, 32.39088452, 32.38656943, 32.38222122,
        32.37784258, 32.37343467, 32.36899967, 32.36454165, 32.36007599,
        32.35559686, 32.35110218, 32.34646205, 32.34209605, 32.33792838,
        32.33410324, 32.33090918, 32.32895779, 32.32988024, 32.3411474 ,
        32.74708011, 32.71916811, 32.70325993, 32.69070091, 32.67960784,
        32.66927673, 32.65937032, 32.64971935, 32.64020256, 32.63074904,
        32.62130859, 32.61184174, 32.60230472, 32.59269167, 32.58298899,
        32.5731833 , 32.5632674 , 32.55323825, 32.54308306, 32.53280319,
        32.52239395, 32.51184358, 32.50115217, 32.49032231, 32.47933797,
        32.46820497, 32.45692112, 32.44548057, 32.43388497, 32.42214242,
        32.41023928, 32.3981815 , 32.38597176, 32.37360073, 32.36102858,
        32.34806581, 32.33520986, 32.3222565 , 32.30916226, 32.29592575,
        32.2825341 , 32.26899308, 32.25529315, 32.24143149, 32.2273977 ,
        32.21319395, 32.19880609, 32.18424198, 32.16950193, 32.15458695,
        32.13949724, 32.1242478 , 32.10881814, 32.09321236, 32.07742864,
        32.06144504, 32.0451804 , 32.02887296, 32.01242856, 31.9958333 ,
        31.97909418, 31.9622075 , 31.94518268, 31.9280389 , 31.91078045,
        31.89342318, 31.87596799, 31.85834526, 31.8408667 , 31.8235322 ,
        31.80632763, 31.7893356 , 31.77270538, 31.75665901, 31.74150819,
        31.7281382 , 31.71777469, 31.71304793, 31.72113879, 31.77478304,
        30.52058548, 30.43842305, 30.39328412, 30.35845459, 30.32817696,
        30.30028489, 30.27381057, 30.24823959, 30.22325447, 30.19862426,
        30.17419897, 30.14982408, 30.12537483, 30.10084715, 30.07618754,
        30.05136627, 30.02637154, 30.00118785, 29.97578731, 29.95014381,
        29.92424097, 29.89805267, 29.87156964, 29.84478704, 29.81768791,
        29.79031338, 29.76269547, 29.73484519, 29.7067949 , 29.67858017,
        29.65019243, 29.62168136, 29.59306701, 29.56435836, 29.53557814,
        29.50673114, 29.47780453, 29.44880567, 29.41977541, 29.39092759,
        29.36213195, 29.33288171, 29.30310379, 29.27302276, 29.24266366,
        29.21203432, 29.1811106 , 29.1499534 , 29.11851774, 29.08677408,
        29.05473295, 29.02240758, 28.98973064, 28.9567219 , 28.92335975,
        28.88962918, 28.85555878, 28.82116014, 28.78633279, 28.75111184,
        28.7155173 , 28.67956892, 28.64324783, 28.60656555, 28.5694883 ,
        28.53204124, 28.49423067, 28.45605294, 28.41749839, 28.37861373,
        28.33943378, 28.30000287, 28.2603818 , 28.22061596, 28.18071135,
        28.14072742, 28.10072053, 28.06070035, 28.02071434, 27.98083281,
        27.94102985, 27.90138684, 27.86195772, 27.82284987, 27.78384876,
        27.74507651, 27.70680595, 27.66901495, 27.63178941, 27.59521393,
        27.5594372 , 27.52463701, 27.49095973, 27.45863247, 27.42794232,
        27.39920093, 27.37284524, 27.34945021, 27.32927813, 27.31290262,
        27.30129695, 27.2959231 , 27.29899385, 27.31405302, 27.34742428,
        27.41215702, 27.54249576, 27.89510937]]), 'osnr': array([[32.92564221, 32.92386822, 32.92209946, 32.92033294, 32.91856786,
        32.9168039 , 32.91504093, 32.91327887, 32.91151766, 32.90975727,
        32.90799767, 32.90623885, 32.90448078, 32.90272346, 32.90096688,
        32.89921103, 32.89745591, 32.89570151, 32.89394783, 32.89219486,
        32.8904426 , 32.88869105, 32.8869402 , 32.88519006, 32.88344062,
        32.88169187, 32.87994382, 32.87819646, 32.87644979, 32.8747038 ,
        32.87295848, 32.87121375, 32.86946979, 32.86772653, 32.86598394,
        32.86424204, 32.86250082, 32.86076029, 32.85902044, 32.85728127,
        32.8555428 , 32.85380501, 32.85206791, 32.85033151, 32.84859578,
        32.84686075, 32.8451264 , 32.84339273, 32.84165975, 32.83992744,
        32.83819581, 32.83646479, 32.83473452, 32.83300492, 32.831276  ,
        32.82954776, 32.82782019, 32.82609329, 32.82436706, 32.82264149,
        32.82091659, 32.81919235, 32.81746878, 32.81574586, 32.81402361,
        32.81230202, 32.81058109, 32.80886082, 32.80714122, 32.80542228,
        32.80370402, 32.80198642, 32.80026941, 32.79855324, 32.79683786,
        32.79512335, 32.79340988, 32.79169781, 32.7899881 , 32.7882851 ,
        33.27801869, 33.27629885, 33.27458603, 33.27287565, 33.27116671,
        33.26945884, 33.26775185, 33.26604565, 33.26434018, 33.2626354 ,
        33.26093128, 33.2592278 , 33.25752494, 33.25582268, 33.25412103,
        33.25241997, 33.2507195 , 33.24901962, 33.24732032, 33.24562159,
        33.24392344, 33.24222586, 33.24052884, 33.23883239, 33.23713649,
        33.23544115, 33.23374637, 33.23205213, 33.23035845, 33.22866532,
        33.22697274, 33.2252807 , 33.22358922, 33.22189827, 33.22020784,
        33.21851781, 33.21682847, 33.21513971, 33.21345149, 33.21176382,
        33.21007668, 33.20839008, 33.20670401, 33.20501846, 33.20333343,
        33.20164892, 33.19996492, 33.19828143, 33.19659846, 33.19491599,
        33.19323402, 33.19155257, 33.18987163, 33.18819118, 33.18651123,
        33.18483177, 33.18315273, 33.18147428, 33.17979634, 33.1781189 ,
        33.17644198, 33.17476555, 33.17308964, 33.17141425, 33.16973938,
        33.16806504, 33.16639123, 33.1647179 , 33.16304526, 33.1613733 ,
        33.15970201, 33.15803146, 33.15636173, 33.15469299, 33.15302544,
        33.15135968, 33.14969655, 33.14803784, 33.14638839, 33.14476996,
        31.63476186, 31.63303882, 31.63134893, 31.62966874, 31.62799313,
        31.62632018, 31.62464902, 31.62297918, 31.62131039, 31.61964242,
        31.61797513, 31.61630839, 31.61464206, 31.61297615, 31.61131059,
        31.60964536, 31.60798043, 31.6063158 , 31.60465142, 31.60298726,
        31.60132331, 31.59965952, 31.59799589, 31.5963324 , 31.59466903,
        31.59300581, 31.59134276, 31.5896799 , 31.58801725, 31.58635485,
        31.58469268, 31.58303078, 31.58136918, 31.57970788, 31.57804691,
        31.57638626, 31.57472592, 31.57306589, 31.57140621, 31.56974714,
        31.56808851, 31.56642974, 31.56477073, 31.56311174, 31.56145277,
        31.55979384, 31.5581349 , 31.55647602, 31.55481713, 31.55315819,
        31.55149919, 31.54984016, 31.54818098, 31.54652168, 31.54486221,
        31.54320254, 31.54154269, 31.53988267, 31.53822233, 31.53656169,
        31.53490078, 31.53323959, 31.53157809, 31.52991628, 31.5282541 ,
        31.52659155, 31.52492864, 31.52326534, 31.52160162, 31.51993752,
        31.51827309, 31.51660836, 31.51494341, 31.5132783 , 31.51161304,
        31.50994768, 31.50828232, 31.50661697, 31.50495168, 31.50328658,
        31.50162161, 31.49995691, 31.49829256, 31.49662875, 31.49496428,
        31.49330104, 31.49163867, 31.48997714, 31.4883166 , 31.48665724,
        31.48499932, 31.48334321, 31.48168918, 31.4800377 , 31.47838932,
        31.47674469, 31.47510465, 31.47347035, 31.47184235, 31.4702218 ,
        31.46861059, 31.46701151, 31.46542871, 31.46386873, 31.46234297,
        31.46087433, 31.45952073, 31.45853051]]), 'snr_nli': array([[44.98411672, 44.70048901, 44.56123441, 44.46916242, 44.39852157,
        44.3402668 , 44.29009493, 44.24559791, 44.20521857, 44.16798594,
        44.13319022, 44.10030291, 44.06878593, 44.03844549, 44.0090848 ,
        43.98048326, 43.95250579, 43.92504965, 43.89796905, 43.87122444,
        43.84476322, 43.81851441, 43.7924119 , 43.76645005, 43.74053361,
        43.71459509, 43.68861143, 43.66252385, 43.63623028, 43.60970225,
        43.58267146, 43.55336038, 43.52579386, 43.49824016, 43.47048409,
        43.44256719, 43.41449992, 43.38630407, 43.3580555 , 43.32981062,
        43.30159654, 43.27348141, 43.24542359, 43.2174291 , 43.18949959,
        43.16163266, 43.13380353, 43.10599302, 43.07816197, 43.05026911,
        43.02220776, 42.99297405, 42.96487193, 42.93686056, 42.90883277,
        42.88072236, 42.85250193, 42.82418508, 42.79571985, 42.76711884,
        42.73835707, 42.70939495, 42.68022579, 42.65087511, 42.62132641,
        42.5916123 , 42.5617485 , 42.53176123, 42.50169547, 42.4717112 ,
        42.44174836, 42.41178655, 42.38051784, 42.35216847, 42.32593568,
        42.3032188 , 42.28682668, 42.28274606, 42.30714992, 42.43622851,
        42.1372454 , 41.91302777, 41.79479425, 41.70584655, 41.62989376,
        41.56092507, 41.49609353, 41.4339748 , 41.37357418, 41.31431544,
        41.25580004, 41.19772424, 41.13976694, 41.08188875, 41.02399792,
        40.96600803, 40.90787897, 40.84960045, 40.79109768, 40.73239268,
        40.67346739, 40.61425874, 40.55478258, 40.49507002, 40.43503475,
        40.3747293 , 40.31415543, 40.25329284, 40.19216712, 40.13084096,
        40.06924775, 40.00743688, 39.94543721, 39.88320873, 39.82054352,
        39.75641975, 39.69360029, 39.63094852, 39.56823374, 39.5054568 ,
        39.44255894, 39.37957985, 39.31647973, 39.25325442, 39.18986241,
        39.12632585, 39.0625867 , 38.99869539, 38.93466432, 38.87050881,
        38.80623963, 38.74193524, 38.67750957, 38.61299066, 38.54837922,
        38.48358763, 38.41827555, 38.35348744, 38.28881206, 38.22419284,
        38.15966218, 38.09520719, 38.03086872, 37.96672496, 37.90279158,
        37.83912895, 37.77573669, 37.71234287, 37.65013892, 37.58909237,
        37.52911986, 37.47049906, 37.4137418 , 37.35960636, 37.30914973,
        37.26545107, 37.23273156, 37.22015933, 37.25322603, 37.45246347,
        36.97407382, 36.62760841, 36.4480299 , 36.31422474, 36.20091145,
        36.09873792, 36.00354587, 35.91313121, 35.82614405, 35.74162414,
        35.65895107, 35.57752187, 35.49686712, 35.41695121, 35.33757425,
        35.25862472, 35.18005507, 35.10180787, 35.02378866, 34.94591294,
        34.86813043, 34.790363  , 34.71258744, 34.63479489, 34.55694067,
        34.47915304, 34.40152782, 34.32409586, 34.2469473 , 34.17017704,
        34.09375302, 34.01780452, 33.94237457, 33.86747441, 33.79315139,
        33.71940341, 33.64618247, 33.57349449, 33.50143084, 33.43051733,
        33.36039651, 33.28978846, 33.21852914, 33.14718651, 33.07582539,
        33.00446682, 32.93305529, 32.86173699, 32.79040625, 32.71899676,
        32.64753608, 32.57605692, 32.5044098 , 32.43264435, 32.36071712,
        32.28860051, 32.21636231, 32.14403145, 32.07139711, 31.99854187,
        31.92551392, 31.85235906, 31.77904217, 31.70559115, 31.63194127,
        31.55814816, 31.48422797, 31.41017663, 31.33597837, 31.26172726,
        31.18749139, 31.11335473, 31.03942974, 30.96579633, 30.89245845,
        30.81951882, 30.7470714 , 30.67512223, 30.60374567, 30.53305505,
        30.46298888, 30.3936777 , 30.32520042, 30.25772752, 30.19086611,
        30.12481344, 30.06002287, 29.9964328 , 29.934167  , 29.87334479,
        29.81419107, 29.75697542, 29.7019107 , 29.64934057, 29.5997028 ,
        29.55347021, 29.5113159 , 29.47413235, 29.44229859, 29.41670193,
        29.39887903, 29.39116305, 29.39712166, 29.42253528, 29.47785976,
        29.58504016, 29.80306999, 30.41484213]]), 'max_oct': np.float64(413.4087212521113)}"
